/* Auto-generated by bin2c from build/bin/basename */
#if defined(__has_include)
  #if __has_include(<dunix/types.h>)
    #include <dunix/types.h>
  #else
    #include <stdint.h>
    #include <stddef.h>
  #endif
#else
  #include <stdint.h>
  #include <stddef.h>
#endif

const uint8_t bin_basename_data[] __attribute__((aligned(16))) = {
0x7f, 0x45, 0x4c, 0x46, 0x02, 0x01, 0x01, 0x00, 0x00, 0x00, 0x00, 0x00, 0x00, 0x00, 0x00, 0x00, 
0x02, 0x00, 0x3e, 0x00, 0x01, 0x00, 0x00, 0x00, 0x00, 0x00, 0x40, 0x00, 0x00, 0x00, 0x00, 0x00, 
0x40, 0x00, 0x00, 0x00, 0x00, 0x00, 0x00, 0x00, 0x10, 0x94, 0x00, 0x00, 0x00, 0x00, 0x00, 0x00, 
0x00, 0x00, 0x00, 0x00, 0x40, 0x00, 0x38, 0x00, 0x06, 0x00, 0x40, 0x00, 0x0b, 0x00, 0x0a, 0x00, 
0x01, 0x00, 0x00, 0x00, 0x05, 0x00, 0x00, 0x00, 0x00, 0x00, 0x00, 0x00, 0x00, 0x00, 0x00, 0x00, 
0x00, 0xf0, 0x3f, 0x00, 0x00, 0x00, 0x00, 0x00, 0x00, 0xf0, 0x3f, 0x00, 0x00, 0x00, 0x00, 0x00, 
0x37, 0x5d, 0x00, 0x00, 0x00, 0x00, 0x00, 0x00, 0x37, 0x5d, 0x00, 0x00, 0x00, 0x00, 0x00, 0x00, 
0x00, 0x10, 0x00, 0x00, 0x00, 0x00, 0x00, 0x00, 0x01, 0x00, 0x00, 0x00, 0x04, 0x00, 0x00, 0x00, 
0x00, 0x60, 0x00, 0x00, 0x00, 0x00, 0x00, 0x00, 0x00, 0x50, 0x40, 0x00, 0x00, 0x00, 0x00, 0x00, 
0x00, 0x50, 0x40, 0x00, 0x00, 0x00, 0x00, 0x00, 0xa0, 0x14, 0x00, 0x00, 0x00, 0x00, 0x00, 0x00, 
0xa0, 0x14, 0x00, 0x00, 0x00, 0x00, 0x00, 0x00, 0x00, 0x10, 0x00, 0x00, 0x00, 0x00, 0x00, 0x00, 
0x01, 0x00, 0x00, 0x00, 0x06, 0x00, 0x00, 0x00, 0x00, 0x80, 0x00, 0x00, 0x00, 0x00, 0x00, 0x00, 
0x00, 0x70, 0x40, 0x00, 0x00, 0x00, 0x00, 0x00, 0x00, 0x70, 0x40, 0x00, 0x00, 0x00, 0x00, 0x00, 
0x38, 0x00, 0x00, 0x00, 0x00, 0x00, 0x00, 0x00, 0x00, 0x02, 0x00, 0x00, 0x00, 0x00, 0x00, 0x00, 
0x00, 0x10, 0x00, 0x00, 0x00, 0x00, 0x00, 0x00, 0x04, 0x00, 0x00, 0x00, 0x04, 0x00, 0x00, 0x00, 
0x70, 0x74, 0x00, 0x00, 0x00, 0x00, 0x00, 0x00, 0x70, 0x64, 0x40, 0x00, 0x00, 0x00, 0x00, 0x00, 
0x70, 0x64, 0x40, 0x00, 0x00, 0x00, 0x00, 0x00, 0x30, 0x00, 0x00, 0x00, 0x00, 0x00, 0x00, 0x00, 
0x30, 0x00, 0x00, 0x00, 0x00, 0x00, 0x00, 0x00, 0x08, 0x00, 0x00, 0x00, 0x00, 0x00, 0x00, 0x00, 
0x53, 0xe5, 0x74, 0x64, 0x04, 0x00, 0x00, 0x00, 0x70, 0x74, 0x00, 0x00, 0x00, 0x00, 0x00, 0x00, 
0x70, 0x64, 0x40, 0x00, 0x00, 0x00, 0x00, 0x00, 0x70, 0x64, 0x40, 0x00, 0x00, 0x00, 0x00, 0x00, 
0x30, 0x00, 0x00, 0x00, 0x00, 0x00, 0x00, 0x00, 0x30, 0x00, 0x00, 0x00, 0x00, 0x00, 0x00, 0x00, 
0x08, 0x00, 0x00, 0x00, 0x00, 0x00, 0x00, 0x00, 0x51, 0xe5, 0x74, 0x64, 0x06, 0x00, 0x00, 0x00, 
0x00, 0x00, 0x00, 0x00, 0x00, 0x00, 0x00, 0x00, 0x00, 0x00, 0x00, 0x00, 0x00, 0x00, 0x00, 0x00, 
0x00, 0x00, 0x00, 0x00, 0x00, 0x00, 0x00, 0x00, 0x00, 0x00, 0x00, 0x00, 0x00, 0x00, 0x00, 0x00, 
0x00, 0x00, 0x00, 0x00, 0x00, 0x00, 0x00, 0x00, 0x10, 0x00, 0x00, 0x00, 0x00, 0x00, 0x00, 0x00, 
0x00, 0x00, 0x00, 0x00, 0x00, 0x00, 0x00, 0x00, 0x00, 0x00, 0x00, 0x00, 0x00, 0x00, 0x00, 0x00, 
0x00, 0x00, 0x00, 0x00, 0x00, 0x00, 0x00, 0x00, 0x00, 0x00, 0x00, 0x00, 0x00, 0x00, 0x00, 0x00, 
0x00, 0x00, 0x00, 0x00, 0x00, 0x00, 0x00, 0x00, 0x00, 0x00, 0x00, 0x00, 0x00, 0x00, 0x00, 0x00, 
0x00, 0x00, 0x00, 0x00, 0x00, 0x00, 0x00, 0x00, 0x00, 0x00, 0x00, 0x00, 0x00, 0x00, 0x00, 0x00, 
0x00, 0x00, 0x00, 0x00, 0x00, 0x00, 0x00, 0x00, 0x00, 0x00, 0x00, 0x00, 0x00, 0x00, 0x00, 0x00, 
0x00, 0x00, 0x00, 0x00, 0x00, 0x00, 0x00, 0x00, 0x00, 0x00, 0x00, 0x00, 0x00, 0x00, 0x00, 0x00, 
0x00, 0x00, 0x00, 0x00, 0x00, 0x00, 0x00, 0x00, 0x00, 0x00, 0x00, 0x00, 0x00, 0x00, 0x00, 0x00, 
0x00, 0x00, 0x00, 0x00, 0x00, 0x00, 0x00, 0x00, 0x00, 0x00, 0x00, 0x00, 0x00, 0x00, 0x00, 0x00, 
0x00, 0x00, 0x00, 0x00, 0x00, 0x00, 0x00, 0x00, 0x00, 0x00, 0x00, 0x00, 0x00, 0x00, 0x00, 0x00, 
0x00, 0x00, 0x00, 0x00, 0x00, 0x00, 0x00, 0x00, 0x00, 0x00, 0x00, 0x00, 0x00, 0x00, 0x00, 0x00, 
0x00, 0x00, 0x00, 0x00, 0x00, 0x00, 0x00, 0x00, 0x00, 0x00, 0x00, 0x00, 0x00, 0x00, 0x00, 0x00, 
0x00, 0x00, 0x00, 0x00, 0x00, 0x00, 0x00, 0x00, 0x00, 0x00, 0x00, 0x00, 0x00, 0x00, 0x00, 0x00, 
0x00, 0x00, 0x00, 0x00, 0x00, 0x00, 0x00, 0x00, 0x00, 0x00, 0x00, 0x00, 0x00, 0x00, 0x00, 0x00, 
0x00, 0x00, 0x00, 0x00, 0x00, 0x00, 0x00, 0x00, 0x00, 0x00, 0x00, 0x00, 0x00, 0x00, 0x00, 0x00, 
0x00, 0x00, 0x00, 0x00, 0x00, 0x00, 0x00, 0x00, 0x00, 0x00, 0x00, 0x00, 0x00, 0x00, 0x00, 0x00, 
0x00, 0x00, 0x00, 0x00, 0x00, 0x00, 0x00, 0x00, 0x00, 0x00, 0x00, 0x00, 0x00, 0x00, 0x00, 0x00, 
0x00, 0x00, 0x00, 0x00, 0x00, 0x00, 0x00, 0x00, 0x00, 0x00, 0x00, 0x00, 0x00, 0x00, 0x00, 0x00, 
0x00, 0x00, 0x00, 0x00, 0x00, 0x00, 0x00, 0x00, 0x00, 0x00, 0x00, 0x00, 0x00, 0x00, 0x00, 0x00, 
0x00, 0x00, 0x00, 0x00, 0x00, 0x00, 0x00, 0x00, 0x00, 0x00, 0x00, 0x00, 0x00, 0x00, 0x00, 0x00, 
0x00, 0x00, 0x00, 0x00, 0x00, 0x00, 0x00, 0x00, 0x00, 0x00, 0x00, 0x00, 0x00, 0x00, 0x00, 0x00, 
0x00, 0x00, 0x00, 0x00, 0x00, 0x00, 0x00, 0x00, 0x00, 0x00, 0x00, 0x00, 0x00, 0x00, 0x00, 0x00, 
0x00, 0x00, 0x00, 0x00, 0x00, 0x00, 0x00, 0x00, 0x00, 0x00, 0x00, 0x00, 0x00, 0x00, 0x00, 0x00, 
0x00, 0x00, 0x00, 0x00, 0x00, 0x00, 0x00, 0x00, 0x00, 0x00, 0x00, 0x00, 0x00, 0x00, 0x00, 0x00, 
0x00, 0x00, 0x00, 0x00, 0x00, 0x00, 0x00, 0x00, 0x00, 0x00, 0x00, 0x00, 0x00, 0x00, 0x00, 0x00, 
0x00, 0x00, 0x00, 0x00, 0x00, 0x00, 0x00, 0x00, 0x00, 0x00, 0x00, 0x00, 0x00, 0x00, 0x00, 0x00, 
0x00, 0x00, 0x00, 0x00, 0x00, 0x00, 0x00, 0x00, 0x00, 0x00, 0x00, 0x00, 0x00, 0x00, 0x00, 0x00, 
0x00, 0x00, 0x00, 0x00, 0x00, 0x00, 0x00, 0x00, 0x00, 0x00, 0x00, 0x00, 0x00, 0x00, 0x00, 0x00, 
0x00, 0x00, 0x00, 0x00, 0x00, 0x00, 0x00, 0x00, 0x00, 0x00, 0x00, 0x00, 0x00, 0x00, 0x00, 0x00, 
0x00, 0x00, 0x00, 0x00, 0x00, 0x00, 0x00, 0x00, 0x00, 0x00, 0x00, 0x00, 0x00, 0x00, 0x00, 0x00, 
0x00, 0x00, 0x00, 0x00, 0x00, 0x00, 0x00, 0x00, 0x00, 0x00, 0x00, 0x00, 0x00, 0x00, 0x00, 0x00, 
0x00, 0x00, 0x00, 0x00, 0x00, 0x00, 0x00, 0x00, 0x00, 0x00, 0x00, 0x00, 0x00, 0x00, 0x00, 0x00, 
0x00, 0x00, 0x00, 0x00, 0x00, 0x00, 0x00, 0x00, 0x00, 0x00, 0x00, 0x00, 0x00, 0x00, 0x00, 0x00, 
0x00, 0x00, 0x00, 0x00, 0x00, 0x00, 0x00, 0x00, 0x00, 0x00, 0x00, 0x00, 0x00, 0x00, 0x00, 0x00, 
0x00, 0x00, 0x00, 0x00, 0x00, 0x00, 0x00, 0x00, 0x00, 0x00, 0x00, 0x00, 0x00, 0x00, 0x00, 0x00, 
0x00, 0x00, 0x00, 0x00, 0x00, 0x00, 0x00, 0x00, 0x00, 0x00, 0x00, 0x00, 0x00, 0x00, 0x00, 0x00, 
0x00, 0x00, 0x00, 0x00, 0x00, 0x00, 0x00, 0x00, 0x00, 0x00, 0x00, 0x00, 0x00, 0x00, 0x00, 0x00, 
0x00, 0x00, 0x00, 0x00, 0x00, 0x00, 0x00, 0x00, 0x00, 0x00, 0x00, 0x00, 0x00, 0x00, 0x00, 0x00, 
0x00, 0x00, 0x00, 0x00, 0x00, 0x00, 0x00, 0x00, 0x00, 0x00, 0x00, 0x00, 0x00, 0x00, 0x00, 0x00, 
0x00, 0x00, 0x00, 0x00, 0x00, 0x00, 0x00, 0x00, 0x00, 0x00, 0x00, 0x00, 0x00, 0x00, 0x00, 0x00, 
0x00, 0x00, 0x00, 0x00, 0x00, 0x00, 0x00, 0x00, 0x00, 0x00, 0x00, 0x00, 0x00, 0x00, 0x00, 0x00, 
0x00, 0x00, 0x00, 0x00, 0x00, 0x00, 0x00, 0x00, 0x00, 0x00, 0x00, 0x00, 0x00, 0x00, 0x00, 0x00, 
0x00, 0x00, 0x00, 0x00, 0x00, 0x00, 0x00, 0x00, 0x00, 0x00, 0x00, 0x00, 0x00, 0x00, 0x00, 0x00, 
0x00, 0x00, 0x00, 0x00, 0x00, 0x00, 0x00, 0x00, 0x00, 0x00, 0x00, 0x00, 0x00, 0x00, 0x00, 0x00, 
0x00, 0x00, 0x00, 0x00, 0x00, 0x00, 0x00, 0x00, 0x00, 0x00, 0x00, 0x00, 0x00, 0x00, 0x00, 0x00, 
0x00, 0x00, 0x00, 0x00, 0x00, 0x00, 0x00, 0x00, 0x00, 0x00, 0x00, 0x00, 0x00, 0x00, 0x00, 0x00, 
0x00, 0x00, 0x00, 0x00, 0x00, 0x00, 0x00, 0x00, 0x00, 0x00, 0x00, 0x00, 0x00, 0x00, 0x00, 0x00, 
0x00, 0x00, 0x00, 0x00, 0x00, 0x00, 0x00, 0x00, 0x00, 0x00, 0x00, 0x00, 0x00, 0x00, 0x00, 0x00, 
0x00, 0x00, 0x00, 0x00, 0x00, 0x00, 0x00, 0x00, 0x00, 0x00, 0x00, 0x00, 0x00, 0x00, 0x00, 0x00, 
0x00, 0x00, 0x00, 0x00, 0x00, 0x00, 0x00, 0x00, 0x00, 0x00, 0x00, 0x00, 0x00, 0x00, 0x00, 0x00, 
0x00, 0x00, 0x00, 0x00, 0x00, 0x00, 0x00, 0x00, 0x00, 0x00, 0x00, 0x00, 0x00, 0x00, 0x00, 0x00, 
0x00, 0x00, 0x00, 0x00, 0x00, 0x00, 0x00, 0x00, 0x00, 0x00, 0x00, 0x00, 0x00, 0x00, 0x00, 0x00, 
0x00, 0x00, 0x00, 0x00, 0x00, 0x00, 0x00, 0x00, 0x00, 0x00, 0x00, 0x00, 0x00, 0x00, 0x00, 0x00, 
0x00, 0x00, 0x00, 0x00, 0x00, 0x00, 0x00, 0x00, 0x00, 0x00, 0x00, 0x00, 0x00, 0x00, 0x00, 0x00, 
0x00, 0x00, 0x00, 0x00, 0x00, 0x00, 0x00, 0x00, 0x00, 0x00, 0x00, 0x00, 0x00, 0x00, 0x00, 0x00, 
0x00, 0x00, 0x00, 0x00, 0x00, 0x00, 0x00, 0x00, 0x00, 0x00, 0x00, 0x00, 0x00, 0x00, 0x00, 0x00, 
0x00, 0x00, 0x00, 0x00, 0x00, 0x00, 0x00, 0x00, 0x00, 0x00, 0x00, 0x00, 0x00, 0x00, 0x00, 0x00, 
0x00, 0x00, 0x00, 0x00, 0x00, 0x00, 0x00, 0x00, 0x00, 0x00, 0x00, 0x00, 0x00, 0x00, 0x00, 0x00, 
0x00, 0x00, 0x00, 0x00, 0x00, 0x00, 0x00, 0x00, 0x00, 0x00, 0x00, 0x00, 0x00, 0x00, 0x00, 0x00, 
0x00, 0x00, 0x00, 0x00, 0x00, 0x00, 0x00, 0x00, 0x00, 0x00, 0x00, 0x00, 0x00, 0x00, 0x00, 0x00, 
0x00, 0x00, 0x00, 0x00, 0x00, 0x00, 0x00, 0x00, 0x00, 0x00, 0x00, 0x00, 0x00, 0x00, 0x00, 0x00, 
0x00, 0x00, 0x00, 0x00, 0x00, 0x00, 0x00, 0x00, 0x00, 0x00, 0x00, 0x00, 0x00, 0x00, 0x00, 0x00, 
0x00, 0x00, 0x00, 0x00, 0x00, 0x00, 0x00, 0x00, 0x00, 0x00, 0x00, 0x00, 0x00, 0x00, 0x00, 0x00, 
0x00, 0x00, 0x00, 0x00, 0x00, 0x00, 0x00, 0x00, 0x00, 0x00, 0x00, 0x00, 0x00, 0x00, 0x00, 0x00, 
0x00, 0x00, 0x00, 0x00, 0x00, 0x00, 0x00, 0x00, 0x00, 0x00, 0x00, 0x00, 0x00, 0x00, 0x00, 0x00, 
0x00, 0x00, 0x00, 0x00, 0x00, 0x00, 0x00, 0x00, 0x00, 0x00, 0x00, 0x00, 0x00, 0x00, 0x00, 0x00, 
0x00, 0x00, 0x00, 0x00, 0x00, 0x00, 0x00, 0x00, 0x00, 0x00, 0x00, 0x00, 0x00, 0x00, 0x00, 0x00, 
0x00, 0x00, 0x00, 0x00, 0x00, 0x00, 0x00, 0x00, 0x00, 0x00, 0x00, 0x00, 0x00, 0x00, 0x00, 0x00, 
0x00, 0x00, 0x00, 0x00, 0x00, 0x00, 0x00, 0x00, 0x00, 0x00, 0x00, 0x00, 0x00, 0x00, 0x00, 0x00, 
0x00, 0x00, 0x00, 0x00, 0x00, 0x00, 0x00, 0x00, 0x00, 0x00, 0x00, 0x00, 0x00, 0x00, 0x00, 0x00, 
0x00, 0x00, 0x00, 0x00, 0x00, 0x00, 0x00, 0x00, 0x00, 0x00, 0x00, 0x00, 0x00, 0x00, 0x00, 0x00, 
0x00, 0x00, 0x00, 0x00, 0x00, 0x00, 0x00, 0x00, 0x00, 0x00, 0x00, 0x00, 0x00, 0x00, 0x00, 0x00, 
0x00, 0x00, 0x00, 0x00, 0x00, 0x00, 0x00, 0x00, 0x00, 0x00, 0x00, 0x00, 0x00, 0x00, 0x00, 0x00, 
0x00, 0x00, 0x00, 0x00, 0x00, 0x00, 0x00, 0x00, 0x00, 0x00, 0x00, 0x00, 0x00, 0x00, 0x00, 0x00, 
0x00, 0x00, 0x00, 0x00, 0x00, 0x00, 0x00, 0x00, 0x00, 0x00, 0x00, 0x00, 0x00, 0x00, 0x00, 0x00, 
0x00, 0x00, 0x00, 0x00, 0x00, 0x00, 0x00, 0x00, 0x00, 0x00, 0x00, 0x00, 0x00, 0x00, 0x00, 0x00, 
0x00, 0x00, 0x00, 0x00, 0x00, 0x00, 0x00, 0x00, 0x00, 0x00, 0x00, 0x00, 0x00, 0x00, 0x00, 0x00, 
0x00, 0x00, 0x00, 0x00, 0x00, 0x00, 0x00, 0x00, 0x00, 0x00, 0x00, 0x00, 0x00, 0x00, 0x00, 0x00, 
0x00, 0x00, 0x00, 0x00, 0x00, 0x00, 0x00, 0x00, 0x00, 0x00, 0x00, 0x00, 0x00, 0x00, 0x00, 0x00, 
0x00, 0x00, 0x00, 0x00, 0x00, 0x00, 0x00, 0x00, 0x00, 0x00, 0x00, 0x00, 0x00, 0x00, 0x00, 0x00, 
0x00, 0x00, 0x00, 0x00, 0x00, 0x00, 0x00, 0x00, 0x00, 0x00, 0x00, 0x00, 0x00, 0x00, 0x00, 0x00, 
0x00, 0x00, 0x00, 0x00, 0x00, 0x00, 0x00, 0x00, 0x00, 0x00, 0x00, 0x00, 0x00, 0x00, 0x00, 0x00, 
0x00, 0x00, 0x00, 0x00, 0x00, 0x00, 0x00, 0x00, 0x00, 0x00, 0x00, 0x00, 0x00, 0x00, 0x00, 0x00, 
0x00, 0x00, 0x00, 0x00, 0x00, 0x00, 0x00, 0x00, 0x00, 0x00, 0x00, 0x00, 0x00, 0x00, 0x00, 0x00, 
0x00, 0x00, 0x00, 0x00, 0x00, 0x00, 0x00, 0x00, 0x00, 0x00, 0x00, 0x00, 0x00, 0x00, 0x00, 0x00, 
0x00, 0x00, 0x00, 0x00, 0x00, 0x00, 0x00, 0x00, 0x00, 0x00, 0x00, 0x00, 0x00, 0x00, 0x00, 0x00, 
0x00, 0x00, 0x00, 0x00, 0x00, 0x00, 0x00, 0x00, 0x00, 0x00, 0x00, 0x00, 0x00, 0x00, 0x00, 0x00, 
0x00, 0x00, 0x00, 0x00, 0x00, 0x00, 0x00, 0x00, 0x00, 0x00, 0x00, 0x00, 0x00, 0x00, 0x00, 0x00, 
0x00, 0x00, 0x00, 0x00, 0x00, 0x00, 0x00, 0x00, 0x00, 0x00, 0x00, 0x00, 0x00, 0x00, 0x00, 0x00, 
0x00, 0x00, 0x00, 0x00, 0x00, 0x00, 0x00, 0x00, 0x00, 0x00, 0x00, 0x00, 0x00, 0x00, 0x00, 0x00, 
0x00, 0x00, 0x00, 0x00, 0x00, 0x00, 0x00, 0x00, 0x00, 0x00, 0x00, 0x00, 0x00, 0x00, 0x00, 0x00, 
0x00, 0x00, 0x00, 0x00, 0x00, 0x00, 0x00, 0x00, 0x00, 0x00, 0x00, 0x00, 0x00, 0x00, 0x00, 0x00, 
0x00, 0x00, 0x00, 0x00, 0x00, 0x00, 0x00, 0x00, 0x00, 0x00, 0x00, 0x00, 0x00, 0x00, 0x00, 0x00, 
0x00, 0x00, 0x00, 0x00, 0x00, 0x00, 0x00, 0x00, 0x00, 0x00, 0x00, 0x00, 0x00, 0x00, 0x00, 0x00, 
0x00, 0x00, 0x00, 0x00, 0x00, 0x00, 0x00, 0x00, 0x00, 0x00, 0x00, 0x00, 0x00, 0x00, 0x00, 0x00, 
0x00, 0x00, 0x00, 0x00, 0x00, 0x00, 0x00, 0x00, 0x00, 0x00, 0x00, 0x00, 0x00, 0x00, 0x00, 0x00, 
0x00, 0x00, 0x00, 0x00, 0x00, 0x00, 0x00, 0x00, 0x00, 0x00, 0x00, 0x00, 0x00, 0x00, 0x00, 0x00, 
0x00, 0x00, 0x00, 0x00, 0x00, 0x00, 0x00, 0x00, 0x00, 0x00, 0x00, 0x00, 0x00, 0x00, 0x00, 0x00, 
0x00, 0x00, 0x00, 0x00, 0x00, 0x00, 0x00, 0x00, 0x00, 0x00, 0x00, 0x00, 0x00, 0x00, 0x00, 0x00, 
0x00, 0x00, 0x00, 0x00, 0x00, 0x00, 0x00, 0x00, 0x00, 0x00, 0x00, 0x00, 0x00, 0x00, 0x00, 0x00, 
0x00, 0x00, 0x00, 0x00, 0x00, 0x00, 0x00, 0x00, 0x00, 0x00, 0x00, 0x00, 0x00, 0x00, 0x00, 0x00, 
0x00, 0x00, 0x00, 0x00, 0x00, 0x00, 0x00, 0x00, 0x00, 0x00, 0x00, 0x00, 0x00, 0x00, 0x00, 0x00, 
0x00, 0x00, 0x00, 0x00, 0x00, 0x00, 0x00, 0x00, 0x00, 0x00, 0x00, 0x00, 0x00, 0x00, 0x00, 0x00, 
0x00, 0x00, 0x00, 0x00, 0x00, 0x00, 0x00, 0x00, 0x00, 0x00, 0x00, 0x00, 0x00, 0x00, 0x00, 0x00, 
0x00, 0x00, 0x00, 0x00, 0x00, 0x00, 0x00, 0x00, 0x00, 0x00, 0x00, 0x00, 0x00, 0x00, 0x00, 0x00, 
0x00, 0x00, 0x00, 0x00, 0x00, 0x00, 0x00, 0x00, 0x00, 0x00, 0x00, 0x00, 0x00, 0x00, 0x00, 0x00, 
0x00, 0x00, 0x00, 0x00, 0x00, 0x00, 0x00, 0x00, 0x00, 0x00, 0x00, 0x00, 0x00, 0x00, 0x00, 0x00, 
0x00, 0x00, 0x00, 0x00, 0x00, 0x00, 0x00, 0x00, 0x00, 0x00, 0x00, 0x00, 0x00, 0x00, 0x00, 0x00, 
0x00, 0x00, 0x00, 0x00, 0x00, 0x00, 0x00, 0x00, 0x00, 0x00, 0x00, 0x00, 0x00, 0x00, 0x00, 0x00, 
0x00, 0x00, 0x00, 0x00, 0x00, 0x00, 0x00, 0x00, 0x00, 0x00, 0x00, 0x00, 0x00, 0x00, 0x00, 0x00, 
0x00, 0x00, 0x00, 0x00, 0x00, 0x00, 0x00, 0x00, 0x00, 0x00, 0x00, 0x00, 0x00, 0x00, 0x00, 0x00, 
0x00, 0x00, 0x00, 0x00, 0x00, 0x00, 0x00, 0x00, 0x00, 0x00, 0x00, 0x00, 0x00, 0x00, 0x00, 0x00, 
0x00, 0x00, 0x00, 0x00, 0x00, 0x00, 0x00, 0x00, 0x00, 0x00, 0x00, 0x00, 0x00, 0x00, 0x00, 0x00, 
0x00, 0x00, 0x00, 0x00, 0x00, 0x00, 0x00, 0x00, 0x00, 0x00, 0x00, 0x00, 0x00, 0x00, 0x00, 0x00, 
0x00, 0x00, 0x00, 0x00, 0x00, 0x00, 0x00, 0x00, 0x00, 0x00, 0x00, 0x00, 0x00, 0x00, 0x00, 0x00, 
0x00, 0x00, 0x00, 0x00, 0x00, 0x00, 0x00, 0x00, 0x00, 0x00, 0x00, 0x00, 0x00, 0x00, 0x00, 0x00, 
0x00, 0x00, 0x00, 0x00, 0x00, 0x00, 0x00, 0x00, 0x00, 0x00, 0x00, 0x00, 0x00, 0x00, 0x00, 0x00, 
0x00, 0x00, 0x00, 0x00, 0x00, 0x00, 0x00, 0x00, 0x00, 0x00, 0x00, 0x00, 0x00, 0x00, 0x00, 0x00, 
0x00, 0x00, 0x00, 0x00, 0x00, 0x00, 0x00, 0x00, 0x00, 0x00, 0x00, 0x00, 0x00, 0x00, 0x00, 0x00, 
0x00, 0x00, 0x00, 0x00, 0x00, 0x00, 0x00, 0x00, 0x00, 0x00, 0x00, 0x00, 0x00, 0x00, 0x00, 0x00, 
0x00, 0x00, 0x00, 0x00, 0x00, 0x00, 0x00, 0x00, 0x00, 0x00, 0x00, 0x00, 0x00, 0x00, 0x00, 0x00, 
0x00, 0x00, 0x00, 0x00, 0x00, 0x00, 0x00, 0x00, 0x00, 0x00, 0x00, 0x00, 0x00, 0x00, 0x00, 0x00, 
0x00, 0x00, 0x00, 0x00, 0x00, 0x00, 0x00, 0x00, 0x00, 0x00, 0x00, 0x00, 0x00, 0x00, 0x00, 0x00, 
0x00, 0x00, 0x00, 0x00, 0x00, 0x00, 0x00, 0x00, 0x00, 0x00, 0x00, 0x00, 0x00, 0x00, 0x00, 0x00, 
0x00, 0x00, 0x00, 0x00, 0x00, 0x00, 0x00, 0x00, 0x00, 0x00, 0x00, 0x00, 0x00, 0x00, 0x00, 0x00, 
0x00, 0x00, 0x00, 0x00, 0x00, 0x00, 0x00, 0x00, 0x00, 0x00, 0x00, 0x00, 0x00, 0x00, 0x00, 0x00, 
0x00, 0x00, 0x00, 0x00, 0x00, 0x00, 0x00, 0x00, 0x00, 0x00, 0x00, 0x00, 0x00, 0x00, 0x00, 0x00, 
0x00, 0x00, 0x00, 0x00, 0x00, 0x00, 0x00, 0x00, 0x00, 0x00, 0x00, 0x00, 0x00, 0x00, 0x00, 0x00, 
0x00, 0x00, 0x00, 0x00, 0x00, 0x00, 0x00, 0x00, 0x00, 0x00, 0x00, 0x00, 0x00, 0x00, 0x00, 0x00, 
0x00, 0x00, 0x00, 0x00, 0x00, 0x00, 0x00, 0x00, 0x00, 0x00, 0x00, 0x00, 0x00, 0x00, 0x00, 0x00, 
0x00, 0x00, 0x00, 0x00, 0x00, 0x00, 0x00, 0x00, 0x00, 0x00, 0x00, 0x00, 0x00, 0x00, 0x00, 0x00, 
0x00, 0x00, 0x00, 0x00, 0x00, 0x00, 0x00, 0x00, 0x00, 0x00, 0x00, 0x00, 0x00, 0x00, 0x00, 0x00, 
0x00, 0x00, 0x00, 0x00, 0x00, 0x00, 0x00, 0x00, 0x00, 0x00, 0x00, 0x00, 0x00, 0x00, 0x00, 0x00, 
0x00, 0x00, 0x00, 0x00, 0x00, 0x00, 0x00, 0x00, 0x00, 0x00, 0x00, 0x00, 0x00, 0x00, 0x00, 0x00, 
0x00, 0x00, 0x00, 0x00, 0x00, 0x00, 0x00, 0x00, 0x00, 0x00, 0x00, 0x00, 0x00, 0x00, 0x00, 0x00, 
0x00, 0x00, 0x00, 0x00, 0x00, 0x00, 0x00, 0x00, 0x00, 0x00, 0x00, 0x00, 0x00, 0x00, 0x00, 0x00, 
0x00, 0x00, 0x00, 0x00, 0x00, 0x00, 0x00, 0x00, 0x00, 0x00, 0x00, 0x00, 0x00, 0x00, 0x00, 0x00, 
0x00, 0x00, 0x00, 0x00, 0x00, 0x00, 0x00, 0x00, 0x00, 0x00, 0x00, 0x00, 0x00, 0x00, 0x00, 0x00, 
0x00, 0x00, 0x00, 0x00, 0x00, 0x00, 0x00, 0x00, 0x00, 0x00, 0x00, 0x00, 0x00, 0x00, 0x00, 0x00, 
0x00, 0x00, 0x00, 0x00, 0x00, 0x00, 0x00, 0x00, 0x00, 0x00, 0x00, 0x00, 0x00, 0x00, 0x00, 0x00, 
0x00, 0x00, 0x00, 0x00, 0x00, 0x00, 0x00, 0x00, 0x00, 0x00, 0x00, 0x00, 0x00, 0x00, 0x00, 0x00, 
0x00, 0x00, 0x00, 0x00, 0x00, 0x00, 0x00, 0x00, 0x00, 0x00, 0x00, 0x00, 0x00, 0x00, 0x00, 0x00, 
0x00, 0x00, 0x00, 0x00, 0x00, 0x00, 0x00, 0x00, 0x00, 0x00, 0x00, 0x00, 0x00, 0x00, 0x00, 0x00, 
0x00, 0x00, 0x00, 0x00, 0x00, 0x00, 0x00, 0x00, 0x00, 0x00, 0x00, 0x00, 0x00, 0x00, 0x00, 0x00, 
0x00, 0x00, 0x00, 0x00, 0x00, 0x00, 0x00, 0x00, 0x00, 0x00, 0x00, 0x00, 0x00, 0x00, 0x00, 0x00, 
0x00, 0x00, 0x00, 0x00, 0x00, 0x00, 0x00, 0x00, 0x00, 0x00, 0x00, 0x00, 0x00, 0x00, 0x00, 0x00, 
0x00, 0x00, 0x00, 0x00, 0x00, 0x00, 0x00, 0x00, 0x00, 0x00, 0x00, 0x00, 0x00, 0x00, 0x00, 0x00, 
0x00, 0x00, 0x00, 0x00, 0x00, 0x00, 0x00, 0x00, 0x00, 0x00, 0x00, 0x00, 0x00, 0x00, 0x00, 0x00, 
0x00, 0x00, 0x00, 0x00, 0x00, 0x00, 0x00, 0x00, 0x00, 0x00, 0x00, 0x00, 0x00, 0x00, 0x00, 0x00, 
0x00, 0x00, 0x00, 0x00, 0x00, 0x00, 0x00, 0x00, 0x00, 0x00, 0x00, 0x00, 0x00, 0x00, 0x00, 0x00, 
0x00, 0x00, 0x00, 0x00, 0x00, 0x00, 0x00, 0x00, 0x00, 0x00, 0x00, 0x00, 0x00, 0x00, 0x00, 0x00, 
0x00, 0x00, 0x00, 0x00, 0x00, 0x00, 0x00, 0x00, 0x00, 0x00, 0x00, 0x00, 0x00, 0x00, 0x00, 0x00, 
0x00, 0x00, 0x00, 0x00, 0x00, 0x00, 0x00, 0x00, 0x00, 0x00, 0x00, 0x00, 0x00, 0x00, 0x00, 0x00, 
0x00, 0x00, 0x00, 0x00, 0x00, 0x00, 0x00, 0x00, 0x00, 0x00, 0x00, 0x00, 0x00, 0x00, 0x00, 0x00, 
0x00, 0x00, 0x00, 0x00, 0x00, 0x00, 0x00, 0x00, 0x00, 0x00, 0x00, 0x00, 0x00, 0x00, 0x00, 0x00, 
0x00, 0x00, 0x00, 0x00, 0x00, 0x00, 0x00, 0x00, 0x00, 0x00, 0x00, 0x00, 0x00, 0x00, 0x00, 0x00, 
0x00, 0x00, 0x00, 0x00, 0x00, 0x00, 0x00, 0x00, 0x00, 0x00, 0x00, 0x00, 0x00, 0x00, 0x00, 0x00, 
0x00, 0x00, 0x00, 0x00, 0x00, 0x00, 0x00, 0x00, 0x00, 0x00, 0x00, 0x00, 0x00, 0x00, 0x00, 0x00, 
0x00, 0x00, 0x00, 0x00, 0x00, 0x00, 0x00, 0x00, 0x00, 0x00, 0x00, 0x00, 0x00, 0x00, 0x00, 0x00, 
0x00, 0x00, 0x00, 0x00, 0x00, 0x00, 0x00, 0x00, 0x00, 0x00, 0x00, 0x00, 0x00, 0x00, 0x00, 0x00, 
0x00, 0x00, 0x00, 0x00, 0x00, 0x00, 0x00, 0x00, 0x00, 0x00, 0x00, 0x00, 0x00, 0x00, 0x00, 0x00, 
0x00, 0x00, 0x00, 0x00, 0x00, 0x00, 0x00, 0x00, 0x00, 0x00, 0x00, 0x00, 0x00, 0x00, 0x00, 0x00, 
0x00, 0x00, 0x00, 0x00, 0x00, 0x00, 0x00, 0x00, 0x00, 0x00, 0x00, 0x00, 0x00, 0x00, 0x00, 0x00, 
0x00, 0x00, 0x00, 0x00, 0x00, 0x00, 0x00, 0x00, 0x00, 0x00, 0x00, 0x00, 0x00, 0x00, 0x00, 0x00, 
0x00, 0x00, 0x00, 0x00, 0x00, 0x00, 0x00, 0x00, 0x00, 0x00, 0x00, 0x00, 0x00, 0x00, 0x00, 0x00, 
0x00, 0x00, 0x00, 0x00, 0x00, 0x00, 0x00, 0x00, 0x00, 0x00, 0x00, 0x00, 0x00, 0x00, 0x00, 0x00, 
0x00, 0x00, 0x00, 0x00, 0x00, 0x00, 0x00, 0x00, 0x00, 0x00, 0x00, 0x00, 0x00, 0x00, 0x00, 0x00, 
0x00, 0x00, 0x00, 0x00, 0x00, 0x00, 0x00, 0x00, 0x00, 0x00, 0x00, 0x00, 0x00, 0x00, 0x00, 0x00, 
0x00, 0x00, 0x00, 0x00, 0x00, 0x00, 0x00, 0x00, 0x00, 0x00, 0x00, 0x00, 0x00, 0x00, 0x00, 0x00, 
0x00, 0x00, 0x00, 0x00, 0x00, 0x00, 0x00, 0x00, 0x00, 0x00, 0x00, 0x00, 0x00, 0x00, 0x00, 0x00, 
0x00, 0x00, 0x00, 0x00, 0x00, 0x00, 0x00, 0x00, 0x00, 0x00, 0x00, 0x00, 0x00, 0x00, 0x00, 0x00, 
0x00, 0x00, 0x00, 0x00, 0x00, 0x00, 0x00, 0x00, 0x00, 0x00, 0x00, 0x00, 0x00, 0x00, 0x00, 0x00, 
0x00, 0x00, 0x00, 0x00, 0x00, 0x00, 0x00, 0x00, 0x00, 0x00, 0x00, 0x00, 0x00, 0x00, 0x00, 0x00, 
0x00, 0x00, 0x00, 0x00, 0x00, 0x00, 0x00, 0x00, 0x00, 0x00, 0x00, 0x00, 0x00, 0x00, 0x00, 0x00, 
0x00, 0x00, 0x00, 0x00, 0x00, 0x00, 0x00, 0x00, 0x00, 0x00, 0x00, 0x00, 0x00, 0x00, 0x00, 0x00, 
0x00, 0x00, 0x00, 0x00, 0x00, 0x00, 0x00, 0x00, 0x00, 0x00, 0x00, 0x00, 0x00, 0x00, 0x00, 0x00, 
0x00, 0x00, 0x00, 0x00, 0x00, 0x00, 0x00, 0x00, 0x00, 0x00, 0x00, 0x00, 0x00, 0x00, 0x00, 0x00, 
0x00, 0x00, 0x00, 0x00, 0x00, 0x00, 0x00, 0x00, 0x00, 0x00, 0x00, 0x00, 0x00, 0x00, 0x00, 0x00, 
0x00, 0x00, 0x00, 0x00, 0x00, 0x00, 0x00, 0x00, 0x00, 0x00, 0x00, 0x00, 0x00, 0x00, 0x00, 0x00, 
0x00, 0x00, 0x00, 0x00, 0x00, 0x00, 0x00, 0x00, 0x00, 0x00, 0x00, 0x00, 0x00, 0x00, 0x00, 0x00, 
0x00, 0x00, 0x00, 0x00, 0x00, 0x00, 0x00, 0x00, 0x00, 0x00, 0x00, 0x00, 0x00, 0x00, 0x00, 0x00, 
0x00, 0x00, 0x00, 0x00, 0x00, 0x00, 0x00, 0x00, 0x00, 0x00, 0x00, 0x00, 0x00, 0x00, 0x00, 0x00, 
0x00, 0x00, 0x00, 0x00, 0x00, 0x00, 0x00, 0x00, 0x00, 0x00, 0x00, 0x00, 0x00, 0x00, 0x00, 0x00, 
0x00, 0x00, 0x00, 0x00, 0x00, 0x00, 0x00, 0x00, 0x00, 0x00, 0x00, 0x00, 0x00, 0x00, 0x00, 0x00, 
0x00, 0x00, 0x00, 0x00, 0x00, 0x00, 0x00, 0x00, 0x00, 0x00, 0x00, 0x00, 0x00, 0x00, 0x00, 0x00, 
0x00, 0x00, 0x00, 0x00, 0x00, 0x00, 0x00, 0x00, 0x00, 0x00, 0x00, 0x00, 0x00, 0x00, 0x00, 0x00, 
0x00, 0x00, 0x00, 0x00, 0x00, 0x00, 0x00, 0x00, 0x00, 0x00, 0x00, 0x00, 0x00, 0x00, 0x00, 0x00, 
0x00, 0x00, 0x00, 0x00, 0x00, 0x00, 0x00, 0x00, 0x00, 0x00, 0x00, 0x00, 0x00, 0x00, 0x00, 0x00, 
0x00, 0x00, 0x00, 0x00, 0x00, 0x00, 0x00, 0x00, 0x00, 0x00, 0x00, 0x00, 0x00, 0x00, 0x00, 0x00, 
0x00, 0x00, 0x00, 0x00, 0x00, 0x00, 0x00, 0x00, 0x00, 0x00, 0x00, 0x00, 0x00, 0x00, 0x00, 0x00, 
0x00, 0x00, 0x00, 0x00, 0x00, 0x00, 0x00, 0x00, 0x00, 0x00, 0x00, 0x00, 0x00, 0x00, 0x00, 0x00, 
0x00, 0x00, 0x00, 0x00, 0x00, 0x00, 0x00, 0x00, 0x00, 0x00, 0x00, 0x00, 0x00, 0x00, 0x00, 0x00, 
0x00, 0x00, 0x00, 0x00, 0x00, 0x00, 0x00, 0x00, 0x00, 0x00, 0x00, 0x00, 0x00, 0x00, 0x00, 0x00, 
0x00, 0x00, 0x00, 0x00, 0x00, 0x00, 0x00, 0x00, 0x00, 0x00, 0x00, 0x00, 0x00, 0x00, 0x00, 0x00, 
0x00, 0x00, 0x00, 0x00, 0x00, 0x00, 0x00, 0x00, 0x00, 0x00, 0x00, 0x00, 0x00, 0x00, 0x00, 0x00, 
0x00, 0x00, 0x00, 0x00, 0x00, 0x00, 0x00, 0x00, 0x00, 0x00, 0x00, 0x00, 0x00, 0x00, 0x00, 0x00, 
0x00, 0x00, 0x00, 0x00, 0x00, 0x00, 0x00, 0x00, 0x00, 0x00, 0x00, 0x00, 0x00, 0x00, 0x00, 0x00, 
0x00, 0x00, 0x00, 0x00, 0x00, 0x00, 0x00, 0x00, 0x00, 0x00, 0x00, 0x00, 0x00, 0x00, 0x00, 0x00, 
0x00, 0x00, 0x00, 0x00, 0x00, 0x00, 0x00, 0x00, 0x00, 0x00, 0x00, 0x00, 0x00, 0x00, 0x00, 0x00, 
0x00, 0x00, 0x00, 0x00, 0x00, 0x00, 0x00, 0x00, 0x00, 0x00, 0x00, 0x00, 0x00, 0x00, 0x00, 0x00, 
0x00, 0x00, 0x00, 0x00, 0x00, 0x00, 0x00, 0x00, 0x00, 0x00, 0x00, 0x00, 0x00, 0x00, 0x00, 0x00, 
0x00, 0x00, 0x00, 0x00, 0x00, 0x00, 0x00, 0x00, 0x00, 0x00, 0x00, 0x00, 0x00, 0x00, 0x00, 0x00, 
0x00, 0x00, 0x00, 0x00, 0x00, 0x00, 0x00, 0x00, 0x00, 0x00, 0x00, 0x00, 0x00, 0x00, 0x00, 0x00, 
0x00, 0x00, 0x00, 0x00, 0x00, 0x00, 0x00, 0x00, 0x00, 0x00, 0x00, 0x00, 0x00, 0x00, 0x00, 0x00, 
0x00, 0x00, 0x00, 0x00, 0x00, 0x00, 0x00, 0x00, 0x00, 0x00, 0x00, 0x00, 0x00, 0x00, 0x00, 0x00, 
0x00, 0x00, 0x00, 0x00, 0x00, 0x00, 0x00, 0x00, 0x00, 0x00, 0x00, 0x00, 0x00, 0x00, 0x00, 0x00, 
0x00, 0x00, 0x00, 0x00, 0x00, 0x00, 0x00, 0x00, 0x00, 0x00, 0x00, 0x00, 0x00, 0x00, 0x00, 0x00, 
0x00, 0x00, 0x00, 0x00, 0x00, 0x00, 0x00, 0x00, 0x00, 0x00, 0x00, 0x00, 0x00, 0x00, 0x00, 0x00, 
0x00, 0x00, 0x00, 0x00, 0x00, 0x00, 0x00, 0x00, 0x00, 0x00, 0x00, 0x00, 0x00, 0x00, 0x00, 0x00, 
0x00, 0x00, 0x00, 0x00, 0x00, 0x00, 0x00, 0x00, 0x00, 0x00, 0x00, 0x00, 0x00, 0x00, 0x00, 0x00, 
0x00, 0x00, 0x00, 0x00, 0x00, 0x00, 0x00, 0x00, 0x00, 0x00, 0x00, 0x00, 0x00, 0x00, 0x00, 0x00, 
0x00, 0x00, 0x00, 0x00, 0x00, 0x00, 0x00, 0x00, 0x00, 0x00, 0x00, 0x00, 0x00, 0x00, 0x00, 0x00, 
0x00, 0x00, 0x00, 0x00, 0x00, 0x00, 0x00, 0x00, 0x00, 0x00, 0x00, 0x00, 0x00, 0x00, 0x00, 0x00, 
0x00, 0x00, 0x00, 0x00, 0x00, 0x00, 0x00, 0x00, 0x00, 0x00, 0x00, 0x00, 0x00, 0x00, 0x00, 0x00, 
0x00, 0x00, 0x00, 0x00, 0x00, 0x00, 0x00, 0x00, 0x00, 0x00, 0x00, 0x00, 0x00, 0x00, 0x00, 0x00, 
0x00, 0x00, 0x00, 0x00, 0x00, 0x00, 0x00, 0x00, 0x00, 0x00, 0x00, 0x00, 0x00, 0x00, 0x00, 0x00, 
0x00, 0x00, 0x00, 0x00, 0x00, 0x00, 0x00, 0x00, 0x00, 0x00, 0x00, 0x00, 0x00, 0x00, 0x00, 0x00, 
0x00, 0x00, 0x00, 0x00, 0x00, 0x00, 0x00, 0x00, 0x00, 0x00, 0x00, 0x00, 0x00, 0x00, 0x00, 0x00, 
0x00, 0x00, 0x00, 0x00, 0x00, 0x00, 0x00, 0x00, 0x00, 0x00, 0x00, 0x00, 0x00, 0x00, 0x00, 0x00, 
0x00, 0x00, 0x00, 0x00, 0x00, 0x00, 0x00, 0x00, 0x00, 0x00, 0x00, 0x00, 0x00, 0x00, 0x00, 0x00, 
0x00, 0x00, 0x00, 0x00, 0x00, 0x00, 0x00, 0x00, 0x00, 0x00, 0x00, 0x00, 0x00, 0x00, 0x00, 0x00, 
0x00, 0x00, 0x00, 0x00, 0x00, 0x00, 0x00, 0x00, 0x00, 0x00, 0x00, 0x00, 0x00, 0x00, 0x00, 0x00, 
0x00, 0x00, 0x00, 0x00, 0x00, 0x00, 0x00, 0x00, 0x00, 0x00, 0x00, 0x00, 0x00, 0x00, 0x00, 0x00, 
0x00, 0x00, 0x00, 0x00, 0x00, 0x00, 0x00, 0x00, 0x00, 0x00, 0x00, 0x00, 0x00, 0x00, 0x00, 0x00, 
0x00, 0x00, 0x00, 0x00, 0x00, 0x00, 0x00, 0x00, 0x00, 0x00, 0x00, 0x00, 0x00, 0x00, 0x00, 0x00, 
0x00, 0x00, 0x00, 0x00, 0x00, 0x00, 0x00, 0x00, 0x00, 0x00, 0x00, 0x00, 0x00, 0x00, 0x00, 0x00, 
0x00, 0x00, 0x00, 0x00, 0x00, 0x00, 0x00, 0x00, 0x00, 0x00, 0x00, 0x00, 0x00, 0x00, 0x00, 0x00, 
0x00, 0x00, 0x00, 0x00, 0x00, 0x00, 0x00, 0x00, 0x00, 0x00, 0x00, 0x00, 0x00, 0x00, 0x00, 0x00, 
0x00, 0x00, 0x00, 0x00, 0x00, 0x00, 0x00, 0x00, 0x00, 0x00, 0x00, 0x00, 0x00, 0x00, 0x00, 0x00, 
0x00, 0x00, 0x00, 0x00, 0x00, 0x00, 0x00, 0x00, 0x00, 0x00, 0x00, 0x00, 0x00, 0x00, 0x00, 0x00, 
0x00, 0x00, 0x00, 0x00, 0x00, 0x00, 0x00, 0x00, 0x00, 0x00, 0x00, 0x00, 0x00, 0x00, 0x00, 0x00, 
0x00, 0x00, 0x00, 0x00, 0x00, 0x00, 0x00, 0x00, 0x00, 0x00, 0x00, 0x00, 0x00, 0x00, 0x00, 0x00, 
0x5f, 0x48, 0x89, 0xe6, 0x48, 0x8d, 0x54, 0xfc, 0x08, 0x48, 0x89, 0x15, 0xf0, 0x6f, 0x00, 0x00, 
0x52, 0x56, 0x57, 0x48, 0x83, 0xe4, 0xf0, 0xe8, 0x0b, 0x00, 0x00, 0x00, 0x48, 0x89, 0xc7, 0xe8, 
0x5e, 0x1c, 0x00, 0x00, 0xf4, 0xeb, 0xfd, 0x55, 0x48, 0x89, 0xe5, 0x48, 0x81, 0xec, 0xc0, 0x00, 
0x00, 0x00, 0x89, 0xbd, 0x4c, 0xff, 0xff, 0xff, 0x48, 0x89, 0xb5, 0x40, 0xff, 0xff, 0xff, 0x83, 
0xbd, 0x4c, 0xff, 0xff, 0xff, 0x01, 0x7f, 0x19, 0xbf, 0x00, 0x50, 0x40, 0x00, 0xb8, 0x00, 0x00, 
0x00, 0x00, 0xe8, 0x50, 0x10, 0x00, 0x00, 0xb8, 0x01, 0x00, 0x00, 0x00, 0xe9, 0x18, 0x01, 0x00, 
0x00, 0x48, 0x8b, 0x85, 0x40, 0xff, 0xff, 0xff, 0x48, 0x8b, 0x40, 0x08, 0x48, 0x89, 0x45, 0xf0, 
0x48, 0x8b, 0x45, 0xf0, 0xbe, 0x2f, 0x00, 0x00, 0x00, 0x48, 0x89, 0xc7, 0xe8, 0xf0, 0x2c, 0x00, 
0x00, 0x48, 0x89, 0x45, 0xe8, 0x48, 0x83, 0x7d, 0xe8, 0x00, 0x74, 0x0e, 0x48, 0x8b, 0x45, 0xe8, 
0x48, 0x83, 0xc0, 0x01, 0x48, 0x89, 0x45, 0xf8, 0xeb, 0x08, 0x48, 0x8b, 0x45, 0xf0, 0x48, 0x89, 
0x45, 0xf8, 0x83, 0xbd, 0x4c, 0xff, 0xff, 0xff, 0x02, 0x0f, 0x8e, 0xaf, 0x00, 0x00, 0x00, 0x48, 
0x8b, 0x85, 0x40, 0xff, 0xff, 0xff, 0x48, 0x8b, 0x40, 0x10, 0x48, 0x89, 0x45, 0xe0, 0x48, 0x8b, 
0x45, 0xf8, 0x48, 0x89, 0xc7, 0xe8, 0x68, 0x28, 0x00, 0x00, 0x48, 0x89, 0x45, 0xd8, 0x48, 0x8b, 
0x45, 0xe0, 0x48, 0x89, 0xc7, 0xe8, 0x58, 0x28, 0x00, 0x00, 0x48, 0x89, 0x45, 0xd0, 0x48, 0x8b, 
0x45, 0xd8, 0x48, 0x39, 0x45, 0xd0, 0x73, 0x76, 0x48, 0x8b, 0x45, 0xd8, 0x48, 0x2b, 0x45, 0xd0, 
0x48, 0x89, 0xc2, 0x48, 0x8b, 0x45, 0xf8, 0x48, 0x01, 0xc2, 0x48, 0x8b, 0x45, 0xe0, 0x48, 0x89, 
0xc6, 0x48, 0x89, 0xd7, 0xe8, 0x9d, 0x28, 0x00, 0x00, 0x85, 0xc0, 0x75, 0x51, 0x48, 0x8b, 0x45, 
0xd8, 0x48, 0x2b, 0x45, 0xd0, 0x48, 0x89, 0xc2, 0x48, 0x8b, 0x4d, 0xf8, 0x48, 0x8d, 0x85, 0x50, 
0xff, 0xff, 0xff, 0x48, 0x89, 0xce, 0x48, 0x89, 0xc7, 0xe8, 0x9d, 0x2a, 0x00, 0x00, 0x48, 0x8b, 
0x45, 0xd8, 0x48, 0x2b, 0x45, 0xd0, 0xc6, 0x84, 0x05, 0x50, 0xff, 0xff, 0xff, 0x00, 0x48, 0x8d, 
0x85, 0x50, 0xff, 0xff, 0xff, 0x48, 0x89, 0xc6, 0xbf, 0x21, 0x50, 0x40, 0x00, 0xb8, 0x00, 0x00, 
0x00, 0x00, 0xe8, 0x50, 0x0f, 0x00, 0x00, 0xb8, 0x00, 0x00, 0x00, 0x00, 0xeb, 0x1b, 0x48, 0x8b, 
0x45, 0xf8, 0x48, 0x89, 0xc6, 0xbf, 0x21, 0x50, 0x40, 0x00, 0xb8, 0x00, 0x00, 0x00, 0x00, 0xe8, 
0x33, 0x0f, 0x00, 0x00, 0xb8, 0x00, 0x00, 0x00, 0x00, 0xc9, 0xc3, 0x55, 0x48, 0x89, 0xe5, 0x48, 
0x81, 0xec, 0xa0, 0x00, 0x00, 0x00, 0x48, 0x89, 0x7d, 0x88, 0x48, 0x89, 0x75, 0x80, 0x48, 0x89, 
0x95, 0x78, 0xff, 0xff, 0xff, 0x89, 0x8d, 0x74, 0xff, 0xff, 0xff, 0x44, 0x89, 0x85, 0x70, 0xff, 
0xff, 0xff, 0x44, 0x89, 0x8d, 0x6c, 0xff, 0xff, 0xff, 0x83, 0xbd, 0x70, 0xff, 0xff, 0xff, 0x00, 
0x74, 0x0a, 0x48, 0xc7, 0x45, 0xf8, 0x25, 0x50, 0x40, 0x00, 0xeb, 0x08, 0x48, 0xc7, 0x45, 0xf8, 
0x36, 0x50, 0x40, 0x00, 0xc7, 0x45, 0xf4, 0x00, 0x00, 0x00, 0x00, 0x48, 0x83, 0xbd, 0x78, 0xff, 
0xff, 0xff, 0x00, 0x75, 0x61, 0x8b, 0x45, 0xf4, 0x8d, 0x50, 0x01, 0x89, 0x55, 0xf4, 0x48, 0x98, 
0xc6, 0x44, 0x05, 0x90, 0x30, 0xeb, 0x59, 0x8b, 0x85, 0x74, 0xff, 0xff, 0xff, 0x89, 0xc1, 0x48, 
0x8b, 0x85, 0x78, 0xff, 0xff, 0xff, 0xba, 0x00, 0x00, 0x00, 0x00, 0x48, 0xf7, 0xf1, 0x48, 0x8b, 
0x45, 0xf8, 0x48, 0x8d, 0x0c, 0x02, 0x8b, 0x45, 0xf4, 0x8d, 0x50, 0x01, 0x89, 0x55, 0xf4, 0x0f, 
0xb6, 0x11, 0x48, 0x98, 0x88, 0x54, 0x05, 0x90, 0x8b, 0x85, 0x74, 0xff, 0xff, 0xff, 0x89, 0xc6, 
0x48, 0x8b, 0x85, 0x78, 0xff, 0xff, 0xff, 0xba, 0x00, 0x00, 0x00, 0x00, 0x48, 0xf7, 0xf6, 0x48, 
0x89, 0x85, 0x78, 0xff, 0xff, 0xff, 0x48, 0x83, 0xbd, 0x78, 0xff, 0xff, 0xff, 0x00, 0x75, 0xa7, 
0x8b, 0x45, 0xf4, 0x89, 0x45, 0xe0, 0x8b, 0x85, 0x6c, 0xff, 0xff, 0xff, 0x3b, 0x45, 0xe0, 0x7e, 
0x0e, 0x8b, 0x85, 0x6c, 0xff, 0xff, 0xff, 0x2b, 0x45, 0xe0, 0x89, 0x45, 0xf0, 0xeb, 0x07, 0xc7, 
0x45, 0xf0, 0x00, 0x00, 0x00, 0x00, 0xc7, 0x45, 0xec, 0x00, 0x00, 0x00, 0x00, 0xc7, 0x45, 0xe8, 
0x00, 0x00, 0x00, 0x00, 0xeb, 0x31, 0x8b, 0x45, 0xec, 0x48, 0x98, 0x48, 0x83, 0xc0, 0x01, 0x48, 
0x3b, 0x45, 0x80, 0x73, 0x1a, 0x48, 0x83, 0x7d, 0x88, 0x00, 0x74, 0x13, 0x8b, 0x45, 0xec, 0x48, 
0x63, 0xd0, 0x48, 0x8b, 0x45, 0x88, 0x48, 0x01, 0xc2, 0x0f, 0xb6, 0x45, 0x10, 0x88, 0x02, 0x83, 
0x45, 0xec, 0x01, 0x83, 0x45, 0xe8, 0x01, 0x8b, 0x45, 0xe8, 0x3b, 0x45, 0xf0, 0x7c, 0xc7, 0x8b, 
0x45, 0xf4, 0x83, 0xe8, 0x01, 0x89, 0x45, 0xe4, 0xeb, 0x37, 0x8b, 0x45, 0xec, 0x48, 0x98, 0x48, 
0x83, 0xc0, 0x01, 0x48, 0x3b, 0x45, 0x80, 0x73, 0x20, 0x48, 0x83, 0x7d, 0x88, 0x00, 0x74, 0x19, 
0x8b, 0x45, 0xec, 0x48, 0x63, 0xd0, 0x48, 0x8b, 0x45, 0x88, 0x48, 0x01, 0xc2, 0x8b, 0x45, 0xe4, 
0x48, 0x98, 0x0f, 0xb6, 0x44, 0x05, 0x90, 0x88, 0x02, 0x83, 0x45, 0xec, 0x01, 0x83, 0x6d, 0xe4, 
0x01, 0x83, 0x7d, 0xe4, 0x00, 0x79, 0xc3, 0x8b, 0x45, 0xec, 0xc9, 0xc3, 0x55, 0x48, 0x89, 0xe5, 
0x48, 0x83, 0xec, 0x30, 0x48, 0x89, 0x7d, 0xe8, 0x48, 0x89, 0x75, 0xe0, 0x48, 0x89, 0x55, 0xd8, 
0x89, 0x4d, 0xd4, 0x44, 0x88, 0x45, 0xd3, 0xc7, 0x45, 0xfc, 0x00, 0x00, 0x00, 0x00, 0x48, 0x83, 
0x7d, 0xd8, 0x00, 0x79, 0x41, 0x8b, 0x45, 0xfc, 0x48, 0x98, 0x48, 0x83, 0xc0, 0x01, 0x48, 0x3b, 
0x45, 0xe0, 0x73, 0x17, 0x48, 0x83, 0x7d, 0xe8, 0x00, 0x74, 0x10, 0x8b, 0x45, 0xfc, 0x48, 0x63, 
0xd0, 0x48, 0x8b, 0x45, 0xe8, 0x48, 0x01, 0xd0, 0xc6, 0x00, 0x2d, 0x83, 0x45, 0xfc, 0x01, 0x48, 
0x8b, 0x45, 0xd8, 0x48, 0xf7, 0xd8, 0x48, 0x89, 0x45, 0xf0, 0x83, 0x7d, 0xd4, 0x00, 0x7e, 0x0e, 
0x83, 0x6d, 0xd4, 0x01, 0xeb, 0x08, 0x48, 0x8b, 0x45, 0xd8, 0x48, 0x89, 0x45, 0xf0, 0x48, 0x83, 
0x7d, 0xe8, 0x00, 0x74, 0x1c, 0x8b, 0x45, 0xfc, 0x48, 0x98, 0x48, 0x3b, 0x45, 0xe0, 0x73, 0x11, 
0x8b, 0x45, 0xfc, 0x48, 0x98, 0x48, 0x8b, 0x55, 0xe0, 0x48, 0x89, 0xd6, 0x48, 0x29, 0xc6, 0xeb, 
0x05, 0xbe, 0x00, 0x00, 0x00, 0x00, 0x48, 0x83, 0x7d, 0xe8, 0x00, 0x74, 0x0f, 0x8b, 0x45, 0xfc, 
0x48, 0x63, 0xd0, 0x48, 0x8b, 0x45, 0xe8, 0x48, 0x01, 0xd0, 0xeb, 0x05, 0xb8, 0x00, 0x00, 0x00, 
0x00, 0x8b, 0x7d, 0xd4, 0x48, 0x8b, 0x55, 0xf0, 0x48, 0x83, 0xec, 0x08, 0x0f, 0xbe, 0x4d, 0xd3, 
0x51, 0x41, 0x89, 0xf9, 0x41, 0xb8, 0x00, 0x00, 0x00, 0x00, 0xb9, 0x0a, 0x00, 0x00, 0x00, 0x48, 
0x89, 0xc7, 0xe8, 0xa4, 0xfd, 0xff, 0xff, 0x48, 0x83, 0xc4, 0x10, 0x01, 0x45, 0xfc, 0x8b, 0x45, 
0xfc, 0xc9, 0xc3, 0x55, 0x48, 0x89, 0xe5, 0x48, 0x81, 0xec, 0x00, 0x01, 0x00, 0x00, 0x48, 0x89, 
0xbd, 0x18, 0xff, 0xff, 0xff, 0x48, 0x89, 0xb5, 0x10, 0xff, 0xff, 0xff, 0x48, 0x89, 0x95, 0x08, 
0xff, 0xff, 0xff, 0x48, 0x89, 0x8d, 0x00, 0xff, 0xff, 0xff, 0x48, 0xc7, 0x45, 0xf8, 0x00, 0x00, 
0x00, 0x00, 0x48, 0x8b, 0x85, 0x08, 0xff, 0xff, 0xff, 0x48, 0x89, 0x45, 0xf0, 0xe9, 0x56, 0x0a, 
0x00, 0x00, 0x48, 0x8b, 0x45, 0xf0, 0x0f, 0xb6, 0x00, 0x3c, 0x25, 0x74, 0x3c, 0x48, 0x8b, 0x45, 
0xf8, 0x48, 0x83, 0xc0, 0x01, 0x48, 0x3b, 0x85, 0x10, 0xff, 0xff, 0xff, 0x73, 0x21, 0x48, 0x83, 
0xbd, 0x18, 0xff, 0xff, 0xff, 0x00, 0x74, 0x17, 0x48, 0x8b, 0x95, 0x18, 0xff, 0xff, 0xff, 0x48, 
0x8b, 0x45, 0xf8, 0x48, 0x01, 0xc2, 0x48, 0x8b, 0x45, 0xf0, 0x0f, 0xb6, 0x00, 0x88, 0x02, 0x48, 
0x83, 0x45, 0xf8, 0x01, 0xe9, 0x0a, 0x0a, 0x00, 0x00, 0x48, 0x83, 0x45, 0xf0, 0x01, 0x48, 0x8b, 
0x45, 0xf0, 0x0f, 0xb6, 0x00, 0x84, 0xc0, 0x0f, 0x84, 0x0c, 0x0a, 0x00, 0x00, 0x48, 0x8b, 0x45, 
0xf0, 0x0f, 0xb6, 0x00, 0x3c, 0x25, 0x75, 0x36, 0x48, 0x8b, 0x45, 0xf8, 0x48, 0x83, 0xc0, 0x01, 
0x48, 0x3b, 0x85, 0x10, 0xff, 0xff, 0xff, 0x73, 0x1b, 0x48, 0x83, 0xbd, 0x18, 0xff, 0xff, 0xff, 
0x00, 0x74, 0x11, 0x48, 0x8b, 0x95, 0x18, 0xff, 0xff, 0xff, 0x48, 0x8b, 0x45, 0xf8, 0x48, 0x01, 
0xd0, 0xc6, 0x00, 0x25, 0x48, 0x83, 0x45, 0xf8, 0x01, 0xe9, 0xb5, 0x09, 0x00, 0x00, 0xc7, 0x45, 
0xec, 0x00, 0x00, 0x00, 0x00, 0xc6, 0x45, 0xeb, 0x20, 0xeb, 0x2d, 0x48, 0x8b, 0x45, 0xf0, 0x0f, 
0xb6, 0x00, 0x3c, 0x2d, 0x75, 0x0e, 0xc7, 0x45, 0xec, 0x01, 0x00, 0x00, 0x00, 0x48, 0x83, 0x45, 
0xf0, 0x01, 0xeb, 0x14, 0x48, 0x8b, 0x45, 0xf0, 0x0f, 0xb6, 0x00, 0x3c, 0x30, 0x75, 0x09, 0xc6, 
0x45, 0xeb, 0x30, 0x48, 0x83, 0x45, 0xf0, 0x01, 0x48, 0x8b, 0x45, 0xf0, 0x0f, 0xb6, 0x00, 0x3c, 
0x2d, 0x74, 0xc8, 0x48, 0x8b, 0x45, 0xf0, 0x0f, 0xb6, 0x00, 0x3c, 0x30, 0x74, 0xbd, 0xc7, 0x45, 
0xe4, 0x00, 0x00, 0x00, 0x00, 0xeb, 0x25, 0x8b, 0x55, 0xe4, 0x89, 0xd0, 0xc1, 0xe0, 0x02, 0x01, 
0xd0, 0x01, 0xc0, 0x89, 0xc2, 0x48, 0x8b, 0x45, 0xf0, 0x0f, 0xb6, 0x00, 0x0f, 0xbe, 0xc0, 0x83, 
0xe8, 0x30, 0x01, 0xd0, 0x89, 0x45, 0xe4, 0x48, 0x83, 0x45, 0xf0, 0x01, 0x48, 0x8b, 0x45, 0xf0, 
0x0f, 0xb6, 0x00, 0x3c, 0x2f, 0x7e, 0x0b, 0x48, 0x8b, 0x45, 0xf0, 0x0f, 0xb6, 0x00, 0x3c, 0x39, 
0x7e, 0xc5, 0xc7, 0x45, 0xe0, 0xff, 0xff, 0xff, 0xff, 0x48, 0x8b, 0x45, 0xf0, 0x0f, 0xb6, 0x00, 
0x3c, 0x2e, 0x75, 0x49, 0x48, 0x83, 0x45, 0xf0, 0x01, 0xc7, 0x45, 0xe0, 0x00, 0x00, 0x00, 0x00, 
0xeb, 0x25, 0x8b, 0x55, 0xe0, 0x89, 0xd0, 0xc1, 0xe0, 0x02, 0x01, 0xd0, 0x01, 0xc0, 0x89, 0xc2, 
0x48, 0x8b, 0x45, 0xf0, 0x0f, 0xb6, 0x00, 0x0f, 0xbe, 0xc0, 0x83, 0xe8, 0x30, 0x01, 0xd0, 0x89, 
0x45, 0xe0, 0x48, 0x83, 0x45, 0xf0, 0x01, 0x48, 0x8b, 0x45, 0xf0, 0x0f, 0xb6, 0x00, 0x3c, 0x2f, 
0x7e, 0x0b, 0x48, 0x8b, 0x45, 0xf0, 0x0f, 0xb6, 0x00, 0x3c, 0x39, 0x7e, 0xc5, 0xc7, 0x45, 0xdc, 
0x00, 0x00, 0x00, 0x00, 0xc7, 0x45, 0xd8, 0x00, 0x00, 0x00, 0x00, 0x48, 0x8b, 0x45, 0xf0, 0x0f, 
0xb6, 0x00, 0x3c, 0x6c, 0x75, 0x25, 0xc7, 0x45, 0xdc, 0x01, 0x00, 0x00, 0x00, 0x48, 0x83, 0x45, 
0xf0, 0x01, 0x48, 0x8b, 0x45, 0xf0, 0x0f, 0xb6, 0x00, 0x3c, 0x6c, 0x75, 0x25, 0xc7, 0x45, 0xd8, 
0x01, 0x00, 0x00, 0x00, 0x48, 0x83, 0x45, 0xf0, 0x01, 0xeb, 0x17, 0x48, 0x8b, 0x45, 0xf0, 0x0f, 
0xb6, 0x00, 0x3c, 0x7a, 0x75, 0x0c, 0xc7, 0x45, 0xdc, 0x01, 0x00, 0x00, 0x00, 0x48, 0x83, 0x45, 
0xf0, 0x01, 0x48, 0x8b, 0x45, 0xf0, 0x0f, 0xb6, 0x00, 0x0f, 0xbe, 0xc0, 0x83, 0xf8, 0x78, 0x0f, 
0x84, 0x1e, 0x03, 0x00, 0x00, 0x83, 0xf8, 0x78, 0x0f, 0x8f, 0x1b, 0x08, 0x00, 0x00, 0x83, 0xf8, 
0x75, 0x0f, 0x84, 0xaf, 0x01, 0x00, 0x00, 0x83, 0xf8, 0x75, 0x0f, 0x8f, 0x09, 0x08, 0x00, 0x00, 
0x83, 0xf8, 0x73, 0x0f, 0x84, 0xc3, 0x05, 0x00, 0x00, 0x83, 0xf8, 0x73, 0x0f, 0x8f, 0xf7, 0x07, 
0x00, 0x00, 0x83, 0xf8, 0x70, 0x0f, 0x84, 0x57, 0x04, 0x00, 0x00, 0x83, 0xf8, 0x70, 0x0f, 0x8f, 
0xe5, 0x07, 0x00, 0x00, 0x83, 0xf8, 0x69, 0x74, 0x2e, 0x83, 0xf8, 0x69, 0x0f, 0x8f, 0xd7, 0x07, 
0x00, 0x00, 0x83, 0xf8, 0x64, 0x74, 0x20, 0x83, 0xf8, 0x64, 0x0f, 0x8f, 0xc9, 0x07, 0x00, 0x00, 
0x83, 0xf8, 0x58, 0x0f, 0x84, 0xba, 0x02, 0x00, 0x00, 0x83, 0xf8, 0x63, 0x0f, 0x84, 0x1e, 0x07, 
0x00, 0x00, 0xe9, 0xb2, 0x07, 0x00, 0x00, 0x83, 0x7d, 0xdc, 0x00, 0x75, 0x06, 0x83, 0x7d, 0xd8, 
0x00, 0x74, 0x61, 0x48, 0x8b, 0x85, 0x00, 0xff, 0xff, 0xff, 0x8b, 0x00, 0x83, 0xf8, 0x2f, 0x77, 
0x30, 0x48, 0x8b, 0x85, 0x00, 0xff, 0xff, 0xff, 0x48, 0x8b, 0x50, 0x10, 0x48, 0x8b, 0x85, 0x00, 
0xff, 0xff, 0xff, 0x8b, 0x00, 0x89, 0xc0, 0x48, 0x01, 0xd0, 0x48, 0x8b, 0x95, 0x00, 0xff, 0xff, 
0xff, 0x8b, 0x12, 0x8d, 0x4a, 0x08, 0x48, 0x8b, 0x95, 0x00, 0xff, 0xff, 0xff, 0x89, 0x0a, 0xeb, 
0x1a, 0x48, 0x8b, 0x85, 0x00, 0xff, 0xff, 0xff, 0x48, 0x8b, 0x40, 0x08, 0x48, 0x8d, 0x48, 0x08, 
0x48, 0x8b, 0x95, 0x00, 0xff, 0xff, 0xff, 0x48, 0x89, 0x4a, 0x08, 0x48, 0x8b, 0x00, 0x48, 0x89, 
0x45, 0xd0, 0xeb, 0x60, 0x48, 0x8b, 0x85, 0x00, 0xff, 0xff, 0xff, 0x8b, 0x00, 0x83, 0xf8, 0x2f, 
0x77, 0x30, 0x48, 0x8b, 0x85, 0x00, 0xff, 0xff, 0xff, 0x48, 0x8b, 0x50, 0x10, 0x48, 0x8b, 0x85, 
0x00, 0xff, 0xff, 0xff, 0x8b, 0x00, 0x89, 0xc0, 0x48, 0x01, 0xd0, 0x48, 0x8b, 0x95, 0x00, 0xff, 
0xff, 0xff, 0x8b, 0x12, 0x8d, 0x4a, 0x08, 0x48, 0x8b, 0x95, 0x00, 0xff, 0xff, 0xff, 0x89, 0x0a, 
0xeb, 0x1a, 0x48, 0x8b, 0x85, 0x00, 0xff, 0xff, 0xff, 0x48, 0x8b, 0x40, 0x08, 0x48, 0x8d, 0x48, 
0x08, 0x48, 0x8b, 0x95, 0x00, 0xff, 0xff, 0xff, 0x48, 0x89, 0x4a, 0x08, 0x8b, 0x00, 0x48, 0x98, 
0x48, 0x89, 0x45, 0xd0, 0x0f, 0xbe, 0x75, 0xeb, 0x8b, 0x4d, 0xe4, 0x48, 0x8b, 0x55, 0xd0, 0x48, 
0x8d, 0x85, 0x20, 0xff, 0xff, 0xff, 0x41, 0x89, 0xf0, 0xbe, 0x40, 0x00, 0x00, 0x00, 0x48, 0x89, 
0xc7, 0xe8, 0x86, 0xfb, 0xff, 0xff, 0x89, 0x85, 0x70, 0xff, 0xff, 0xff, 0xc7, 0x45, 0xcc, 0x00, 
0x00, 0x00, 0x00, 0xeb, 0x41, 0x48, 0x8b, 0x45, 0xf8, 0x48, 0x83, 0xc0, 0x01, 0x48, 0x3b, 0x85, 
0x10, 0xff, 0xff, 0xff, 0x73, 0x27, 0x48, 0x83, 0xbd, 0x18, 0xff, 0xff, 0xff, 0x00, 0x74, 0x1d, 
0x48, 0x8b, 0x95, 0x18, 0xff, 0xff, 0xff, 0x48, 0x8b, 0x45, 0xf8, 0x48, 0x01, 0xc2, 0x8b, 0x45, 
0xcc, 0x48, 0x98, 0x0f, 0xb6, 0x84, 0x05, 0x20, 0xff, 0xff, 0xff, 0x88, 0x02, 0x48, 0x83, 0x45, 
0xf8, 0x01, 0x83, 0x45, 0xcc, 0x01, 0x8b, 0x45, 0xcc, 0x3b, 0x85, 0x70, 0xff, 0xff, 0xff, 0x7c, 
0xb4, 0xe9, 0x9d, 0x06, 0x00, 0x00, 0x83, 0x7d, 0xdc, 0x00, 0x75, 0x06, 0x83, 0x7d, 0xd8, 0x00, 
0x74, 0x61, 0x48, 0x8b, 0x85, 0x00, 0xff, 0xff, 0xff, 0x8b, 0x00, 0x83, 0xf8, 0x2f, 0x77, 0x30, 
0x48, 0x8b, 0x85, 0x00, 0xff, 0xff, 0xff, 0x48, 0x8b, 0x50, 0x10, 0x48, 0x8b, 0x85, 0x00, 0xff, 
0xff, 0xff, 0x8b, 0x00, 0x89, 0xc0, 0x48, 0x01, 0xd0, 0x48, 0x8b, 0x95, 0x00, 0xff, 0xff, 0xff, 
0x8b, 0x12, 0x8d, 0x4a, 0x08, 0x48, 0x8b, 0x95, 0x00, 0xff, 0xff, 0xff, 0x89, 0x0a, 0xeb, 0x1a, 
0x48, 0x8b, 0x85, 0x00, 0xff, 0xff, 0xff, 0x48, 0x8b, 0x40, 0x08, 0x48, 0x8d, 0x48, 0x08, 0x48, 
0x8b, 0x95, 0x00, 0xff, 0xff, 0xff, 0x48, 0x89, 0x4a, 0x08, 0x48, 0x8b, 0x00, 0x48, 0x89, 0x45, 
0xc0, 0xeb, 0x60, 0x48, 0x8b, 0x85, 0x00, 0xff, 0xff, 0xff, 0x8b, 0x00, 0x83, 0xf8, 0x2f, 0x77, 
0x30, 0x48, 0x8b, 0x85, 0x00, 0xff, 0xff, 0xff, 0x48, 0x8b, 0x50, 0x10, 0x48, 0x8b, 0x85, 0x00, 
0xff, 0xff, 0xff, 0x8b, 0x00, 0x89, 0xc0, 0x48, 0x01, 0xd0, 0x48, 0x8b, 0x95, 0x00, 0xff, 0xff, 
0xff, 0x8b, 0x12, 0x8d, 0x4a, 0x08, 0x48, 0x8b, 0x95, 0x00, 0xff, 0xff, 0xff, 0x89, 0x0a, 0xeb, 
0x1a, 0x48, 0x8b, 0x85, 0x00, 0xff, 0xff, 0xff, 0x48, 0x8b, 0x40, 0x08, 0x48, 0x8d, 0x48, 0x08, 
0x48, 0x8b, 0x95, 0x00, 0xff, 0xff, 0xff, 0x48, 0x89, 0x4a, 0x08, 0x8b, 0x00, 0x89, 0xc0, 0x48, 
0x89, 0x45, 0xc0, 0x8b, 0x75, 0xe4, 0x48, 0x8b, 0x55, 0xc0, 0x48, 0x8d, 0x85, 0x20, 0xff, 0xff, 
0xff, 0x48, 0x83, 0xec, 0x08, 0x0f, 0xbe, 0x4d, 0xeb, 0x51, 0x41, 0x89, 0xf1, 0x41, 0xb8, 0x00, 
0x00, 0x00, 0x00, 0xb9, 0x0a, 0x00, 0x00, 0x00, 0xbe, 0x40, 0x00, 0x00, 0x00, 0x48, 0x89, 0xc7, 
0xe8, 0xa6, 0xf8, 0xff, 0xff, 0x48, 0x83, 0xc4, 0x10, 0x89, 0x45, 0x84, 0xc7, 0x45, 0xbc, 0x00, 
0x00, 0x00, 0x00, 0xeb, 0x41, 0x48, 0x8b, 0x45, 0xf8, 0x48, 0x83, 0xc0, 0x01, 0x48, 0x3b, 0x85, 
0x10, 0xff, 0xff, 0xff, 0x73, 0x27, 0x48, 0x83, 0xbd, 0x18, 0xff, 0xff, 0xff, 0x00, 0x74, 0x1d, 
0x48, 0x8b, 0x95, 0x18, 0xff, 0xff, 0xff, 0x48, 0x8b, 0x45, 0xf8, 0x48, 0x01, 0xc2, 0x8b, 0x45, 
0xbc, 0x48, 0x98, 0x0f, 0xb6, 0x84, 0x05, 0x20, 0xff, 0xff, 0xff, 0x88, 0x02, 0x48, 0x83, 0x45, 
0xf8, 0x01, 0x83, 0x45, 0xbc, 0x01, 0x8b, 0x45, 0xbc, 0x3b, 0x45, 0x84, 0x7c, 0xb7, 0xe9, 0x40, 
0x05, 0x00, 0x00, 0x83, 0x7d, 0xdc, 0x00, 0x75, 0x06, 0x83, 0x7d, 0xd8, 0x00, 0x74, 0x61, 0x48, 
0x8b, 0x85, 0x00, 0xff, 0xff, 0xff, 0x8b, 0x00, 0x83, 0xf8, 0x2f, 0x77, 0x30, 0x48, 0x8b, 0x85, 
0x00, 0xff, 0xff, 0xff, 0x48, 0x8b, 0x50, 0x10, 0x48, 0x8b, 0x85, 0x00, 0xff, 0xff, 0xff, 0x8b, 
0x00, 0x89, 0xc0, 0x48, 0x01, 0xd0, 0x48, 0x8b, 0x95, 0x00, 0xff, 0xff, 0xff, 0x8b, 0x12, 0x8d, 
0x4a, 0x08, 0x48, 0x8b, 0x95, 0x00, 0xff, 0xff, 0xff, 0x89, 0x0a, 0xeb, 0x1a, 0x48, 0x8b, 0x85, 
0x00, 0xff, 0xff, 0xff, 0x48, 0x8b, 0x40, 0x08, 0x48, 0x8d, 0x48, 0x08, 0x48, 0x8b, 0x95, 0x00, 
0xff, 0xff, 0xff, 0x48, 0x89, 0x4a, 0x08, 0x48, 0x8b, 0x00, 0x48, 0x89, 0x45, 0xb0, 0xeb, 0x60, 
0x48, 0x8b, 0x85, 0x00, 0xff, 0xff, 0xff, 0x8b, 0x00, 0x83, 0xf8, 0x2f, 0x77, 0x30, 0x48, 0x8b, 
0x85, 0x00, 0xff, 0xff, 0xff, 0x48, 0x8b, 0x50, 0x10, 0x48, 0x8b, 0x85, 0x00, 0xff, 0xff, 0xff, 
0x8b, 0x00, 0x89, 0xc0, 0x48, 0x01, 0xd0, 0x48, 0x8b, 0x95, 0x00, 0xff, 0xff, 0xff, 0x8b, 0x12, 
0x8d, 0x4a, 0x08, 0x48, 0x8b, 0x95, 0x00, 0xff, 0xff, 0xff, 0x89, 0x0a, 0xeb, 0x1a, 0x48, 0x8b, 
0x85, 0x00, 0xff, 0xff, 0xff, 0x48, 0x8b, 0x40, 0x08, 0x48, 0x8d, 0x48, 0x08, 0x48, 0x8b, 0x95, 
0x00, 0xff, 0xff, 0xff, 0x48, 0x89, 0x4a, 0x08, 0x8b, 0x00, 0x89, 0xc0, 0x48, 0x89, 0x45, 0xb0, 
0x48, 0x8b, 0x45, 0xf0, 0x0f, 0xb6, 0x00, 0x3c, 0x58, 0x0f, 0x94, 0xc0, 0x0f, 0xb6, 0xf0, 0x8b, 
0x7d, 0xe4, 0x48, 0x8b, 0x55, 0xb0, 0x48, 0x8d, 0x85, 0x20, 0xff, 0xff, 0xff, 0x48, 0x83, 0xec, 
0x08, 0x0f, 0xbe, 0x4d, 0xeb, 0x51, 0x41, 0x89, 0xf9, 0x41, 0x89, 0xf0, 0xb9, 0x10, 0x00, 0x00, 
0x00, 0xbe, 0x40, 0x00, 0x00, 0x00, 0x48, 0x89, 0xc7, 0xe8, 0x3d, 0xf7, 0xff, 0xff, 0x48, 0x83, 
0xc4, 0x10, 0x89, 0x85, 0x68, 0xff, 0xff, 0xff, 0xc7, 0x45, 0xac, 0x00, 0x00, 0x00, 0x00, 0xeb, 
0x41, 0x48, 0x8b, 0x45, 0xf8, 0x48, 0x83, 0xc0, 0x01, 0x48, 0x3b, 0x85, 0x10, 0xff, 0xff, 0xff, 
0x73, 0x27, 0x48, 0x83, 0xbd, 0x18, 0xff, 0xff, 0xff, 0x00, 0x74, 0x1d, 0x48, 0x8b, 0x95, 0x18, 
0xff, 0xff, 0xff, 0x48, 0x8b, 0x45, 0xf8, 0x48, 0x01, 0xc2, 0x8b, 0x45, 0xac, 0x48, 0x98, 0x0f, 
0xb6, 0x84, 0x05, 0x20, 0xff, 0xff, 0xff, 0x88, 0x02, 0x48, 0x83, 0x45, 0xf8, 0x01, 0x83, 0x45, 
0xac, 0x01, 0x8b, 0x45, 0xac, 0x3b, 0x85, 0x68, 0xff, 0xff, 0xff, 0x7c, 0xb4, 0xe9, 0xd1, 0x03, 
0x00, 0x00, 0x48, 0x8b, 0x85, 0x00, 0xff, 0xff, 0xff, 0x8b, 0x00, 0x83, 0xf8, 0x2f, 0x77, 0x30, 
0x48, 0x8b, 0x85, 0x00, 0xff, 0xff, 0xff, 0x48, 0x8b, 0x50, 0x10, 0x48, 0x8b, 0x85, 0x00, 0xff, 
0xff, 0xff, 0x8b, 0x00, 0x89, 0xc0, 0x48, 0x01, 0xd0, 0x48, 0x8b, 0x95, 0x00, 0xff, 0xff, 0xff, 
0x8b, 0x12, 0x8d, 0x4a, 0x08, 0x48, 0x8b, 0x95, 0x00, 0xff, 0xff, 0xff, 0x89, 0x0a, 0xeb, 0x1a, 
0x48, 0x8b, 0x85, 0x00, 0xff, 0xff, 0xff, 0x48, 0x8b, 0x40, 0x08, 0x48, 0x8d, 0x48, 0x08, 0x48, 
0x8b, 0x95, 0x00, 0xff, 0xff, 0xff, 0x48, 0x89, 0x4a, 0x08, 0x48, 0x8b, 0x00, 0x48, 0x89, 0x85, 
0x78, 0xff, 0xff, 0xff, 0x48, 0x8b, 0x45, 0xf8, 0x48, 0x83, 0xc0, 0x01, 0x48, 0x3b, 0x85, 0x10, 
0xff, 0xff, 0xff, 0x73, 0x1b, 0x48, 0x83, 0xbd, 0x18, 0xff, 0xff, 0xff, 0x00, 0x74, 0x11, 0x48, 
0x8b, 0x95, 0x18, 0xff, 0xff, 0xff, 0x48, 0x8b, 0x45, 0xf8, 0x48, 0x01, 0xd0, 0xc6, 0x00, 0x30, 
0x48, 0x83, 0x45, 0xf8, 0x01, 0x48, 0x8b, 0x45, 0xf8, 0x48, 0x83, 0xc0, 0x01, 0x48, 0x3b, 0x85, 
0x10, 0xff, 0xff, 0xff, 0x73, 0x1b, 0x48, 0x83, 0xbd, 0x18, 0xff, 0xff, 0xff, 0x00, 0x74, 0x11, 
0x48, 0x8b, 0x95, 0x18, 0xff, 0xff, 0xff, 0x48, 0x8b, 0x45, 0xf8, 0x48, 0x01, 0xd0, 0xc6, 0x00, 
0x78, 0x48, 0x83, 0x45, 0xf8, 0x01, 0x48, 0x8b, 0x95, 0x78, 0xff, 0xff, 0xff, 0x48, 0x8d, 0x85, 
0x20, 0xff, 0xff, 0xff, 0x48, 0x83, 0xec, 0x08, 0x6a, 0x30, 0x41, 0xb9, 0x10, 0x00, 0x00, 0x00, 
0x41, 0xb8, 0x00, 0x00, 0x00, 0x00, 0xb9, 0x10, 0x00, 0x00, 0x00, 0xbe, 0x40, 0x00, 0x00, 0x00, 
0x48, 0x89, 0xc7, 0xe8, 0xe3, 0xf5, 0xff, 0xff, 0x48, 0x83, 0xc4, 0x10, 0x89, 0x85, 0x74, 0xff, 
0xff, 0xff, 0xc7, 0x45, 0xa8, 0x00, 0x00, 0x00, 0x00, 0xeb, 0x41, 0x48, 0x8b, 0x45, 0xf8, 0x48, 
0x83, 0xc0, 0x01, 0x48, 0x3b, 0x85, 0x10, 0xff, 0xff, 0xff, 0x73, 0x27, 0x48, 0x83, 0xbd, 0x18, 
0xff, 0xff, 0xff, 0x00, 0x74, 0x1d, 0x48, 0x8b, 0x95, 0x18, 0xff, 0xff, 0xff, 0x48, 0x8b, 0x45, 
0xf8, 0x48, 0x01, 0xc2, 0x8b, 0x45, 0xa8, 0x48, 0x98, 0x0f, 0xb6, 0x84, 0x05, 0x20, 0xff, 0xff, 
0xff, 0x88, 0x02, 0x48, 0x83, 0x45, 0xf8, 0x01, 0x83, 0x45, 0xa8, 0x01, 0x8b, 0x45, 0xa8, 0x3b, 
0x85, 0x74, 0xff, 0xff, 0xff, 0x7c, 0xb4, 0xe9, 0x77, 0x02, 0x00, 0x00, 0x48, 0x8b, 0x85, 0x00, 
0xff, 0xff, 0xff, 0x8b, 0x00, 0x83, 0xf8, 0x2f, 0x77, 0x30, 0x48, 0x8b, 0x85, 0x00, 0xff, 0xff, 
0xff, 0x48, 0x8b, 0x50, 0x10, 0x48, 0x8b, 0x85, 0x00, 0xff, 0xff, 0xff, 0x8b, 0x00, 0x89, 0xc0, 
0x48, 0x01, 0xd0, 0x48, 0x8b, 0x95, 0x00, 0xff, 0xff, 0xff, 0x8b, 0x12, 0x8d, 0x4a, 0x08, 0x48, 
0x8b, 0x95, 0x00, 0xff, 0xff, 0xff, 0x89, 0x0a, 0xeb, 0x1a, 0x48, 0x8b, 0x85, 0x00, 0xff, 0xff, 
0xff, 0x48, 0x8b, 0x40, 0x08, 0x48, 0x8d, 0x48, 0x08, 0x48, 0x8b, 0x95, 0x00, 0xff, 0xff, 0xff, 
0x48, 0x89, 0x4a, 0x08, 0x48, 0x8b, 0x00, 0x48, 0x89, 0x45, 0xa0, 0x48, 0x83, 0x7d, 0xa0, 0x00, 
0x75, 0x08, 0x48, 0xc7, 0x45, 0xa0, 0x47, 0x50, 0x40, 0x00, 0x48, 0x8b, 0x45, 0xa0, 0x48, 0x89, 
0xc7, 0xe8, 0xbc, 0x1c, 0x00, 0x00, 0x48, 0x89, 0x45, 0x98, 0x83, 0x7d, 0xe0, 0x00, 0x78, 0x14, 
0x8b, 0x45, 0xe0, 0x48, 0x98, 0x48, 0x3b, 0x45, 0x98, 0x73, 0x09, 0x8b, 0x45, 0xe0, 0x48, 0x98, 
0x48, 0x89, 0x45, 0x98, 0x48, 0x8b, 0x45, 0x98, 0x39, 0x45, 0xe4, 0x7e, 0x10, 0x48, 0x8b, 0x45, 
0x98, 0x89, 0xc2, 0x8b, 0x45, 0xe4, 0x29, 0xd0, 0x89, 0x45, 0x94, 0xeb, 0x07, 0xc7, 0x45, 0x94, 
0x00, 0x00, 0x00, 0x00, 0x83, 0x7d, 0xec, 0x00, 0x75, 0x40, 0xeb, 0x31, 0x48, 0x8b, 0x45, 0xf8, 
0x48, 0x83, 0xc0, 0x01, 0x48, 0x3b, 0x85, 0x10, 0xff, 0xff, 0xff, 0x73, 0x1b, 0x48, 0x83, 0xbd, 
0x18, 0xff, 0xff, 0xff, 0x00, 0x74, 0x11, 0x48, 0x8b, 0x95, 0x18, 0xff, 0xff, 0xff, 0x48, 0x8b, 
0x45, 0xf8, 0x48, 0x01, 0xd0, 0xc6, 0x00, 0x20, 0x48, 0x83, 0x45, 0xf8, 0x01, 0x8b, 0x45, 0x94, 
0x8d, 0x50, 0xff, 0x89, 0x55, 0x94, 0x85, 0xc0, 0x7f, 0xc2, 0x48, 0xc7, 0x45, 0x88, 0x00, 0x00, 
0x00, 0x00, 0xeb, 0x43, 0x48, 0x8b, 0x45, 0xf8, 0x48, 0x83, 0xc0, 0x01, 0x48, 0x3b, 0x85, 0x10, 
0xff, 0xff, 0xff, 0x73, 0x28, 0x48, 0x83, 0xbd, 0x18, 0xff, 0xff, 0xff, 0x00, 0x74, 0x1e, 0x48, 
0x8b, 0x55, 0xa0, 0x48, 0x8b, 0x45, 0x88, 0x48, 0x01, 0xd0, 0x48, 0x8b, 0x8d, 0x18, 0xff, 0xff, 
0xff, 0x48, 0x8b, 0x55, 0xf8, 0x48, 0x01, 0xca, 0x0f, 0xb6, 0x00, 0x88, 0x02, 0x48, 0x83, 0x45, 
0xf8, 0x01, 0x48, 0x83, 0x45, 0x88, 0x01, 0x48, 0x8b, 0x45, 0x88, 0x48, 0x3b, 0x45, 0x98, 0x72, 
0xb3, 0x83, 0x7d, 0xec, 0x00, 0x0f, 0x84, 0x17, 0x01, 0x00, 0x00, 0xeb, 0x31, 0x48, 0x8b, 0x45, 
0xf8, 0x48, 0x83, 0xc0, 0x01, 0x48, 0x3b, 0x85, 0x10, 0xff, 0xff, 0xff, 0x73, 0x1b, 0x48, 0x83, 
0xbd, 0x18, 0xff, 0xff, 0xff, 0x00, 0x74, 0x11, 0x48, 0x8b, 0x95, 0x18, 0xff, 0xff, 0xff, 0x48, 
0x8b, 0x45, 0xf8, 0x48, 0x01, 0xd0, 0xc6, 0x00, 0x20, 0x48, 0x83, 0x45, 0xf8, 0x01, 0x8b, 0x45, 
0x94, 0x8d, 0x50, 0xff, 0x89, 0x55, 0x94, 0x85, 0xc0, 0x7f, 0xc2, 0xe9, 0xd2, 0x00, 0x00, 0x00, 
0x48, 0x8b, 0x85, 0x00, 0xff, 0xff, 0xff, 0x8b, 0x00, 0x83, 0xf8, 0x2f, 0x77, 0x30, 0x48, 0x8b, 
0x85, 0x00, 0xff, 0xff, 0xff, 0x48, 0x8b, 0x50, 0x10, 0x48, 0x8b, 0x85, 0x00, 0xff, 0xff, 0xff, 
0x8b, 0x00, 0x89, 0xc0, 0x48, 0x01, 0xd0, 0x48, 0x8b, 0x95, 0x00, 0xff, 0xff, 0xff, 0x8b, 0x12, 
0x8d, 0x4a, 0x08, 0x48, 0x8b, 0x95, 0x00, 0xff, 0xff, 0xff, 0x89, 0x0a, 0xeb, 0x1a, 0x48, 0x8b, 
0x85, 0x00, 0xff, 0xff, 0xff, 0x48, 0x8b, 0x40, 0x08, 0x48, 0x8d, 0x48, 0x08, 0x48, 0x8b, 0x95, 
0x00, 0xff, 0xff, 0xff, 0x48, 0x89, 0x4a, 0x08, 0x8b, 0x00, 0x88, 0x85, 0x6f, 0xff, 0xff, 0xff, 
0x48, 0x8b, 0x45, 0xf8, 0x48, 0x83, 0xc0, 0x01, 0x48, 0x3b, 0x85, 0x10, 0xff, 0xff, 0xff, 0x73, 
0x21, 0x48, 0x83, 0xbd, 0x18, 0xff, 0xff, 0xff, 0x00, 0x74, 0x17, 0x48, 0x8b, 0x95, 0x18, 0xff, 
0xff, 0xff, 0x48, 0x8b, 0x45, 0xf8, 0x48, 0x01, 0xc2, 0x0f, 0xb6, 0x85, 0x6f, 0xff, 0xff, 0xff, 
0x88, 0x02, 0x48, 0x83, 0x45, 0xf8, 0x01, 0xeb, 0x3a, 0x48, 0x8b, 0x45, 0xf8, 0x48, 0x83, 0xc0, 
0x01, 0x48, 0x3b, 0x85, 0x10, 0xff, 0xff, 0xff, 0x73, 0x21, 0x48, 0x83, 0xbd, 0x18, 0xff, 0xff, 
0xff, 0x00, 0x74, 0x17, 0x48, 0x8b, 0x95, 0x18, 0xff, 0xff, 0xff, 0x48, 0x8b, 0x45, 0xf8, 0x48, 
0x01, 0xc2, 0x48, 0x8b, 0x45, 0xf0, 0x0f, 0xb6, 0x00, 0x88, 0x02, 0x48, 0x83, 0x45, 0xf8, 0x01, 
0xeb, 0x01, 0x90, 0x48, 0x83, 0x45, 0xf0, 0x01, 0x48, 0x8b, 0x45, 0xf0, 0x0f, 0xb6, 0x00, 0x84, 
0xc0, 0x0f, 0x85, 0x9b, 0xf5, 0xff, 0xff, 0xeb, 0x01, 0x90, 0x48, 0x83, 0xbd, 0x18, 0xff, 0xff, 
0xff, 0x00, 0x74, 0x42, 0x48, 0x83, 0xbd, 0x10, 0xff, 0xff, 0xff, 0x00, 0x74, 0x38, 0x48, 0x8b, 
0x45, 0xf8, 0x48, 0x3b, 0x85, 0x10, 0xff, 0xff, 0xff, 0x73, 0x13, 0x48, 0x8b, 0x95, 0x18, 0xff, 
0xff, 0xff, 0x48, 0x8b, 0x45, 0xf8, 0x48, 0x01, 0xd0, 0xc6, 0x00, 0x00, 0xeb, 0x18, 0x48, 0x8b, 
0x85, 0x10, 0xff, 0xff, 0xff, 0x48, 0x8d, 0x50, 0xff, 0x48, 0x8b, 0x85, 0x18, 0xff, 0xff, 0xff, 
0x48, 0x01, 0xd0, 0xc6, 0x00, 0x00, 0x48, 0x8b, 0x45, 0xf8, 0xc9, 0xc3, 0x55, 0x48, 0x89, 0xe5, 
0x48, 0x81, 0xec, 0xf0, 0x00, 0x00, 0x00, 0x48, 0x89, 0xbd, 0x28, 0xff, 0xff, 0xff, 0x48, 0x89, 
0xb5, 0x20, 0xff, 0xff, 0xff, 0x48, 0x89, 0x95, 0x18, 0xff, 0xff, 0xff, 0x48, 0x89, 0x8d, 0x68, 
0xff, 0xff, 0xff, 0x4c, 0x89, 0x85, 0x70, 0xff, 0xff, 0xff, 0x4c, 0x89, 0x8d, 0x78, 0xff, 0xff, 
0xff, 0x84, 0xc0, 0x74, 0x20, 0x0f, 0x29, 0x45, 0x80, 0x0f, 0x29, 0x4d, 0x90, 0x0f, 0x29, 0x55, 
0xa0, 0x0f, 0x29, 0x5d, 0xb0, 0x0f, 0x29, 0x65, 0xc0, 0x0f, 0x29, 0x6d, 0xd0, 0x0f, 0x29, 0x75, 
0xe0, 0x0f, 0x29, 0x7d, 0xf0, 0xc7, 0x85, 0x30, 0xff, 0xff, 0xff, 0x18, 0x00, 0x00, 0x00, 0xc7, 
0x85, 0x34, 0xff, 0xff, 0xff, 0x30, 0x00, 0x00, 0x00, 0x48, 0x8d, 0x45, 0x10, 0x48, 0x89, 0x85, 
0x38, 0xff, 0xff, 0xff, 0x48, 0x8d, 0x85, 0x50, 0xff, 0xff, 0xff, 0x48, 0x89, 0x85, 0x40, 0xff, 
0xff, 0xff, 0x48, 0x8d, 0x8d, 0x30, 0xff, 0xff, 0xff, 0x48, 0x8b, 0x95, 0x18, 0xff, 0xff, 0xff, 
0x48, 0x8b, 0xb5, 0x20, 0xff, 0xff, 0xff, 0x48, 0x8b, 0x85, 0x28, 0xff, 0xff, 0xff, 0x48, 0x89, 
0xc7, 0xe8, 0x5d, 0xf4, 0xff, 0xff, 0x89, 0x85, 0x4c, 0xff, 0xff, 0xff, 0x8b, 0x85, 0x4c, 0xff, 
0xff, 0xff, 0xc9, 0xc3, 0x55, 0x48, 0x89, 0xe5, 0x48, 0x81, 0xec, 0xe0, 0x00, 0x00, 0x00, 0x48, 
0x89, 0xbd, 0x28, 0xff, 0xff, 0xff, 0x48, 0x89, 0xb5, 0x20, 0xff, 0xff, 0xff, 0x48, 0x89, 0x95, 
0x60, 0xff, 0xff, 0xff, 0x48, 0x89, 0x8d, 0x68, 0xff, 0xff, 0xff, 0x4c, 0x89, 0x85, 0x70, 0xff, 
0xff, 0xff, 0x4c, 0x89, 0x8d, 0x78, 0xff, 0xff, 0xff, 0x84, 0xc0, 0x74, 0x20, 0x0f, 0x29, 0x45, 
0x80, 0x0f, 0x29, 0x4d, 0x90, 0x0f, 0x29, 0x55, 0xa0, 0x0f, 0x29, 0x5d, 0xb0, 0x0f, 0x29, 0x65, 
0xc0, 0x0f, 0x29, 0x6d, 0xd0, 0x0f, 0x29, 0x75, 0xe0, 0x0f, 0x29, 0x7d, 0xf0, 0xc7, 0x85, 0x30, 
0xff, 0xff, 0xff, 0x10, 0x00, 0x00, 0x00, 0xc7, 0x85, 0x34, 0xff, 0xff, 0xff, 0x30, 0x00, 0x00, 
0x00, 0x48, 0x8d, 0x45, 0x10, 0x48, 0x89, 0x85, 0x38, 0xff, 0xff, 0xff, 0x48, 0x8d, 0x85, 0x50, 
0xff, 0xff, 0xff, 0x48, 0x89, 0x85, 0x40, 0xff, 0xff, 0xff, 0x48, 0x8d, 0x8d, 0x30, 0xff, 0xff, 
0xff, 0x48, 0x8b, 0x95, 0x20, 0xff, 0xff, 0xff, 0x48, 0x8b, 0x85, 0x28, 0xff, 0xff, 0xff, 0xbe, 
0x00, 0x00, 0x01, 0x00, 0x48, 0x89, 0xc7, 0xe8, 0xa7, 0xf3, 0xff, 0xff, 0x89, 0x85, 0x4c, 0xff, 
0xff, 0xff, 0x8b, 0x85, 0x4c, 0xff, 0xff, 0xff, 0xc9, 0xc3, 0x55, 0x48, 0x89, 0xe5, 0x48, 0x81, 
0xec, 0x20, 0x04, 0x00, 0x00, 0x48, 0x89, 0xbd, 0xe8, 0xfb, 0xff, 0xff, 0x48, 0x89, 0xb5, 0xe0, 
0xfb, 0xff, 0xff, 0x48, 0x8b, 0x8d, 0xe0, 0xfb, 0xff, 0xff, 0x48, 0x8b, 0x95, 0xe8, 0xfb, 0xff, 
0xff, 0x48, 0x8d, 0x85, 0xf0, 0xfb, 0xff, 0xff, 0xbe, 0x00, 0x04, 0x00, 0x00, 0x48, 0x89, 0xc7, 
0xe8, 0x5e, 0xf3, 0xff, 0xff, 0x89, 0x45, 0xfc, 0x8b, 0x45, 0xfc, 0x48, 0x63, 0xd0, 0x48, 0x8d, 
0x85, 0xf0, 0xfb, 0xff, 0xff, 0x48, 0x89, 0xc6, 0xbf, 0x01, 0x00, 0x00, 0x00, 0xe8, 0x98, 0x23, 
0x00, 0x00, 0x8b, 0x45, 0xfc, 0xc9, 0xc3, 0x55, 0x48, 0x89, 0xe5, 0x48, 0x81, 0xec, 0xe0, 0x00, 
0x00, 0x00, 0x48, 0x89, 0xbd, 0x28, 0xff, 0xff, 0xff, 0x48, 0x89, 0xb5, 0x58, 0xff, 0xff, 0xff, 
0x48, 0x89, 0x95, 0x60, 0xff, 0xff, 0xff, 0x48, 0x89, 0x8d, 0x68, 0xff, 0xff, 0xff, 0x4c, 0x89, 
0x85, 0x70, 0xff, 0xff, 0xff, 0x4c, 0x89, 0x8d, 0x78, 0xff, 0xff, 0xff, 0x84, 0xc0, 0x74, 0x20, 
0x0f, 0x29, 0x45, 0x80, 0x0f, 0x29, 0x4d, 0x90, 0x0f, 0x29, 0x55, 0xa0, 0x0f, 0x29, 0x5d, 0xb0, 
0x0f, 0x29, 0x65, 0xc0, 0x0f, 0x29, 0x6d, 0xd0, 0x0f, 0x29, 0x75, 0xe0, 0x0f, 0x29, 0x7d, 0xf0, 
0xc7, 0x85, 0x30, 0xff, 0xff, 0xff, 0x08, 0x00, 0x00, 0x00, 0xc7, 0x85, 0x34, 0xff, 0xff, 0xff, 
0x30, 0x00, 0x00, 0x00, 0x48, 0x8d, 0x45, 0x10, 0x48, 0x89, 0x85, 0x38, 0xff, 0xff, 0xff, 0x48, 
0x8d, 0x85, 0x50, 0xff, 0xff, 0xff, 0x48, 0x89, 0x85, 0x40, 0xff, 0xff, 0xff, 0x48, 0x8d, 0x95, 
0x30, 0xff, 0xff, 0xff, 0x48, 0x8b, 0x85, 0x28, 0xff, 0xff, 0xff, 0x48, 0x89, 0xd6, 0x48, 0x89, 
0xc7, 0xe8, 0x04, 0xff, 0xff, 0xff, 0x89, 0x85, 0x4c, 0xff, 0xff, 0xff, 0x8b, 0x85, 0x4c, 0xff, 
0xff, 0xff, 0xc9, 0xc3, 0x55, 0x48, 0x89, 0xe5, 0x48, 0x83, 0xec, 0x20, 0x48, 0x89, 0x7d, 0xe8, 
0x48, 0x8b, 0x45, 0xe8, 0x48, 0x89, 0xc7, 0xe8, 0xc6, 0x17, 0x00, 0x00, 0x48, 0x89, 0x45, 0xf8, 
0x48, 0x8b, 0x55, 0xf8, 0x48, 0x8b, 0x45, 0xe8, 0x48, 0x89, 0xc6, 0xbf, 0x01, 0x00, 0x00, 0x00, 
0xe8, 0xb5, 0x22, 0x00, 0x00, 0xba, 0x01, 0x00, 0x00, 0x00, 0xbe, 0x4e, 0x50, 0x40, 0x00, 0xbf, 
0x01, 0x00, 0x00, 0x00, 0xe8, 0xa1, 0x22, 0x00, 0x00, 0x48, 0x8b, 0x45, 0xf8, 0x83, 0xc0, 0x01, 
0xc9, 0xc3, 0x55, 0x48, 0x89, 0xe5, 0x48, 0x83, 0xec, 0x20, 0x89, 0x7d, 0xec, 0x8b, 0x45, 0xec, 
0x88, 0x45, 0xff, 0x48, 0x8d, 0x45, 0xff, 0xba, 0x01, 0x00, 0x00, 0x00, 0x48, 0x89, 0xc6, 0xbf, 
0x01, 0x00, 0x00, 0x00, 0xe8, 0x71, 0x22, 0x00, 0x00, 0x8b, 0x45, 0xec, 0xc9, 0xc3, 0x55, 0x48, 
0x89, 0xe5, 0x48, 0x83, 0xec, 0x10, 0x48, 0x8d, 0x45, 0xf7, 0xba, 0x01, 0x00, 0x00, 0x00, 0x48, 
0x89, 0xc6, 0xbf, 0x00, 0x00, 0x00, 0x00, 0xe8, 0xf6, 0x21, 0x00, 0x00, 0x48, 0x89, 0x45, 0xf8, 
0x48, 0x83, 0x7d, 0xf8, 0x01, 0x75, 0x09, 0x0f, 0xb6, 0x45, 0xf7, 0x0f, 0xb6, 0xc0, 0xeb, 0x05, 
0xb8, 0xff, 0xff, 0xff, 0xff, 0xc9, 0xc3, 0x55, 0x48, 0x89, 0xe5, 0x48, 0x83, 0xec, 0x20, 0x48, 
0x89, 0x7d, 0xe8, 0x48, 0x89, 0x75, 0xe0, 0xc7, 0x45, 0xfc, 0x00, 0x00, 0x00, 0x00, 0x48, 0x8b, 
0x45, 0xe0, 0xbe, 0x50, 0x50, 0x40, 0x00, 0x48, 0x89, 0xc7, 0xe8, 0x77, 0x17, 0x00, 0x00, 0x85, 
0xc0, 0x75, 0x09, 0xc7, 0x45, 0xfc, 0x00, 0x00, 0x00, 0x00, 0xeb, 0x76, 0x48, 0x8b, 0x45, 0xe0, 
0xbe, 0x52, 0x50, 0x40, 0x00, 0x48, 0x89, 0xc7, 0xe8, 0x59, 0x17, 0x00, 0x00, 0x85, 0xc0, 0x75, 
0x09, 0xc7, 0x45, 0xfc, 0x41, 0x02, 0x00, 0x00, 0xeb, 0x58, 0x48, 0x8b, 0x45, 0xe0, 0xbe, 0x54, 
0x50, 0x40, 0x00, 0x48, 0x89, 0xc7, 0xe8, 0x3b, 0x17, 0x00, 0x00, 0x85, 0xc0, 0x75, 0x09, 0xc7, 
0x45, 0xfc, 0x41, 0x04, 0x00, 0x00, 0xeb, 0x3a, 0x48, 0x8b, 0x45, 0xe0, 0xbe, 0x56, 0x50, 0x40, 
0x00, 0x48, 0x89, 0xc7, 0xe8, 0x1d, 0x17, 0x00, 0x00, 0x85, 0xc0, 0x75, 0x09, 0xc7, 0x45, 0xfc, 
0x02, 0x00, 0x00, 0x00, 0xeb, 0x1c, 0x48, 0x8b, 0x45, 0xe0, 0xbe, 0x59, 0x50, 0x40, 0x00, 0x48, 
0x89, 0xc7, 0xe8, 0xff, 0x16, 0x00, 0x00, 0x85, 0xc0, 0x75, 0x07, 0xc7, 0x45, 0xfc, 0x42, 0x02, 
0x00, 0x00, 0x8b, 0x4d, 0xfc, 0x48, 0x8b, 0x45, 0xe8, 0xba, 0xa4, 0x01, 0x00, 0x00, 0x89, 0xce, 
0x48, 0x89, 0xc7, 0xb8, 0x00, 0x00, 0x00, 0x00, 0xe8, 0xde, 0x2b, 0x00, 0x00, 0x89, 0x45, 0xf8, 
0x83, 0x7d, 0xf8, 0x00, 0x79, 0x07, 0xb8, 0x00, 0x00, 0x00, 0x00, 0xeb, 0x3d, 0xbf, 0x08, 0x00, 
0x00, 0x00, 0xe8, 0x27, 0x06, 0x00, 0x00, 0x48, 0x89, 0x45, 0xf0, 0x48, 0x83, 0x7d, 0xf0, 0x00, 
0x75, 0x11, 0x8b, 0x45, 0xf8, 0x89, 0xc7, 0xe8, 0x96, 0x21, 0x00, 0x00, 0xb8, 0x00, 0x00, 0x00, 
0x00, 0xeb, 0x17, 0x48, 0x8b, 0x45, 0xf0, 0x8b, 0x55, 0xf8, 0x89, 0x10, 0x48, 0x8b, 0x45, 0xf0, 
0x8b, 0x55, 0xfc, 0x89, 0x50, 0x04, 0x48, 0x8b, 0x45, 0xf0, 0xc9, 0xc3, 0x55, 0x48, 0x89, 0xe5, 
0x48, 0x83, 0xec, 0x20, 0x48, 0x89, 0x7d, 0xe8, 0x48, 0x83, 0x7d, 0xe8, 0x00, 0x75, 0x07, 0xb8, 
0xff, 0xff, 0xff, 0xff, 0xeb, 0x55, 0x48, 0x8b, 0x45, 0xe8, 0x8b, 0x00, 0x89, 0xc7, 0xe8, 0x4f, 
0x21, 0x00, 0x00, 0x89, 0x45, 0xfc, 0x48, 0x8b, 0x05, 0xcb, 0x5c, 0x00, 0x00, 0x48, 0x39, 0x45, 
0xe8, 0x74, 0x26, 0x48, 0x8b, 0x05, 0xc6, 0x5c, 0x00, 0x00, 0x48, 0x39, 0x45, 0xe8, 0x74, 0x19, 
0x48, 0x8b, 0x05, 0xc1, 0x5c, 0x00, 0x00, 0x48, 0x39, 0x45, 0xe8, 0x74, 0x0c, 0x48, 0x8b, 0x45, 
0xe8, 0x48, 0x89, 0xc7, 0xe8, 0xf3, 0x06, 0x00, 0x00, 0x83, 0x7d, 0xfc, 0x00, 0x75, 0x07, 0xb8, 
0x00, 0x00, 0x00, 0x00, 0xeb, 0x05, 0xb8, 0xff, 0xff, 0xff, 0xff, 0xc9, 0xc3, 0x55, 0x48, 0x89, 
0xe5, 0x48, 0x83, 0xec, 0x30, 0x48, 0x89, 0x7d, 0xe8, 0x48, 0x89, 0x75, 0xe0, 0x48, 0x89, 0x55, 
0xd8, 0x48, 0x89, 0x4d, 0xd0, 0x48, 0x83, 0x7d, 0xd0, 0x00, 0x74, 0x0e, 0x48, 0x83, 0x7d, 0xe0, 
0x00, 0x74, 0x07, 0x48, 0x83, 0x7d, 0xd8, 0x00, 0x75, 0x07, 0xb8, 0x00, 0x00, 0x00, 0x00, 0xeb, 
0x3f, 0x48, 0x8b, 0x45, 0xe0, 0x48, 0x0f, 0xaf, 0x45, 0xd8, 0x48, 0x89, 0xc2, 0x48, 0x8b, 0x45, 
0xd0, 0x8b, 0x00, 0x48, 0x8b, 0x4d, 0xe8, 0x48, 0x89, 0xce, 0x89, 0xc7, 0xe8, 0x01, 0x20, 0x00, 
0x00, 0x48, 0x89, 0x45, 0xf8, 0x48, 0x83, 0x7d, 0xf8, 0x00, 0x7e, 0x0f, 0x48, 0x8b, 0x45, 0xf8, 
0xba, 0x00, 0x00, 0x00, 0x00, 0x48, 0xf7, 0x75, 0xe0, 0xeb, 0x05, 0xb8, 0x00, 0x00, 0x00, 0x00, 
0xc9, 0xc3, 0x55, 0x48, 0x89, 0xe5, 0x48, 0x83, 0xec, 0x30, 0x48, 0x89, 0x7d, 0xe8, 0x48, 0x89, 
0x75, 0xe0, 0x48, 0x89, 0x55, 0xd8, 0x48, 0x89, 0x4d, 0xd0, 0x48, 0x83, 0x7d, 0xd0, 0x00, 0x74, 
0x0e, 0x48, 0x83, 0x7d, 0xe0, 0x00, 0x74, 0x07, 0x48, 0x83, 0x7d, 0xd8, 0x00, 0x75, 0x07, 0xb8, 
0x00, 0x00, 0x00, 0x00, 0xeb, 0x3f, 0x48, 0x8b, 0x45, 0xe0, 0x48, 0x0f, 0xaf, 0x45, 0xd8, 0x48, 
0x89, 0xc2, 0x48, 0x8b, 0x45, 0xd0, 0x8b, 0x00, 0x48, 0x8b, 0x4d, 0xe8, 0x48, 0x89, 0xce, 0x89, 
0xc7, 0xe8, 0xe4, 0x1f, 0x00, 0x00, 0x48, 0x89, 0x45, 0xf8, 0x48, 0x83, 0x7d, 0xf8, 0x00, 0x7e, 
0x0f, 0x48, 0x8b, 0x45, 0xf8, 0xba, 0x00, 0x00, 0x00, 0x00, 0x48, 0xf7, 0x75, 0xe0, 0xeb, 0x05, 
0xb8, 0x00, 0x00, 0x00, 0x00, 0xc9, 0xc3, 0x55, 0x48, 0x89, 0xe5, 0x48, 0x83, 0xec, 0x40, 0x48, 
0x89, 0x7d, 0xd8, 0x89, 0x75, 0xd4, 0x48, 0x89, 0x55, 0xc8, 0x48, 0x83, 0x7d, 0xd8, 0x00, 0x74, 
0x0d, 0x83, 0x7d, 0xd4, 0x00, 0x7e, 0x07, 0x48, 0x83, 0x7d, 0xc8, 0x00, 0x75, 0x0a, 0xb8, 0x00, 
0x00, 0x00, 0x00, 0xe9, 0x80, 0x00, 0x00, 0x00, 0xc7, 0x45, 0xfc, 0x00, 0x00, 0x00, 0x00, 0xeb, 
0x52, 0x48, 0x8b, 0x45, 0xc8, 0x8b, 0x00, 0x48, 0x8d, 0x4d, 0xef, 0xba, 0x01, 0x00, 0x00, 0x00, 
0x48, 0x89, 0xce, 0x89, 0xc7, 0xe8, 0x18, 0x1f, 0x00, 0x00, 0x48, 0x89, 0x45, 0xf0, 0x48, 0x83, 
0x7d, 0xf0, 0x00, 0x7f, 0x0d, 0x83, 0x7d, 0xfc, 0x00, 0x75, 0x35, 0xb8, 0x00, 0x00, 0x00, 0x00, 
0xeb, 0x46, 0x8b, 0x45, 0xfc, 0x8d, 0x50, 0x01, 0x89, 0x55, 0xfc, 0x48, 0x63, 0xd0, 0x48, 0x8b, 
0x45, 0xd8, 0x48, 0x01, 0xc2, 0x0f, 0xb6, 0x45, 0xef, 0x88, 0x02, 0x0f, 0xb6, 0x45, 0xef, 0x3c, 
0x0a, 0x74, 0x10, 0x8b, 0x45, 0xd4, 0x83, 0xe8, 0x01, 0x39, 0x45, 0xfc, 0x7c, 0xa3, 0xeb, 0x04, 
0x90, 0xeb, 0x01, 0x90, 0x8b, 0x45, 0xfc, 0x48, 0x63, 0xd0, 0x48, 0x8b, 0x45, 0xd8, 0x48, 0x01, 
0xd0, 0xc6, 0x00, 0x00, 0x48, 0x8b, 0x45, 0xd8, 0xc9, 0xc3, 0x55, 0x48, 0x89, 0xe5, 0x48, 0x83, 
0xec, 0x20, 0x48, 0x89, 0x7d, 0xe8, 0x48, 0x89, 0x75, 0xe0, 0x48, 0x83, 0x7d, 0xe8, 0x00, 0x74, 
0x07, 0x48, 0x83, 0x7d, 0xe0, 0x00, 0x75, 0x07, 0xb8, 0xff, 0xff, 0xff, 0xff, 0xeb, 0x42, 0x48, 
0x8b, 0x45, 0xe8, 0x48, 0x89, 0xc7, 0xe8, 0xd7, 0x13, 0x00, 0x00, 0x48, 0x89, 0x45, 0xf8, 0x48, 
0x8b, 0x45, 0xe0, 0x8b, 0x00, 0x48, 0x8b, 0x55, 0xf8, 0x48, 0x8b, 0x4d, 0xe8, 0x48, 0x89, 0xce, 
0x89, 0xc7, 0xe8, 0xc3, 0x1e, 0x00, 0x00, 0x48, 0x89, 0x45, 0xf0, 0x48, 0x8b, 0x45, 0xf8, 0x48, 
0x39, 0x45, 0xf0, 0x75, 0x07, 0xb8, 0x00, 0x00, 0x00, 0x00, 0xeb, 0x05, 0xb8, 0xff, 0xff, 0xff, 
0xff, 0xc9, 0xc3, 0x55, 0x48, 0x89, 0xe5, 0x48, 0x83, 0xec, 0x20, 0x89, 0x7d, 0xec, 0x48, 0x89, 
0x75, 0xe0, 0x48, 0x83, 0x7d, 0xe0, 0x00, 0x75, 0x07, 0xb8, 0xff, 0xff, 0xff, 0xff, 0xeb, 0x34, 
0x8b, 0x45, 0xec, 0x88, 0x45, 0xf7, 0x48, 0x8b, 0x45, 0xe0, 0x8b, 0x00, 0x48, 0x8d, 0x4d, 0xf7, 
0xba, 0x01, 0x00, 0x00, 0x00, 0x48, 0x89, 0xce, 0x89, 0xc7, 0xe8, 0x6b, 0x1e, 0x00, 0x00, 0x48, 
0x89, 0x45, 0xf8, 0x48, 0x83, 0x7d, 0xf8, 0x01, 0x75, 0x05, 0x8b, 0x45, 0xec, 0xeb, 0x05, 0xb8, 
0xff, 0xff, 0xff, 0xff, 0xc9, 0xc3, 0x55, 0x48, 0x89, 0xe5, 0x48, 0x83, 0xec, 0x20, 0x48, 0x89, 
0x7d, 0xe8, 0x48, 0x83, 0x7d, 0xe8, 0x00, 0x75, 0x07, 0xb8, 0xff, 0xff, 0xff, 0xff, 0xeb, 0x32, 
0x48, 0x8b, 0x45, 0xe8, 0x8b, 0x00, 0x48, 0x8d, 0x4d, 0xf7, 0xba, 0x01, 0x00, 0x00, 0x00, 0x48, 
0x89, 0xce, 0x89, 0xc7, 0xe8, 0xc9, 0x1d, 0x00, 0x00, 0x48, 0x89, 0x45, 0xf8, 0x48, 0x83, 0x7d, 
0xf8, 0x01, 0x75, 0x09, 0x0f, 0xb6, 0x45, 0xf7, 0x0f, 0xb6, 0xc0, 0xeb, 0x05, 0xb8, 0xff, 0xff, 
0xff, 0xff, 0xc9, 0xc3, 0x55, 0x48, 0x89, 0xe5, 0x48, 0x81, 0xec, 0xf0, 0x04, 0x00, 0x00, 0x48, 
0x89, 0xbd, 0x18, 0xfb, 0xff, 0xff, 0x48, 0x89, 0xb5, 0x10, 0xfb, 0xff, 0xff, 0x48, 0x89, 0x95, 
0x60, 0xff, 0xff, 0xff, 0x48, 0x89, 0x8d, 0x68, 0xff, 0xff, 0xff, 0x4c, 0x89, 0x85, 0x70, 0xff, 
0xff, 0xff, 0x4c, 0x89, 0x8d, 0x78, 0xff, 0xff, 0xff, 0x84, 0xc0, 0x74, 0x20, 0x0f, 0x29, 0x45, 
0x80, 0x0f, 0x29, 0x4d, 0x90, 0x0f, 0x29, 0x55, 0xa0, 0x0f, 0x29, 0x5d, 0xb0, 0x0f, 0x29, 0x65, 
0xc0, 0x0f, 0x29, 0x6d, 0xd0, 0x0f, 0x29, 0x75, 0xe0, 0x0f, 0x29, 0x7d, 0xf0, 0x48, 0x83, 0xbd, 
0x18, 0xfb, 0xff, 0xff, 0x00, 0x75, 0x07, 0xb8, 0xff, 0xff, 0xff, 0xff, 0xeb, 0x7e, 0xc7, 0x85, 
0x28, 0xfb, 0xff, 0xff, 0x10, 0x00, 0x00, 0x00, 0xc7, 0x85, 0x2c, 0xfb, 0xff, 0xff, 0x30, 0x00, 
0x00, 0x00, 0x48, 0x8d, 0x45, 0x10, 0x48, 0x89, 0x85, 0x30, 0xfb, 0xff, 0xff, 0x48, 0x8d, 0x85, 
0x50, 0xff, 0xff, 0xff, 0x48, 0x89, 0x85, 0x38, 0xfb, 0xff, 0xff, 0x48, 0x8d, 0x8d, 0x28, 0xfb, 
0xff, 0xff, 0x48, 0x8b, 0x95, 0x10, 0xfb, 0xff, 0xff, 0x48, 0x8d, 0x85, 0x40, 0xfb, 0xff, 0xff, 
0xbe, 0x00, 0x04, 0x00, 0x00, 0x48, 0x89, 0xc7, 0xe8, 0xf6, 0xec, 0xff, 0xff, 0x89, 0x85, 0x4c, 
0xff, 0xff, 0xff, 0x8b, 0x85, 0x4c, 0xff, 0xff, 0xff, 0x48, 0x63, 0xd0, 0x48, 0x8b, 0x85, 0x18, 
0xfb, 0xff, 0xff, 0x8b, 0x00, 0x48, 0x8d, 0x8d, 0x40, 0xfb, 0xff, 0xff, 0x48, 0x89, 0xce, 0x89, 
0xc7, 0xe8, 0x24, 0x1d, 0x00, 0x00, 0x8b, 0x85, 0x4c, 0xff, 0xff, 0xff, 0xc9, 0xc3, 0x55, 0x48, 
0x89, 0xe5, 0x48, 0x83, 0xec, 0x08, 0x48, 0x89, 0x7d, 0xf8, 0xb8, 0x00, 0x00, 0x00, 0x00, 0xc9, 
0xc3, 0x55, 0x48, 0x89, 0xe5, 0x48, 0x83, 0xec, 0x30, 0x48, 0x89, 0x7d, 0xe8, 0x48, 0x89, 0x75, 
0xe0, 0x89, 0x55, 0xdc, 0x48, 0x83, 0x7d, 0xe8, 0x00, 0x75, 0x07, 0xb8, 0xff, 0xff, 0xff, 0xff, 
0xeb, 0x2e, 0x48, 0x8b, 0x45, 0xe8, 0x8b, 0x00, 0x8b, 0x55, 0xdc, 0x48, 0x8b, 0x4d, 0xe0, 0x48, 
0x89, 0xce, 0x89, 0xc7, 0xe8, 0x70, 0x1d, 0x00, 0x00, 0x48, 0x89, 0x45, 0xf8, 0x48, 0x83, 0x7d, 
0xf8, 0x00, 0x78, 0x07, 0xb8, 0x00, 0x00, 0x00, 0x00, 0xeb, 0x05, 0xb8, 0xff, 0xff, 0xff, 0xff, 
0xc9, 0xc3, 0x55, 0x48, 0x89, 0xe5, 0x48, 0x83, 0xec, 0x20, 0x48, 0x89, 0x7d, 0xe8, 0x48, 0x83, 
0x7d, 0xe8, 0x00, 0x75, 0x09, 0x48, 0xc7, 0xc0, 0xff, 0xff, 0xff, 0xff, 0xeb, 0x1f, 0x48, 0x8b, 
0x45, 0xe8, 0x8b, 0x00, 0xba, 0x01, 0x00, 0x00, 0x00, 0xbe, 0x00, 0x00, 0x00, 0x00, 0x89, 0xc7, 
0xe8, 0x24, 0x1d, 0x00, 0x00, 0x48, 0x89, 0x45, 0xf8, 0x48, 0x8b, 0x45, 0xf8, 0xc9, 0xc3, 0x55, 
0x48, 0x89, 0xe5, 0x48, 0x83, 0xec, 0x10, 0x48, 0x89, 0x7d, 0xf8, 0x48, 0x83, 0x7d, 0xf8, 0x00, 
0x74, 0x16, 0x48, 0x8b, 0x45, 0xf8, 0xba, 0x00, 0x00, 0x00, 0x00, 0xbe, 0x00, 0x00, 0x00, 0x00, 
0x48, 0x89, 0xc7, 0xe8, 0x49, 0xff, 0xff, 0xff, 0x90, 0xc9, 0xc3, 0x55, 0x48, 0x89, 0xe5, 0x48, 
0x83, 0xec, 0x10, 0x48, 0x89, 0x7d, 0xf8, 0x48, 0x83, 0x7d, 0xf8, 0x00, 0x74, 0x41, 0x48, 0x8b, 
0x45, 0xf8, 0x0f, 0xb6, 0x00, 0x84, 0xc0, 0x74, 0x36, 0x48, 0x8b, 0x45, 0xf8, 0x48, 0x89, 0xc7, 
0xe8, 0x1d, 0x11, 0x00, 0x00, 0x48, 0x89, 0xc2, 0x48, 0x8b, 0x45, 0xf8, 0x48, 0x89, 0xc6, 0xbf, 
0x02, 0x00, 0x00, 0x00, 0xe8, 0x11, 0x1c, 0x00, 0x00, 0xba, 0x08, 0x00, 0x00, 0x00, 0xbe, 0x5c, 
0x50, 0x40, 0x00, 0xbf, 0x02, 0x00, 0x00, 0x00, 0xe8, 0xfd, 0x1b, 0x00, 0x00, 0xeb, 0x15, 0xba, 
0x06, 0x00, 0x00, 0x00, 0xbe, 0x65, 0x50, 0x40, 0x00, 0xbf, 0x02, 0x00, 0x00, 0x00, 0xe8, 0xe7, 
0x1b, 0x00, 0x00, 0x90, 0x90, 0xc9, 0xc3, 0x55, 0x48, 0x89, 0xe5, 0x48, 0x83, 0xec, 0x08, 0x89, 
0x7d, 0xfc, 0x83, 0x7d, 0xfc, 0x20, 0x74, 0x1e, 0x83, 0x7d, 0xfc, 0x09, 0x74, 0x18, 0x83, 0x7d, 
0xfc, 0x0a, 0x74, 0x12, 0x83, 0x7d, 0xfc, 0x0d, 0x74, 0x0c, 0x83, 0x7d, 0xfc, 0x0c, 0x74, 0x06, 
0x83, 0x7d, 0xfc, 0x0b, 0x75, 0x07, 0xb8, 0x01, 0x00, 0x00, 0x00, 0xeb, 0x05, 0xb8, 0x00, 0x00, 
0x00, 0x00, 0xc9, 0xc3, 0x55, 0x48, 0x89, 0xe5, 0x48, 0x83, 0xec, 0x08, 0x89, 0x7d, 0xfc, 0x83, 
0x7d, 0xfc, 0x2f, 0x7e, 0x0d, 0x83, 0x7d, 0xfc, 0x39, 0x7f, 0x07, 0xb8, 0x01, 0x00, 0x00, 0x00, 
0xeb, 0x05, 0xb8, 0x00, 0x00, 0x00, 0x00, 0xc9, 0xc3, 0x55, 0x48, 0x89, 0xe5, 0x48, 0x83, 0xec, 
0x08, 0x89, 0x7d, 0xfc, 0x83, 0x7d, 0xfc, 0x60, 0x7e, 0x06, 0x83, 0x7d, 0xfc, 0x7a, 0x7e, 0x0c, 
0x83, 0x7d, 0xfc, 0x40, 0x7e, 0x0d, 0x83, 0x7d, 0xfc, 0x5a, 0x7f, 0x07, 0xb8, 0x01, 0x00, 0x00, 
0x00, 0xeb, 0x05, 0xb8, 0x00, 0x00, 0x00, 0x00, 0xc9, 0xc3, 0x55, 0x48, 0x89, 0xe5, 0x48, 0x83, 
0xec, 0x08, 0x89, 0x7d, 0xfc, 0x83, 0x7d, 0xfc, 0x60, 0x7e, 0x0e, 0x83, 0x7d, 0xfc, 0x7a, 0x7f, 
0x08, 0x8b, 0x45, 0xfc, 0x83, 0xe8, 0x20, 0xeb, 0x03, 0x8b, 0x45, 0xfc, 0xc9, 0xc3, 0x55, 0x48, 
0x89, 0xe5, 0x48, 0x83, 0xec, 0x30, 0x48, 0x89, 0x7d, 0xd8, 0x48, 0x83, 0x7d, 0xd8, 0x00, 0x75, 
0x0a, 0xb8, 0x00, 0x00, 0x00, 0x00, 0xe9, 0xf0, 0x00, 0x00, 0x00, 0x48, 0x8b, 0x45, 0xd8, 0x48, 
0x83, 0xc0, 0x0f, 0x48, 0x83, 0xe0, 0xf0, 0x48, 0x89, 0x45, 0xd8, 0x48, 0x8b, 0x05, 0x1e, 0x57, 
0x00, 0x00, 0x48, 0x89, 0x45, 0xf8, 0xeb, 0x49, 0x48, 0x8b, 0x45, 0xf8, 0x8b, 0x40, 0x08, 0x85, 
0xc0, 0x74, 0x25, 0x48, 0x8b, 0x45, 0xf8, 0x48, 0x8b, 0x00, 0x48, 0x3b, 0x45, 0xd8, 0x72, 0x18, 
0x48, 0x8b, 0x45, 0xf8, 0xc7, 0x40, 0x08, 0x00, 0x00, 0x00, 0x00, 0x48, 0x8b, 0x45, 0xf8, 0x48, 
0x83, 0xc0, 0x20, 0xe9, 0xa3, 0x00, 0x00, 0x00, 0x48, 0x8b, 0x45, 0xf8, 0x48, 0x8b, 0x40, 0x18, 
0x48, 0x85, 0xc0, 0x74, 0x15, 0x48, 0x8b, 0x45, 0xf8, 0x48, 0x8b, 0x40, 0x18, 0x48, 0x89, 0x45, 
0xf8, 0x48, 0x83, 0x7d, 0xf8, 0x00, 0x75, 0xb0, 0xeb, 0x01, 0x90, 0x48, 0x8b, 0x45, 0xd8, 0x48, 
0x83, 0xc0, 0x20, 0x48, 0x89, 0x45, 0xf0, 0x48, 0x8b, 0x45, 0xf0, 0x48, 0x89, 0xc7, 0xe8, 0x76, 
0x21, 0x00, 0x00, 0x48, 0x89, 0x45, 0xe8, 0x48, 0x83, 0x7d, 0xe8, 0xff, 0x75, 0x07, 0xb8, 0x00, 
0x00, 0x00, 0x00, 0xeb, 0x56, 0x48, 0x8b, 0x45, 0xe8, 0x48, 0x8b, 0x55, 0xd8, 0x48, 0x89, 0x10, 
0x48, 0x8b, 0x45, 0xe8, 0xc7, 0x40, 0x08, 0x00, 0x00, 0x00, 0x00, 0x48, 0x8b, 0x45, 0xe8, 0x48, 
0x8b, 0x55, 0xf8, 0x48, 0x89, 0x50, 0x10, 0x48, 0x8b, 0x45, 0xe8, 0x48, 0xc7, 0x40, 0x18, 0x00, 
0x00, 0x00, 0x00, 0x48, 0x83, 0x7d, 0xf8, 0x00, 0x74, 0x0e, 0x48, 0x8b, 0x45, 0xf8, 0x48, 0x8b, 
0x55, 0xe8, 0x48, 0x89, 0x50, 0x18, 0xeb, 0x0b, 0x48, 0x8b, 0x45, 0xe8, 0x48, 0x89, 0x05, 0x4d, 
0x56, 0x00, 0x00, 0x48, 0x8b, 0x45, 0xe8, 0x48, 0x83, 0xc0, 0x20, 0xc9, 0xc3, 0x55, 0x48, 0x89, 
0xe5, 0x48, 0x83, 0xec, 0x20, 0x48, 0x89, 0x7d, 0xe8, 0x48, 0x89, 0x75, 0xe0, 0x48, 0x8b, 0x45, 
0xe8, 0x48, 0x0f, 0xaf, 0x45, 0xe0, 0x48, 0x89, 0x45, 0xf8, 0x48, 0x8b, 0x45, 0xf8, 0x48, 0x89, 
0xc7, 0xe8, 0xc8, 0xfe, 0xff, 0xff, 0x48, 0x89, 0x45, 0xf0, 0x48, 0x83, 0x7d, 0xf0, 0x00, 0x74, 
0x15, 0x48, 0x8b, 0x55, 0xf8, 0x48, 0x8b, 0x45, 0xf0, 0xbe, 0x00, 0x00, 0x00, 0x00, 0x48, 0x89, 
0xc7, 0xe8, 0x3f, 0x16, 0x00, 0x00, 0x48, 0x8b, 0x45, 0xf0, 0xc9, 0xc3, 0x55, 0x48, 0x89, 0xe5, 
0x48, 0x83, 0xec, 0x18, 0x48, 0x89, 0x7d, 0xe8, 0x48, 0x83, 0x7d, 0xe8, 0x00, 0x0f, 0x84, 0xfb, 
0x00, 0x00, 0x00, 0x48, 0x8b, 0x45, 0xe8, 0x48, 0x83, 0xe8, 0x20, 0x48, 0x89, 0x45, 0xf8, 0x48, 
0x8b, 0x45, 0xf8, 0xc7, 0x40, 0x08, 0x01, 0x00, 0x00, 0x00, 0x48, 0x8b, 0x45, 0xf8, 0x48, 0x8b, 
0x40, 0x18, 0x48, 0x85, 0xc0, 0x74, 0x60, 0x48, 0x8b, 0x45, 0xf8, 0x48, 0x8b, 0x40, 0x18, 0x8b, 
0x40, 0x08, 0x85, 0xc0, 0x74, 0x51, 0x48, 0x8b, 0x45, 0xf8, 0x48, 0x8b, 0x10, 0x48, 0x8b, 0x45, 
0xf8, 0x48, 0x8b, 0x40, 0x18, 0x48, 0x8b, 0x00, 0x48, 0x01, 0xd0, 0x48, 0x8d, 0x50, 0x20, 0x48, 
0x8b, 0x45, 0xf8, 0x48, 0x89, 0x10, 0x48, 0x8b, 0x45, 0xf8, 0x48, 0x8b, 0x40, 0x18, 0x48, 0x8b, 
0x50, 0x18, 0x48, 0x8b, 0x45, 0xf8, 0x48, 0x89, 0x50, 0x18, 0x48, 0x8b, 0x45, 0xf8, 0x48, 0x8b, 
0x40, 0x18, 0x48, 0x85, 0xc0, 0x74, 0x10, 0x48, 0x8b, 0x45, 0xf8, 0x48, 0x8b, 0x40, 0x18, 0x48, 
0x8b, 0x55, 0xf8, 0x48, 0x89, 0x50, 0x10, 0x48, 0x8b, 0x45, 0xf8, 0x48, 0x8b, 0x40, 0x10, 0x48, 
0x85, 0xc0, 0x74, 0x6b, 0x48, 0x8b, 0x45, 0xf8, 0x48, 0x8b, 0x40, 0x10, 0x8b, 0x40, 0x08, 0x85, 
0xc0, 0x74, 0x5c, 0x48, 0x8b, 0x45, 0xf8, 0x48, 0x8b, 0x40, 0x10, 0x48, 0x8b, 0x10, 0x48, 0x8b, 
0x45, 0xf8, 0x48, 0x8b, 0x00, 0x48, 0x01, 0xc2, 0x48, 0x8b, 0x45, 0xf8, 0x48, 0x8b, 0x40, 0x10, 
0x48, 0x83, 0xc2, 0x20, 0x48, 0x89, 0x10, 0x48, 0x8b, 0x45, 0xf8, 0x48, 0x8b, 0x40, 0x10, 0x48, 
0x8b, 0x55, 0xf8, 0x48, 0x8b, 0x52, 0x18, 0x48, 0x89, 0x50, 0x18, 0x48, 0x8b, 0x45, 0xf8, 0x48, 
0x8b, 0x40, 0x18, 0x48, 0x85, 0xc0, 0x74, 0x17, 0x48, 0x8b, 0x45, 0xf8, 0x48, 0x8b, 0x40, 0x18, 
0x48, 0x8b, 0x55, 0xf8, 0x48, 0x8b, 0x52, 0x10, 0x48, 0x89, 0x50, 0x10, 0xeb, 0x01, 0x90, 0xc9, 
0xc3, 0x55, 0x48, 0x89, 0xe5, 0x48, 0x83, 0xec, 0x20, 0x48, 0x89, 0x7d, 0xe8, 0x48, 0x89, 0x75, 
0xe0, 0x48, 0x83, 0x7d, 0xe8, 0x00, 0x75, 0x0e, 0x48, 0x8b, 0x45, 0xe0, 0x48, 0x89, 0xc7, 0xe8, 
0x6a, 0xfd, 0xff, 0xff, 0xeb, 0x7a, 0x48, 0x83, 0x7d, 0xe0, 0x00, 0x75, 0x13, 0x48, 0x8b, 0x45, 
0xe8, 0x48, 0x89, 0xc7, 0xe8, 0xb3, 0xfe, 0xff, 0xff, 0xb8, 0x00, 0x00, 0x00, 0x00, 0xeb, 0x60, 
0x48, 0x8b, 0x45, 0xe8, 0x48, 0x83, 0xe8, 0x20, 0x48, 0x89, 0x45, 0xf8, 0x48, 0x8b, 0x45, 0xf8, 
0x48, 0x8b, 0x00, 0x48, 0x3b, 0x45, 0xe0, 0x72, 0x06, 0x48, 0x8b, 0x45, 0xe8, 0xeb, 0x41, 0x48, 
0x8b, 0x45, 0xe0, 0x48, 0x89, 0xc7, 0xe8, 0x23, 0xfd, 0xff, 0xff, 0x48, 0x89, 0x45, 0xf0, 0x48, 
0x83, 0x7d, 0xf0, 0x00, 0x74, 0x26, 0x48, 0x8b, 0x45, 0xf8, 0x48, 0x8b, 0x10, 0x48, 0x8b, 0x4d, 
0xe8, 0x48, 0x8b, 0x45, 0xf0, 0x48, 0x89, 0xce, 0x48, 0x89, 0xc7, 0xe8, 0x91, 0x13, 0x00, 0x00, 
0x48, 0x8b, 0x45, 0xe8, 0x48, 0x89, 0xc7, 0xe8, 0x50, 0xfe, 0xff, 0xff, 0x48, 0x8b, 0x45, 0xf0, 
0xc9, 0xc3, 0x55, 0x48, 0x89, 0xe5, 0x48, 0x83, 0xec, 0x08, 0x48, 0x89, 0x7d, 0xf8, 0x48, 0x83, 
0x7d, 0xf8, 0x00, 0x74, 0x0b, 0x8b, 0x05, 0x45, 0x55, 0x00, 0x00, 0x83, 0xf8, 0x1f, 0x7e, 0x07, 
0xb8, 0xff, 0xff, 0xff, 0xff, 0xeb, 0x22, 0x8b, 0x05, 0x33, 0x55, 0x00, 0x00, 0x8d, 0x50, 0x01, 
0x89, 0x15, 0x2a, 0x55, 0x00, 0x00, 0x48, 0x98, 0x48, 0x8b, 0x55, 0xf8, 0x48, 0x89, 0x14, 0xc5, 
0x80, 0x70, 0x40, 0x00, 0xb8, 0x00, 0x00, 0x00, 0x00, 0xc9, 0xc3, 0x55, 0x48, 0x89, 0xe5, 0x48, 
0x83, 0xec, 0x08, 0x89, 0x7d, 0xfc, 0x8b, 0x45, 0xfc, 0x89, 0xc2, 0xf7, 0xda, 0x0f, 0x49, 0xc2, 
0xc9, 0xc3, 0x55, 0x48, 0x89, 0xe5, 0x48, 0x83, 0xec, 0x20, 0x89, 0x7d, 0xec, 0x8b, 0x05, 0xed, 
0x54, 0x00, 0x00, 0x83, 0xe8, 0x01, 0x89, 0x45, 0xfc, 0xeb, 0x25, 0x8b, 0x45, 0xfc, 0x48, 0x98, 
0x48, 0x8b, 0x04, 0xc5, 0x80, 0x70, 0x40, 0x00, 0x48, 0x85, 0xc0, 0x74, 0x0f, 0x8b, 0x45, 0xfc, 
0x48, 0x98, 0x48, 0x8b, 0x04, 0xc5, 0x80, 0x70, 0x40, 0x00, 0xff, 0xd0, 0x83, 0x6d, 0xfc, 0x01, 
0x83, 0x7d, 0xfc, 0x00, 0x79, 0xd5, 0x8b, 0x45, 0xec, 0x48, 0x98, 0x48, 0x89, 0xc6, 0xbf, 0x3c, 
0x00, 0x00, 0x00, 0xb8, 0x00, 0x00, 0x00, 0x00, 0xe8, 0x4e, 0x21, 0x00, 0x00, 0x90, 0xeb, 0xfd, 
0x55, 0x48, 0x89, 0xe5, 0xe8, 0x2c, 0x1b, 0x00, 0x00, 0xbe, 0x06, 0x00, 0x00, 0x00, 0x89, 0xc7, 
0xe8, 0x50, 0x21, 0x00, 0x00, 0xbf, 0x86, 0x00, 0x00, 0x00, 0xe8, 0x83, 0xff, 0xff, 0xff, 0x55, 
0x48, 0x89, 0xe5, 0x48, 0x83, 0xec, 0x18, 0x48, 0x89, 0x7d, 0xe8, 0xeb, 0x05, 0x48, 0x83, 0x45, 
0xe8, 0x01, 0x48, 0x8b, 0x45, 0xe8, 0x0f, 0xb6, 0x00, 0x0f, 0xb6, 0xc0, 0x89, 0xc7, 0xe8, 0x34, 
0xfb, 0xff, 0xff, 0x85, 0xc0, 0x75, 0xe6, 0xc7, 0x45, 0xfc, 0x01, 0x00, 0x00, 0x00, 0x48, 0x8b, 
0x45, 0xe8, 0x0f, 0xb6, 0x00, 0x3c, 0x2d, 0x75, 0x0e, 0xc7, 0x45, 0xfc, 0xff, 0xff, 0xff, 0xff, 
0x48, 0x83, 0x45, 0xe8, 0x01, 0xeb, 0x10, 0x48, 0x8b, 0x45, 0xe8, 0x0f, 0xb6, 0x00, 0x3c, 0x2b, 
0x75, 0x05, 0x48, 0x83, 0x45, 0xe8, 0x01, 0xc7, 0x45, 0xf8, 0x00, 0x00, 0x00, 0x00, 0xeb, 0x25, 
0x8b, 0x55, 0xf8, 0x89, 0xd0, 0xc1, 0xe0, 0x02, 0x01, 0xd0, 0x01, 0xc0, 0x89, 0xc2, 0x48, 0x8b, 
0x45, 0xe8, 0x0f, 0xb6, 0x00, 0x0f, 0xbe, 0xc0, 0x83, 0xe8, 0x30, 0x01, 0xd0, 0x89, 0x45, 0xf8, 
0x48, 0x83, 0x45, 0xe8, 0x01, 0x48, 0x8b, 0x45, 0xe8, 0x0f, 0xb6, 0x00, 0x0f, 0xb6, 0xc0, 0x89, 
0xc7, 0xe8, 0xfe, 0xfa, 0xff, 0xff, 0x85, 0xc0, 0x75, 0xc6, 0x8b, 0x45, 0xfc, 0x0f, 0xaf, 0x45, 
0xf8, 0xc9, 0xc3, 0x55, 0x48, 0x89, 0xe5, 0x48, 0x83, 0xec, 0x10, 0x48, 0x89, 0x7d, 0xf8, 0x48, 
0x8b, 0x45, 0xf8, 0xba, 0x0a, 0x00, 0x00, 0x00, 0xbe, 0x00, 0x00, 0x00, 0x00, 0x48, 0x89, 0xc7, 
0xe8, 0x3d, 0x01, 0x00, 0x00, 0xc9, 0xc3, 0x55, 0x48, 0x89, 0xe5, 0x48, 0x83, 0xec, 0x28, 0x48, 
0x89, 0x7d, 0xd8, 0xeb, 0x05, 0x48, 0x83, 0x45, 0xd8, 0x01, 0x48, 0x8b, 0x45, 0xd8, 0x0f, 0xb6, 
0x00, 0x0f, 0xb6, 0xc0, 0x89, 0xc7, 0xe8, 0x6c, 0xfa, 0xff, 0xff, 0x85, 0xc0, 0x75, 0xe6, 0xf2, 
0x0f, 0x10, 0x05, 0x81, 0x32, 0x00, 0x00, 0xf2, 0x0f, 0x11, 0x45, 0xf8, 0x48, 0x8b, 0x45, 0xd8, 
0x0f, 0xb6, 0x00, 0x3c, 0x2d, 0x75, 0x14, 0xf2, 0x0f, 0x10, 0x05, 0x71, 0x32, 0x00, 0x00, 0xf2, 
0x0f, 0x11, 0x45, 0xf8, 0x48, 0x83, 0x45, 0xd8, 0x01, 0xeb, 0x10, 0x48, 0x8b, 0x45, 0xd8, 0x0f, 
0xb6, 0x00, 0x3c, 0x2b, 0x75, 0x05, 0x48, 0x83, 0x45, 0xd8, 0x01, 0x66, 0x0f, 0xef, 0xc0, 0xf2, 
0x0f, 0x11, 0x45, 0xf0, 0xeb, 0x34, 0xf2, 0x0f, 0x10, 0x4d, 0xf0, 0xf2, 0x0f, 0x10, 0x05, 0x45, 
0x32, 0x00, 0x00, 0xf2, 0x0f, 0x59, 0xc8, 0x48, 0x8b, 0x45, 0xd8, 0x0f, 0xb6, 0x00, 0x0f, 0xbe, 
0xc0, 0x83, 0xe8, 0x30, 0x66, 0x0f, 0xef, 0xc0, 0xf2, 0x0f, 0x2a, 0xc0, 0xf2, 0x0f, 0x58, 0xc1, 
0xf2, 0x0f, 0x11, 0x45, 0xf0, 0x48, 0x83, 0x45, 0xd8, 0x01, 0x48, 0x8b, 0x45, 0xd8, 0x0f, 0xb6, 
0x00, 0x0f, 0xb6, 0xc0, 0x89, 0xc7, 0xe8, 0x19, 0xfa, 0xff, 0xff, 0x85, 0xc0, 0x75, 0xb7, 0x48, 
0x8b, 0x45, 0xd8, 0x0f, 0xb6, 0x00, 0x3c, 0x2e, 0x75, 0x6c, 0x48, 0x83, 0x45, 0xd8, 0x01, 0xf2, 
0x0f, 0x10, 0x05, 0xf9, 0x31, 0x00, 0x00, 0xf2, 0x0f, 0x11, 0x45, 0xe8, 0xeb, 0x43, 0x48, 0x8b, 
0x45, 0xd8, 0x0f, 0xb6, 0x00, 0x0f, 0xbe, 0xc0, 0x83, 0xe8, 0x30, 0x66, 0x0f, 0xef, 0xc0, 0xf2, 
0x0f, 0x2a, 0xc0, 0xf2, 0x0f, 0x59, 0x45, 0xe8, 0xf2, 0x0f, 0x10, 0x4d, 0xf0, 0xf2, 0x0f, 0x58, 
0xc1, 0xf2, 0x0f, 0x11, 0x45, 0xf0, 0xf2, 0x0f, 0x10, 0x4d, 0xe8, 0xf2, 0x0f, 0x10, 0x05, 0xbd, 
0x31, 0x00, 0x00, 0xf2, 0x0f, 0x59, 0xc1, 0xf2, 0x0f, 0x11, 0x45, 0xe8, 0x48, 0x83, 0x45, 0xd8, 
0x01, 0x48, 0x8b, 0x45, 0xd8, 0x0f, 0xb6, 0x00, 0x0f, 0xb6, 0xc0, 0x89, 0xc7, 0xe8, 0xa2, 0xf9, 
0xff, 0xff, 0x85, 0xc0, 0x75, 0xa8, 0xf2, 0x0f, 0x10, 0x45, 0xf8, 0xf2, 0x0f, 0x59, 0x45, 0xf0, 
0xc9, 0xc3, 0x55, 0x48, 0x89, 0xe5, 0x48, 0x83, 0xec, 0x38, 0x48, 0x89, 0x7d, 0xd8, 0x48, 0x89, 
0x75, 0xd0, 0x89, 0x55, 0xcc, 0xeb, 0x05, 0x48, 0x83, 0x45, 0xd8, 0x01, 0x48, 0x8b, 0x45, 0xd8, 
0x0f, 0xb6, 0x00, 0x0f, 0xb6, 0xc0, 0x89, 0xc7, 0xe8, 0x2a, 0xf9, 0xff, 0xff, 0x85, 0xc0, 0x75, 
0xe6, 0xc7, 0x45, 0xfc, 0x01, 0x00, 0x00, 0x00, 0x48, 0x8b, 0x45, 0xd8, 0x0f, 0xb6, 0x00, 0x3c, 
0x2d, 0x75, 0x0e, 0xc7, 0x45, 0xfc, 0xff, 0xff, 0xff, 0xff, 0x48, 0x83, 0x45, 0xd8, 0x01, 0xeb, 
0x10, 0x48, 0x8b, 0x45, 0xd8, 0x0f, 0xb6, 0x00, 0x3c, 0x2b, 0x75, 0x05, 0x48, 0x83, 0x45, 0xd8, 
0x01, 0x83, 0x7d, 0xcc, 0x00, 0x75, 0x4c, 0x48, 0x8b, 0x45, 0xd8, 0x0f, 0xb6, 0x00, 0x3c, 0x30, 
0x75, 0x3a, 0x48, 0x8b, 0x45, 0xd8, 0x48, 0x83, 0xc0, 0x01, 0x0f, 0xb6, 0x00, 0x3c, 0x78, 0x74, 
0x0f, 0x48, 0x8b, 0x45, 0xd8, 0x48, 0x83, 0xc0, 0x01, 0x0f, 0xb6, 0x00, 0x3c, 0x58, 0x75, 0x0e, 
0xc7, 0x45, 0xcc, 0x10, 0x00, 0x00, 0x00, 0x48, 0x83, 0x45, 0xd8, 0x02, 0xeb, 0x15, 0xc7, 0x45, 
0xcc, 0x08, 0x00, 0x00, 0x00, 0x48, 0x83, 0x45, 0xd8, 0x01, 0xeb, 0x07, 0xc7, 0x45, 0xcc, 0x0a, 
0x00, 0x00, 0x00, 0x48, 0xc7, 0x45, 0xf0, 0x00, 0x00, 0x00, 0x00, 0xeb, 0x79, 0x48, 0x8b, 0x45, 
0xd8, 0x0f, 0xb6, 0x00, 0x0f, 0xb6, 0xc0, 0x89, 0xc7, 0xe8, 0xc6, 0xf8, 0xff, 0xff, 0x85, 0xc0, 
0x74, 0x12, 0x48, 0x8b, 0x45, 0xd8, 0x0f, 0xb6, 0x00, 0x0f, 0xbe, 0xc0, 0x83, 0xe8, 0x30, 0x89, 
0x45, 0xec, 0xeb, 0x2c, 0x48, 0x8b, 0x45, 0xd8, 0x0f, 0xb6, 0x00, 0x0f, 0xb6, 0xc0, 0x89, 0xc7, 
0xe8, 0xc4, 0xf8, 0xff, 0xff, 0x85, 0xc0, 0x74, 0x4e, 0x48, 0x8b, 0x45, 0xd8, 0x0f, 0xb6, 0x00, 
0x0f, 0xb6, 0xc0, 0x89, 0xc7, 0xe8, 0xe0, 0xf8, 0xff, 0xff, 0x83, 0xe8, 0x37, 0x89, 0x45, 0xec, 
0x8b, 0x45, 0xec, 0x3b, 0x45, 0xcc, 0x7d, 0x32, 0x8b, 0x45, 0xcc, 0x48, 0x98, 0x48, 0x0f, 0xaf, 
0x45, 0xf0, 0x48, 0x89, 0xc2, 0x8b, 0x45, 0xec, 0x48, 0x98, 0x48, 0x01, 0xd0, 0x48, 0x89, 0x45, 
0xf0, 0x48, 0x83, 0x45, 0xd8, 0x01, 0x48, 0x8b, 0x45, 0xd8, 0x0f, 0xb6, 0x00, 0x84, 0xc0, 0x0f, 
0x85, 0x78, 0xff, 0xff, 0xff, 0xeb, 0x04, 0x90, 0xeb, 0x01, 0x90, 0x48, 0x83, 0x7d, 0xd0, 0x00, 
0x74, 0x0b, 0x48, 0x8b, 0x45, 0xd0, 0x48, 0x8b, 0x55, 0xd8, 0x48, 0x89, 0x10, 0x8b, 0x45, 0xfc, 
0x48, 0x98, 0x48, 0x0f, 0xaf, 0x45, 0xf0, 0xc9, 0xc3, 0x55, 0x48, 0x89, 0xe5, 0x48, 0x83, 0xec, 
0x28, 0x48, 0x89, 0x7d, 0xe8, 0x48, 0x89, 0x75, 0xe0, 0x89, 0x55, 0xdc, 0xeb, 0x05, 0x48, 0x83, 
0x45, 0xe8, 0x01, 0x48, 0x8b, 0x45, 0xe8, 0x0f, 0xb6, 0x00, 0x0f, 0xb6, 0xc0, 0x89, 0xc7, 0xe8, 
0xc3, 0xf7, 0xff, 0xff, 0x85, 0xc0, 0x75, 0xe6, 0x48, 0x8b, 0x45, 0xe8, 0x0f, 0xb6, 0x00, 0x3c, 
0x2b, 0x75, 0x05, 0x48, 0x83, 0x45, 0xe8, 0x01, 0x83, 0x7d, 0xdc, 0x00, 0x75, 0x4c, 0x48, 0x8b, 
0x45, 0xe8, 0x0f, 0xb6, 0x00, 0x3c, 0x30, 0x75, 0x3a, 0x48, 0x8b, 0x45, 0xe8, 0x48, 0x83, 0xc0, 
0x01, 0x0f, 0xb6, 0x00, 0x3c, 0x78, 0x74, 0x0f, 0x48, 0x8b, 0x45, 0xe8, 0x48, 0x83, 0xc0, 0x01, 
0x0f, 0xb6, 0x00, 0x3c, 0x58, 0x75, 0x0e, 0xc7, 0x45, 0xdc, 0x10, 0x00, 0x00, 0x00, 0x48, 0x83, 
0x45, 0xe8, 0x02, 0xeb, 0x15, 0xc7, 0x45, 0xdc, 0x08, 0x00, 0x00, 0x00, 0x48, 0x83, 0x45, 0xe8, 
0x01, 0xeb, 0x07, 0xc7, 0x45, 0xdc, 0x0a, 0x00, 0x00, 0x00, 0x48, 0xc7, 0x45, 0xf8, 0x00, 0x00, 
0x00, 0x00, 0xeb, 0x79, 0x48, 0x8b, 0x45, 0xe8, 0x0f, 0xb6, 0x00, 0x0f, 0xb6, 0xc0, 0x89, 0xc7, 
0xe8, 0x7f, 0xf7, 0xff, 0xff, 0x85, 0xc0, 0x74, 0x12, 0x48, 0x8b, 0x45, 0xe8, 0x0f, 0xb6, 0x00, 
0x0f, 0xbe, 0xc0, 0x83, 0xe8, 0x30, 0x89, 0x45, 0xf4, 0xeb, 0x2c, 0x48, 0x8b, 0x45, 0xe8, 0x0f, 
0xb6, 0x00, 0x0f, 0xb6, 0xc0, 0x89, 0xc7, 0xe8, 0x7d, 0xf7, 0xff, 0xff, 0x85, 0xc0, 0x74, 0x4e, 
0x48, 0x8b, 0x45, 0xe8, 0x0f, 0xb6, 0x00, 0x0f, 0xb6, 0xc0, 0x89, 0xc7, 0xe8, 0x99, 0xf7, 0xff, 
0xff, 0x83, 0xe8, 0x37, 0x89, 0x45, 0xf4, 0x8b, 0x45, 0xf4, 0x3b, 0x45, 0xdc, 0x7d, 0x32, 0x8b, 
0x45, 0xdc, 0x48, 0x98, 0x48, 0x0f, 0xaf, 0x45, 0xf8, 0x48, 0x89, 0xc2, 0x8b, 0x45, 0xf4, 0x48, 
0x98, 0x48, 0x01, 0xd0, 0x48, 0x89, 0x45, 0xf8, 0x48, 0x83, 0x45, 0xe8, 0x01, 0x48, 0x8b, 0x45, 
0xe8, 0x0f, 0xb6, 0x00, 0x84, 0xc0, 0x0f, 0x85, 0x78, 0xff, 0xff, 0xff, 0xeb, 0x04, 0x90, 0xeb, 
0x01, 0x90, 0x48, 0x83, 0x7d, 0xe0, 0x00, 0x74, 0x0b, 0x48, 0x8b, 0x45, 0xe0, 0x48, 0x8b, 0x55, 
0xe8, 0x48, 0x89, 0x10, 0x48, 0x8b, 0x45, 0xf8, 0xc9, 0xc3, 0x55, 0x48, 0x89, 0xe5, 0x48, 0x83, 
0xec, 0x20, 0x48, 0x89, 0x7d, 0xe8, 0x48, 0x83, 0x7d, 0xe8, 0x00, 0x74, 0x0c, 0x48, 0x8b, 0x05, 
0x3c, 0x4e, 0x00, 0x00, 0x48, 0x85, 0xc0, 0x75, 0x07, 0xb8, 0x00, 0x00, 0x00, 0x00, 0xeb, 0x7a, 
0x48, 0x8b, 0x45, 0xe8, 0x48, 0x89, 0xc7, 0xe8, 0x56, 0x07, 0x00, 0x00, 0x48, 0x89, 0x45, 0xf0, 
0x48, 0x8b, 0x05, 0x19, 0x4e, 0x00, 0x00, 0x48, 0x89, 0x45, 0xf8, 0xeb, 0x4c, 0x48, 0x8b, 0x45, 
0xf8, 0x48, 0x8b, 0x00, 0x48, 0x8b, 0x55, 0xf0, 0x48, 0x8b, 0x4d, 0xe8, 0x48, 0x89, 0xce, 0x48, 
0x89, 0xc7, 0xe8, 0xf2, 0x07, 0x00, 0x00, 0x85, 0xc0, 0x75, 0x29, 0x48, 0x8b, 0x45, 0xf8, 0x48, 
0x8b, 0x10, 0x48, 0x8b, 0x45, 0xf0, 0x48, 0x01, 0xd0, 0x0f, 0xb6, 0x00, 0x3c, 0x3d, 0x75, 0x14, 
0x48, 0x8b, 0x45, 0xf8, 0x48, 0x8b, 0x00, 0x48, 0x8b, 0x55, 0xf0, 0x48, 0x83, 0xc2, 0x01, 0x48, 
0x01, 0xd0, 0xeb, 0x16, 0x48, 0x83, 0x45, 0xf8, 0x08, 0x48, 0x8b, 0x45, 0xf8, 0x48, 0x8b, 0x00, 
0x48, 0x85, 0xc0, 0x75, 0xa8, 0xb8, 0x00, 0x00, 0x00, 0x00, 0xc9, 0xc3, 0x55, 0x48, 0x89, 0xe5, 
0x48, 0x83, 0xec, 0x60, 0x48, 0x89, 0x7d, 0xb8, 0x48, 0x89, 0x75, 0xb0, 0x89, 0x55, 0xac, 0x48, 
0x83, 0x7d, 0xb8, 0x00, 0x74, 0x21, 0x48, 0x8b, 0x45, 0xb8, 0x0f, 0xb6, 0x00, 0x84, 0xc0, 0x74, 
0x16, 0x48, 0x8b, 0x45, 0xb8, 0xbe, 0x3d, 0x00, 0x00, 0x00, 0x48, 0x89, 0xc7, 0xe8, 0xa3, 0x0a, 
0x00, 0x00, 0x48, 0x85, 0xc0, 0x74, 0x14, 0xc7, 0x05, 0x07, 0x4f, 0x00, 0x00, 0x16, 0x00, 0x00, 
0x00, 0xb8, 0xff, 0xff, 0xff, 0xff, 0xe9, 0xca, 0x02, 0x00, 0x00, 0x48, 0x8b, 0x45, 0xb8, 0x48, 
0x89, 0xc7, 0xe8, 0x8b, 0x06, 0x00, 0x00, 0x48, 0x89, 0x45, 0xd8, 0x48, 0x83, 0x7d, 0xb0, 0x00, 
0x74, 0x12, 0x48, 0x8b, 0x45, 0xb0, 0x48, 0x89, 0xc7, 0xe8, 0x74, 0x06, 0x00, 0x00, 0x48, 0x89, 
0x45, 0xf8, 0xeb, 0x08, 0x48, 0xc7, 0x45, 0xf8, 0x00, 0x00, 0x00, 0x00, 0x48, 0x8b, 0x05, 0x2d, 
0x4d, 0x00, 0x00, 0x48, 0x85, 0xc0, 0x0f, 0x84, 0x07, 0x01, 0x00, 0x00, 0x48, 0x8b, 0x05, 0x1d, 
0x4d, 0x00, 0x00, 0x48, 0x89, 0x45, 0xf0, 0xe9, 0xe7, 0x00, 0x00, 0x00, 0x48, 0x8b, 0x45, 0xf0, 
0x48, 0x8b, 0x00, 0x48, 0x8b, 0x55, 0xd8, 0x48, 0x8b, 0x4d, 0xb8, 0x48, 0x89, 0xce, 0x48, 0x89, 
0xc7, 0xe8, 0xf3, 0x06, 0x00, 0x00, 0x85, 0xc0, 0x0f, 0x85, 0xc0, 0x00, 0x00, 0x00, 0x48, 0x8b, 
0x45, 0xf0, 0x48, 0x8b, 0x10, 0x48, 0x8b, 0x45, 0xd8, 0x48, 0x01, 0xd0, 0x0f, 0xb6, 0x00, 0x3c, 
0x3d, 0x0f, 0x85, 0xa7, 0x00, 0x00, 0x00, 0x83, 0x7d, 0xac, 0x00, 0x75, 0x0a, 0xb8, 0x00, 0x00, 
0x00, 0x00, 0xe9, 0x2e, 0x02, 0x00, 0x00, 0x48, 0x8b, 0x55, 0xd8, 0x48, 0x8b, 0x45, 0xf8, 0x48, 
0x01, 0xd0, 0x48, 0x83, 0xc0, 0x02, 0x48, 0x89, 0xc7, 0xe8, 0xc0, 0xf5, 0xff, 0xff, 0x48, 0x89, 
0x45, 0xd0, 0x48, 0x83, 0x7d, 0xd0, 0x00, 0x75, 0x14, 0xc7, 0x05, 0x35, 0x4e, 0x00, 0x00, 0x0c, 
0x00, 0x00, 0x00, 0xb8, 0xff, 0xff, 0xff, 0xff, 0xe9, 0xf8, 0x01, 0x00, 0x00, 0x48, 0x83, 0x7d, 
0xb0, 0x00, 0x0f, 0x95, 0xc0, 0x0f, 0xb6, 0xc0, 0x83, 0xe0, 0x01, 0x84, 0xc0, 0x74, 0x06, 0x48, 
0x8b, 0x4d, 0xb0, 0xeb, 0x05, 0xb9, 0x70, 0x50, 0x40, 0x00, 0x48, 0x8b, 0x55, 0xd8, 0x48, 0x8b, 
0x45, 0xf8, 0x48, 0x01, 0xd0, 0x48, 0x8d, 0x70, 0x02, 0x48, 0x8b, 0x55, 0xb8, 0x48, 0x8b, 0x45, 
0xd0, 0x49, 0x89, 0xc8, 0x48, 0x89, 0xd1, 0xba, 0x71, 0x50, 0x40, 0x00, 0x48, 0x89, 0xc7, 0xb8, 
0x00, 0x00, 0x00, 0x00, 0xe8, 0x23, 0xeb, 0xff, 0xff, 0x48, 0x8b, 0x45, 0xf0, 0x48, 0x8b, 0x55, 
0xd0, 0x48, 0x89, 0x10, 0xb8, 0x00, 0x00, 0x00, 0x00, 0xe9, 0x97, 0x01, 0x00, 0x00, 0x48, 0x83, 
0x45, 0xf0, 0x08, 0x48, 0x8b, 0x45, 0xf0, 0x48, 0x8b, 0x00, 0x48, 0x85, 0xc0, 0x0f, 0x85, 0x09, 
0xff, 0xff, 0xff, 0x48, 0x8b, 0x55, 0xd8, 0x48, 0x8b, 0x45, 0xf8, 0x48, 0x01, 0xd0, 0x48, 0x83, 
0xc0, 0x02, 0x48, 0x89, 0xc7, 0xe8, 0x14, 0xf5, 0xff, 0xff, 0x48, 0x89, 0x45, 0xc8, 0x48, 0x83, 
0x7d, 0xc8, 0x00, 0x75, 0x14, 0xc7, 0x05, 0x89, 0x4d, 0x00, 0x00, 0x0c, 0x00, 0x00, 0x00, 0xb8, 
0xff, 0xff, 0xff, 0xff, 0xe9, 0x4c, 0x01, 0x00, 0x00, 0x48, 0x83, 0x7d, 0xb0, 0x00, 0x0f, 0x95, 
0xc0, 0x0f, 0xb6, 0xc0, 0x83, 0xe0, 0x01, 0x84, 0xc0, 0x74, 0x06, 0x48, 0x8b, 0x4d, 0xb0, 0xeb, 
0x05, 0xb9, 0x70, 0x50, 0x40, 0x00, 0x48, 0x8b, 0x55, 0xd8, 0x48, 0x8b, 0x45, 0xf8, 0x48, 0x01, 
0xd0, 0x48, 0x8d, 0x70, 0x02, 0x48, 0x8b, 0x55, 0xb8, 0x48, 0x8b, 0x45, 0xc8, 0x49, 0x89, 0xc8, 
0x48, 0x89, 0xd1, 0xba, 0x71, 0x50, 0x40, 0x00, 0x48, 0x89, 0xc7, 0xb8, 0x00, 0x00, 0x00, 0x00, 
0xe8, 0x77, 0xea, 0xff, 0xff, 0x48, 0xc7, 0x45, 0xe8, 0x00, 0x00, 0x00, 0x00, 0x48, 0x8b, 0x05, 
0x8c, 0x4b, 0x00, 0x00, 0x48, 0x85, 0xc0, 0x74, 0x21, 0xeb, 0x05, 0x48, 0x83, 0x45, 0xe8, 0x01, 
0x48, 0x8b, 0x05, 0x79, 0x4b, 0x00, 0x00, 0x48, 0x8b, 0x55, 0xe8, 0x48, 0xc1, 0xe2, 0x03, 0x48, 
0x01, 0xd0, 0x48, 0x8b, 0x00, 0x48, 0x85, 0xc0, 0x75, 0xe1, 0x48, 0x8b, 0x45, 0xe8, 0x48, 0x83, 
0xc0, 0x02, 0x48, 0xc1, 0xe0, 0x03, 0x48, 0x89, 0xc7, 0xe8, 0x60, 0xf4, 0xff, 0xff, 0x48, 0x89, 
0x45, 0xc0, 0x48, 0x83, 0x7d, 0xc0, 0x00, 0x75, 0x20, 0x48, 0x8b, 0x45, 0xc8, 0x48, 0x89, 0xc7, 
0xe8, 0xa7, 0xf5, 0xff, 0xff, 0xc7, 0x05, 0xc9, 0x4c, 0x00, 0x00, 0x0c, 0x00, 0x00, 0x00, 0xb8, 
0xff, 0xff, 0xff, 0xff, 0xe9, 0x8c, 0x00, 0x00, 0x00, 0x48, 0xc7, 0x45, 0xe0, 0x00, 0x00, 0x00, 
0x00, 0xeb, 0x30, 0x48, 0x8b, 0x05, 0x16, 0x4b, 0x00, 0x00, 0x48, 0x8b, 0x55, 0xe0, 0x48, 0xc1, 
0xe2, 0x03, 0x48, 0x01, 0xd0, 0x48, 0x8b, 0x55, 0xe0, 0x48, 0x8d, 0x0c, 0xd5, 0x00, 0x00, 0x00, 
0x00, 0x48, 0x8b, 0x55, 0xc0, 0x48, 0x01, 0xca, 0x48, 0x8b, 0x00, 0x48, 0x89, 0x02, 0x48, 0x83, 
0x45, 0xe0, 0x01, 0x48, 0x8b, 0x45, 0xe0, 0x48, 0x3b, 0x45, 0xe8, 0x72, 0xc6, 0x48, 0x8b, 0x45, 
0xe8, 0x48, 0x8d, 0x14, 0xc5, 0x00, 0x00, 0x00, 0x00, 0x48, 0x8b, 0x45, 0xc0, 0x48, 0x01, 0xc2, 
0x48, 0x8b, 0x45, 0xc8, 0x48, 0x89, 0x02, 0x48, 0x8b, 0x45, 0xe8, 0x48, 0x83, 0xc0, 0x01, 0x48, 
0x8d, 0x14, 0xc5, 0x00, 0x00, 0x00, 0x00, 0x48, 0x8b, 0x45, 0xc0, 0x48, 0x01, 0xd0, 0x48, 0xc7, 
0x00, 0x00, 0x00, 0x00, 0x00, 0x48, 0x8b, 0x45, 0xc0, 0x48, 0x89, 0x05, 0xa0, 0x4a, 0x00, 0x00, 
0xb8, 0x00, 0x00, 0x00, 0x00, 0xc9, 0xc3, 0x55, 0x48, 0x89, 0xe5, 0x48, 0x83, 0xec, 0x30, 0x48, 
0x89, 0x7d, 0xd8, 0x48, 0x83, 0x7d, 0xd8, 0x00, 0x74, 0x2d, 0x48, 0x8b, 0x45, 0xd8, 0x0f, 0xb6, 
0x00, 0x84, 0xc0, 0x74, 0x22, 0x48, 0x8b, 0x45, 0xd8, 0xbe, 0x3d, 0x00, 0x00, 0x00, 0x48, 0x89, 
0xc7, 0xe8, 0x8f, 0x07, 0x00, 0x00, 0x48, 0x85, 0xc0, 0x75, 0x0c, 0x48, 0x8b, 0x05, 0x5e, 0x4a, 
0x00, 0x00, 0x48, 0x85, 0xc0, 0x75, 0x14, 0xc7, 0x05, 0xe7, 0x4b, 0x00, 0x00, 0x16, 0x00, 0x00, 
0x00, 0xb8, 0xff, 0xff, 0xff, 0xff, 0xe9, 0x92, 0x00, 0x00, 0x00, 0x48, 0x8b, 0x45, 0xd8, 0x48, 
0x89, 0xc7, 0xe8, 0x6b, 0x03, 0x00, 0x00, 0x48, 0x89, 0x45, 0xe8, 0x48, 0x8b, 0x05, 0x2e, 0x4a, 
0x00, 0x00, 0x48, 0x89, 0x45, 0xf8, 0xeb, 0x64, 0x48, 0x8b, 0x45, 0xf8, 0x48, 0x8b, 0x00, 0x48, 
0x8b, 0x55, 0xe8, 0x48, 0x8b, 0x4d, 0xd8, 0x48, 0x89, 0xce, 0x48, 0x89, 0xc7, 0xe8, 0x07, 0x04, 
0x00, 0x00, 0x85, 0xc0, 0x75, 0x41, 0x48, 0x8b, 0x45, 0xf8, 0x48, 0x8b, 0x10, 0x48, 0x8b, 0x45, 
0xe8, 0x48, 0x01, 0xd0, 0x0f, 0xb6, 0x00, 0x3c, 0x3d, 0x75, 0x2c, 0x48, 0x8b, 0x45, 0xf8, 0x48, 
0x89, 0x45, 0xf0, 0xeb, 0x14, 0x48, 0x8b, 0x45, 0xf0, 0x48, 0x8b, 0x50, 0x08, 0x48, 0x8b, 0x45, 
0xf0, 0x48, 0x89, 0x10, 0x48, 0x83, 0x45, 0xf0, 0x08, 0x48, 0x8b, 0x45, 0xf0, 0x48, 0x8b, 0x00, 
0x48, 0x85, 0xc0, 0x75, 0xe0, 0xeb, 0x05, 0x48, 0x83, 0x45, 0xf8, 0x08, 0x48, 0x8b, 0x45, 0xf8, 
0x48, 0x8b, 0x00, 0x48, 0x85, 0xc0, 0x75, 0x90, 0xb8, 0x00, 0x00, 0x00, 0x00, 0xc9, 0xc3, 0x55, 
0x48, 0x89, 0xe5, 0x48, 0x83, 0xec, 0x28, 0x48, 0x89, 0x7d, 0xe8, 0x48, 0x89, 0x75, 0xe0, 0x48, 
0x89, 0x55, 0xd8, 0xeb, 0x31, 0x48, 0x8b, 0x45, 0xe8, 0x0f, 0xb6, 0x00, 0x88, 0x45, 0xff, 0x48, 
0x8b, 0x45, 0xe8, 0x48, 0x8d, 0x50, 0x01, 0x48, 0x89, 0x55, 0xe8, 0x48, 0x8b, 0x55, 0xe0, 0x0f, 
0xb6, 0x12, 0x88, 0x10, 0x48, 0x8b, 0x45, 0xe0, 0x48, 0x8d, 0x50, 0x01, 0x48, 0x89, 0x55, 0xe0, 
0x0f, 0xb6, 0x55, 0xff, 0x88, 0x10, 0x48, 0x8b, 0x45, 0xd8, 0x48, 0x8d, 0x50, 0xff, 0x48, 0x89, 
0x55, 0xd8, 0x48, 0x85, 0xc0, 0x75, 0xbe, 0x90, 0x90, 0xc9, 0xc3, 0x55, 0x48, 0x89, 0xe5, 0x48, 
0x83, 0xec, 0x40, 0x48, 0x89, 0x7d, 0xd8, 0x48, 0x89, 0x75, 0xd0, 0x48, 0x89, 0x55, 0xc8, 0x48, 
0x89, 0x4d, 0xc0, 0x48, 0x83, 0x7d, 0xd8, 0x00, 0x0f, 0x84, 0xf4, 0x01, 0x00, 0x00, 0x48, 0x83, 
0x7d, 0xd0, 0x01, 0x0f, 0x86, 0xe9, 0x01, 0x00, 0x00, 0x48, 0x83, 0x7d, 0xc8, 0x00, 0x0f, 0x84, 
0xde, 0x01, 0x00, 0x00, 0x48, 0x83, 0x7d, 0xc0, 0x00, 0x0f, 0x84, 0xd3, 0x01, 0x00, 0x00, 0x48, 
0x8b, 0x45, 0xd8, 0x48, 0x89, 0x45, 0xe0, 0x48, 0xc7, 0x45, 0xf8, 0x00, 0x00, 0x00, 0x00, 0x48, 
0x8b, 0x45, 0xd0, 0x48, 0x83, 0xe8, 0x01, 0x48, 0x89, 0x45, 0xf0, 0x48, 0x8b, 0x45, 0xd0, 0x48, 
0xd1, 0xe8, 0x48, 0x0f, 0xaf, 0x45, 0xc8, 0x48, 0x89, 0xc2, 0x48, 0x8b, 0x45, 0xe0, 0x48, 0x01, 
0xd0, 0x48, 0x89, 0x45, 0xe8, 0xe9, 0x2c, 0x01, 0x00, 0x00, 0x48, 0x83, 0x45, 0xf8, 0x01, 0x48, 
0x8b, 0x45, 0xf8, 0x48, 0x0f, 0xaf, 0x45, 0xc8, 0x48, 0x89, 0xc2, 0x48, 0x8b, 0x45, 0xe0, 0x48, 
0x8d, 0x0c, 0x02, 0x48, 0x8b, 0x45, 0xe8, 0x48, 0x8b, 0x55, 0xc0, 0x48, 0x89, 0xc6, 0x48, 0x89, 
0xcf, 0xff, 0xd2, 0x85, 0xc0, 0x78, 0xd3, 0xeb, 0x0c, 0x48, 0x83, 0x7d, 0xf0, 0x00, 0x74, 0x2f, 
0x48, 0x83, 0x6d, 0xf0, 0x01, 0x48, 0x8b, 0x45, 0xf0, 0x48, 0x0f, 0xaf, 0x45, 0xc8, 0x48, 0x89, 
0xc2, 0x48, 0x8b, 0x45, 0xe0, 0x48, 0x8d, 0x0c, 0x02, 0x48, 0x8b, 0x45, 0xe8, 0x48, 0x8b, 0x55, 
0xc0, 0x48, 0x89, 0xc6, 0x48, 0x89, 0xcf, 0xff, 0xd2, 0x85, 0xc0, 0x7f, 0xcc, 0xeb, 0x01, 0x90, 
0x48, 0x8b, 0x45, 0xf8, 0x48, 0x39, 0x45, 0xf0, 0x0f, 0x82, 0xb8, 0x00, 0x00, 0x00, 0x48, 0x8b, 
0x45, 0xf8, 0x48, 0x3b, 0x45, 0xf0, 0x0f, 0x84, 0x99, 0x00, 0x00, 0x00, 0x48, 0x8b, 0x45, 0xf0, 
0x48, 0x0f, 0xaf, 0x45, 0xc8, 0x48, 0x89, 0xc2, 0x48, 0x8b, 0x45, 0xe0, 0x48, 0x8d, 0x34, 0x02, 
0x48, 0x8b, 0x45, 0xf8, 0x48, 0x0f, 0xaf, 0x45, 0xc8, 0x48, 0x89, 0xc2, 0x48, 0x8b, 0x45, 0xe0, 
0x48, 0x8d, 0x0c, 0x02, 0x48, 0x8b, 0x45, 0xc8, 0x48, 0x89, 0xc2, 0x48, 0x89, 0xcf, 0xe8, 0x6c, 
0xfe, 0xff, 0xff, 0x48, 0x8b, 0x45, 0xf8, 0x48, 0x0f, 0xaf, 0x45, 0xc8, 0x48, 0x89, 0xc2, 0x48, 
0x8b, 0x45, 0xe0, 0x48, 0x01, 0xd0, 0x48, 0x39, 0x45, 0xe8, 0x75, 0x19, 0x48, 0x8b, 0x45, 0xf0, 
0x48, 0x0f, 0xaf, 0x45, 0xc8, 0x48, 0x89, 0xc2, 0x48, 0x8b, 0x45, 0xe0, 0x48, 0x01, 0xd0, 0x48, 
0x89, 0x45, 0xe8, 0xeb, 0x30, 0x48, 0x8b, 0x45, 0xf0, 0x48, 0x0f, 0xaf, 0x45, 0xc8, 0x48, 0x89, 
0xc2, 0x48, 0x8b, 0x45, 0xe0, 0x48, 0x01, 0xd0, 0x48, 0x39, 0x45, 0xe8, 0x75, 0x17, 0x48, 0x8b, 
0x45, 0xf8, 0x48, 0x0f, 0xaf, 0x45, 0xc8, 0x48, 0x89, 0xc2, 0x48, 0x8b, 0x45, 0xe0, 0x48, 0x01, 
0xd0, 0x48, 0x89, 0x45, 0xe8, 0x48, 0x83, 0x45, 0xf8, 0x01, 0x48, 0x83, 0x7d, 0xf0, 0x00, 0x74, 
0x15, 0x48, 0x83, 0x6d, 0xf0, 0x01, 0x48, 0x8b, 0x45, 0xf8, 0x48, 0x39, 0x45, 0xf0, 0x0f, 0x83, 
0xcb, 0xfe, 0xff, 0xff, 0xeb, 0x01, 0x90, 0x48, 0x83, 0x7d, 0xf0, 0x00, 0x74, 0x1c, 0x48, 0x8b, 
0x45, 0xf0, 0x48, 0x8d, 0x70, 0x01, 0x48, 0x8b, 0x4d, 0xc0, 0x48, 0x8b, 0x55, 0xc8, 0x48, 0x8b, 
0x45, 0xe0, 0x48, 0x89, 0xc7, 0xe8, 0x21, 0xfe, 0xff, 0xff, 0x48, 0x8b, 0x45, 0xf8, 0x48, 0x3b, 
0x45, 0xd0, 0x73, 0x2f, 0x48, 0x8b, 0x45, 0xd0, 0x48, 0x2b, 0x45, 0xf8, 0x48, 0x8b, 0x55, 0xf8, 
0x48, 0x89, 0xd1, 0x48, 0x0f, 0xaf, 0x4d, 0xc8, 0x48, 0x8b, 0x55, 0xe0, 0x48, 0x8d, 0x3c, 0x11, 
0x48, 0x8b, 0x4d, 0xc0, 0x48, 0x8b, 0x55, 0xc8, 0x48, 0x89, 0xc6, 0xe8, 0xeb, 0xfd, 0xff, 0xff, 
0xeb, 0x01, 0x90, 0xc9, 0xc3, 0x55, 0x48, 0x89, 0xe5, 0x48, 0x8b, 0x05, 0x60, 0x47, 0x00, 0x00, 
0x48, 0x69, 0xc0, 0x6d, 0x4e, 0xc6, 0x41, 0x48, 0x05, 0x39, 0x30, 0x00, 0x00, 0x48, 0x89, 0x05, 
0x4c, 0x47, 0x00, 0x00, 0x48, 0x8b, 0x05, 0x45, 0x47, 0x00, 0x00, 0x48, 0xc1, 0xe8, 0x10, 0x25, 
0xff, 0x7f, 0x00, 0x00, 0x5d, 0xc3, 0x55, 0x48, 0x89, 0xe5, 0x48, 0x83, 0xec, 0x08, 0x89, 0x7d, 
0xfc, 0x8b, 0x45, 0xfc, 0x48, 0x89, 0x05, 0x25, 0x47, 0x00, 0x00, 0x90, 0xc9, 0xc3, 0x55, 0x48, 
0x89, 0xe5, 0x48, 0x83, 0xec, 0x08, 0x89, 0x7d, 0xfc, 0x83, 0x7d, 0xfc, 0x40, 0x7e, 0x0e, 0x83, 
0x7d, 0xfc, 0x5a, 0x7f, 0x08, 0x8b, 0x45, 0xfc, 0x83, 0xc0, 0x20, 0xeb, 0x03, 0x8b, 0x45, 0xfc, 
0xc9, 0xc3, 0x55, 0x48, 0x89, 0xe5, 0x48, 0x83, 0xec, 0x18, 0x48, 0x89, 0x7d, 0xe8, 0x48, 0xc7, 
0x45, 0xf8, 0x00, 0x00, 0x00, 0x00, 0xeb, 0x05, 0x48, 0x83, 0x45, 0xf8, 0x01, 0x48, 0x8b, 0x55, 
0xe8, 0x48, 0x8b, 0x45, 0xf8, 0x48, 0x01, 0xd0, 0x0f, 0xb6, 0x00, 0x84, 0xc0, 0x75, 0xe9, 0x48, 
0x8b, 0x45, 0xf8, 0xc9, 0xc3, 0x55, 0x48, 0x89, 0xe5, 0x48, 0x83, 0xec, 0x20, 0x48, 0x89, 0x7d, 
0xe8, 0x48, 0x89, 0x75, 0xe0, 0x48, 0xc7, 0x45, 0xf8, 0x00, 0x00, 0x00, 0x00, 0xeb, 0x05, 0x48, 
0x83, 0x45, 0xf8, 0x01, 0x48, 0x8b, 0x45, 0xf8, 0x48, 0x3b, 0x45, 0xe0, 0x73, 0x12, 0x48, 0x8b, 
0x55, 0xe8, 0x48, 0x8b, 0x45, 0xf8, 0x48, 0x01, 0xd0, 0x0f, 0xb6, 0x00, 0x84, 0xc0, 0x75, 0xdf, 
0x48, 0x8b, 0x45, 0xf8, 0xc9, 0xc3, 0x55, 0x48, 0x89, 0xe5, 0x48, 0x83, 0xec, 0x10, 0x48, 0x89, 
0x7d, 0xf8, 0x48, 0x89, 0x75, 0xf0, 0xeb, 0x0a, 0x48, 0x83, 0x45, 0xf8, 0x01, 0x48, 0x83, 0x45, 
0xf0, 0x01, 0x48, 0x8b, 0x45, 0xf8, 0x0f, 0xb6, 0x00, 0x84, 0xc0, 0x74, 0x12, 0x48, 0x8b, 0x45, 
0xf8, 0x0f, 0xb6, 0x10, 0x48, 0x8b, 0x45, 0xf0, 0x0f, 0xb6, 0x00, 0x38, 0xc2, 0x74, 0xd9, 0x48, 
0x8b, 0x45, 0xf8, 0x0f, 0xb6, 0x00, 0x0f, 0xb6, 0xd0, 0x48, 0x8b, 0x45, 0xf0, 0x0f, 0xb6, 0x00, 
0x0f, 0xb6, 0xc0, 0x29, 0xc2, 0x89, 0xd0, 0xc9, 0xc3, 0x55, 0x48, 0x89, 0xe5, 0x48, 0x83, 0xec, 
0x18, 0x48, 0x89, 0x7d, 0xf8, 0x48, 0x89, 0x75, 0xf0, 0x48, 0x89, 0x55, 0xe8, 0xeb, 0x0f, 0x48, 
0x83, 0x45, 0xf8, 0x01, 0x48, 0x83, 0x45, 0xf0, 0x01, 0x48, 0x83, 0x6d, 0xe8, 0x01, 0x48, 0x83, 
0x7d, 0xe8, 0x00, 0x74, 0x1d, 0x48, 0x8b, 0x45, 0xf8, 0x0f, 0xb6, 0x00, 0x84, 0xc0, 0x74, 0x12, 
0x48, 0x8b, 0x45, 0xf8, 0x0f, 0xb6, 0x10, 0x48, 0x8b, 0x45, 0xf0, 0x0f, 0xb6, 0x00, 0x38, 0xc2, 
0x74, 0xcd, 0x48, 0x83, 0x7d, 0xe8, 0x00, 0x75, 0x07, 0xba, 0x00, 0x00, 0x00, 0x00, 0xeb, 0x16, 
0x48, 0x8b, 0x45, 0xf8, 0x0f, 0xb6, 0x00, 0x0f, 0xb6, 0xd0, 0x48, 0x8b, 0x45, 0xf0, 0x0f, 0xb6, 
0x00, 0x0f, 0xb6, 0xc0, 0x29, 0xc2, 0x89, 0xd0, 0xc9, 0xc3, 0x55, 0x48, 0x89, 0xe5, 0x53, 0x48, 
0x83, 0xec, 0x10, 0x48, 0x89, 0x7d, 0xf0, 0x48, 0x89, 0x75, 0xe8, 0xeb, 0x0a, 0x48, 0x83, 0x45, 
0xf0, 0x01, 0x48, 0x83, 0x45, 0xe8, 0x01, 0x48, 0x8b, 0x45, 0xf0, 0x0f, 0xb6, 0x00, 0x84, 0xc0, 
0x74, 0x28, 0x48, 0x8b, 0x45, 0xf0, 0x0f, 0xb6, 0x00, 0x0f, 0xb6, 0xc0, 0x89, 0xc7, 0xe8, 0x6b, 
0xfe, 0xff, 0xff, 0x89, 0xc3, 0x48, 0x8b, 0x45, 0xe8, 0x0f, 0xb6, 0x00, 0x0f, 0xb6, 0xc0, 0x89, 
0xc7, 0xe8, 0x58, 0xfe, 0xff, 0xff, 0x39, 0xc3, 0x74, 0xc3, 0x48, 0x8b, 0x45, 0xf0, 0x0f, 0xb6, 
0x00, 0x0f, 0xb6, 0xc0, 0x89, 0xc7, 0xe8, 0x43, 0xfe, 0xff, 0xff, 0x89, 0xc3, 0x48, 0x8b, 0x45, 
0xe8, 0x0f, 0xb6, 0x00, 0x0f, 0xb6, 0xc0, 0x89, 0xc7, 0xe8, 0x30, 0xfe, 0xff, 0xff, 0x89, 0xda, 
0x29, 0xc2, 0x89, 0xd0, 0x48, 0x8b, 0x5d, 0xf8, 0xc9, 0xc3, 0x55, 0x48, 0x89, 0xe5, 0x53, 0x48, 
0x83, 0xec, 0x18, 0x48, 0x89, 0x7d, 0xf0, 0x48, 0x89, 0x75, 0xe8, 0x48, 0x89, 0x55, 0xe0, 0xeb, 
0x0f, 0x48, 0x83, 0x45, 0xf0, 0x01, 0x48, 0x83, 0x45, 0xe8, 0x01, 0x48, 0x83, 0x6d, 0xe0, 0x01, 
0x48, 0x83, 0x7d, 0xe0, 0x00, 0x74, 0x33, 0x48, 0x8b, 0x45, 0xf0, 0x0f, 0xb6, 0x00, 0x84, 0xc0, 
0x74, 0x28, 0x48, 0x8b, 0x45, 0xf0, 0x0f, 0xb6, 0x00, 0x0f, 0xb6, 0xc0, 0x89, 0xc7, 0xe8, 0xdb, 
0xfd, 0xff, 0xff, 0x89, 0xc3, 0x48, 0x8b, 0x45, 0xe8, 0x0f, 0xb6, 0x00, 0x0f, 0xb6, 0xc0, 0x89, 
0xc7, 0xe8, 0xc8, 0xfd, 0xff, 0xff, 0x39, 0xc3, 0x74, 0xb7, 0x48, 0x83, 0x7d, 0xe0, 0x00, 0x75, 
0x07, 0xba, 0x00, 0x00, 0x00, 0x00, 0xeb, 0x28, 0x48, 0x8b, 0x45, 0xf0, 0x0f, 0xb6, 0x00, 0x0f, 
0xb6, 0xc0, 0x89, 0xc7, 0xe8, 0xa5, 0xfd, 0xff, 0xff, 0x89, 0xc3, 0x48, 0x8b, 0x45, 0xe8, 0x0f, 
0xb6, 0x00, 0x0f, 0xb6, 0xc0, 0x89, 0xc7, 0xe8, 0x92, 0xfd, 0xff, 0xff, 0x89, 0xda, 0x29, 0xc2, 
0x89, 0xd0, 0x48, 0x8b, 0x5d, 0xf8, 0xc9, 0xc3, 0x55, 0x48, 0x89, 0xe5, 0x48, 0x83, 0xec, 0x20, 
0x48, 0x89, 0x7d, 0xe8, 0x48, 0x89, 0x75, 0xe0, 0x48, 0x8b, 0x45, 0xe8, 0x48, 0x89, 0x45, 0xf8, 
0x90, 0x48, 0x8b, 0x55, 0xe0, 0x48, 0x8d, 0x42, 0x01, 0x48, 0x89, 0x45, 0xe0, 0x48, 0x8b, 0x45, 
0xf8, 0x48, 0x8d, 0x48, 0x01, 0x48, 0x89, 0x4d, 0xf8, 0x0f, 0xb6, 0x12, 0x88, 0x10, 0x0f, 0xb6, 
0x00, 0x84, 0xc0, 0x75, 0xdc, 0x48, 0x8b, 0x45, 0xe8, 0xc9, 0xc3, 0x55, 0x48, 0x89, 0xe5, 0x48, 
0x83, 0xec, 0x28, 0x48, 0x89, 0x7d, 0xe8, 0x48, 0x89, 0x75, 0xe0, 0x48, 0x89, 0x55, 0xd8, 0x48, 
0xc7, 0x45, 0xf8, 0x00, 0x00, 0x00, 0x00, 0xeb, 0x20, 0x48, 0x8b, 0x55, 0xe0, 0x48, 0x8b, 0x45, 
0xf8, 0x48, 0x01, 0xd0, 0x48, 0x8b, 0x4d, 0xe8, 0x48, 0x8b, 0x55, 0xf8, 0x48, 0x01, 0xca, 0x0f, 
0xb6, 0x00, 0x88, 0x02, 0x48, 0x83, 0x45, 0xf8, 0x01, 0x48, 0x8b, 0x45, 0xf8, 0x48, 0x3b, 0x45, 
0xd8, 0x73, 0x27, 0x48, 0x8b, 0x55, 0xe0, 0x48, 0x8b, 0x45, 0xf8, 0x48, 0x01, 0xd0, 0x0f, 0xb6, 
0x00, 0x84, 0xc0, 0x75, 0xc4, 0xeb, 0x13, 0x48, 0x8b, 0x55, 0xe8, 0x48, 0x8b, 0x45, 0xf8, 0x48, 
0x01, 0xd0, 0xc6, 0x00, 0x00, 0x48, 0x83, 0x45, 0xf8, 0x01, 0x48, 0x8b, 0x45, 0xf8, 0x48, 0x3b, 
0x45, 0xd8, 0x72, 0xe3, 0x48, 0x8b, 0x45, 0xe8, 0xc9, 0xc3, 0x55, 0x48, 0x89, 0xe5, 0x48, 0x83, 
0xec, 0x20, 0x48, 0x89, 0x7d, 0xe8, 0x48, 0x89, 0x75, 0xe0, 0x48, 0x8b, 0x45, 0xe8, 0x48, 0x89, 
0x45, 0xf8, 0xeb, 0x05, 0x48, 0x83, 0x45, 0xf8, 0x01, 0x48, 0x8b, 0x45, 0xf8, 0x0f, 0xb6, 0x00, 
0x84, 0xc0, 0x75, 0xf0, 0x90, 0x48, 0x8b, 0x55, 0xe0, 0x48, 0x8d, 0x42, 0x01, 0x48, 0x89, 0x45, 
0xe0, 0x48, 0x8b, 0x45, 0xf8, 0x48, 0x8d, 0x48, 0x01, 0x48, 0x89, 0x4d, 0xf8, 0x0f, 0xb6, 0x12, 
0x88, 0x10, 0x0f, 0xb6, 0x00, 0x84, 0xc0, 0x75, 0xdc, 0x48, 0x8b, 0x45, 0xe8, 0xc9, 0xc3, 0x55, 
0x48, 0x89, 0xe5, 0x48, 0x83, 0xec, 0x28, 0x48, 0x89, 0x7d, 0xe8, 0x48, 0x89, 0x75, 0xe0, 0x48, 
0x89, 0x55, 0xd8, 0x48, 0x8b, 0x45, 0xe8, 0x48, 0x89, 0x45, 0xf8, 0xeb, 0x05, 0x48, 0x83, 0x45, 
0xf8, 0x01, 0x48, 0x8b, 0x45, 0xf8, 0x0f, 0xb6, 0x00, 0x84, 0xc0, 0x75, 0xf0, 0x48, 0xc7, 0x45, 
0xf0, 0x00, 0x00, 0x00, 0x00, 0xeb, 0x25, 0x48, 0x8b, 0x45, 0xf0, 0x48, 0x8d, 0x50, 0x01, 0x48, 
0x89, 0x55, 0xf0, 0x48, 0x8b, 0x55, 0xe0, 0x48, 0x8d, 0x0c, 0x10, 0x48, 0x8b, 0x45, 0xf8, 0x48, 
0x8d, 0x50, 0x01, 0x48, 0x89, 0x55, 0xf8, 0x0f, 0xb6, 0x11, 0x88, 0x10, 0x48, 0x8b, 0x45, 0xf0, 
0x48, 0x3b, 0x45, 0xd8, 0x73, 0x12, 0x48, 0x8b, 0x55, 0xe0, 0x48, 0x8b, 0x45, 0xf0, 0x48, 0x01, 
0xd0, 0x0f, 0xb6, 0x00, 0x84, 0xc0, 0x75, 0xbf, 0x48, 0x8b, 0x45, 0xf8, 0xc6, 0x00, 0x00, 0x48, 
0x8b, 0x45, 0xe8, 0xc9, 0xc3, 0x55, 0x48, 0x89, 0xe5, 0x48, 0x83, 0xec, 0x20, 0x48, 0x89, 0x7d, 
0xe8, 0x89, 0x75, 0xe4, 0x8b, 0x45, 0xe4, 0x88, 0x45, 0xff, 0xeb, 0x17, 0x48, 0x8b, 0x45, 0xe8, 
0x0f, 0xb6, 0x00, 0x38, 0x45, 0xff, 0x75, 0x06, 0x48, 0x8b, 0x45, 0xe8, 0xeb, 0x21, 0x48, 0x83, 
0x45, 0xe8, 0x01, 0x48, 0x8b, 0x45, 0xe8, 0x0f, 0xb6, 0x00, 0x84, 0xc0, 0x75, 0xde, 0x80, 0x7d, 
0xff, 0x00, 0x75, 0x06, 0x48, 0x8b, 0x45, 0xe8, 0xeb, 0x05, 0xb8, 0x00, 0x00, 0x00, 0x00, 0xc9, 
0xc3, 0x55, 0x48, 0x89, 0xe5, 0x48, 0x83, 0xec, 0x20, 0x48, 0x89, 0x7d, 0xe8, 0x89, 0x75, 0xe4, 
0x8b, 0x45, 0xe4, 0x88, 0x45, 0xf7, 0x48, 0xc7, 0x45, 0xf8, 0x00, 0x00, 0x00, 0x00, 0xeb, 0x19, 
0x48, 0x8b, 0x45, 0xe8, 0x0f, 0xb6, 0x00, 0x38, 0x45, 0xf7, 0x75, 0x08, 0x48, 0x8b, 0x45, 0xe8, 
0x48, 0x89, 0x45, 0xf8, 0x48, 0x83, 0x45, 0xe8, 0x01, 0x48, 0x8b, 0x45, 0xe8, 0x0f, 0xb6, 0x00, 
0x84, 0xc0, 0x75, 0xdc, 0x80, 0x7d, 0xf7, 0x00, 0x75, 0x06, 0x48, 0x8b, 0x45, 0xe8, 0xeb, 0x04, 
0x48, 0x8b, 0x45, 0xf8, 0xc9, 0xc3, 0x55, 0x48, 0x89, 0xe5, 0x48, 0x83, 0xec, 0x20, 0x48, 0x89, 
0x7d, 0xe8, 0x48, 0x89, 0x75, 0xe0, 0x48, 0x8b, 0x45, 0xe0, 0x0f, 0xb6, 0x00, 0x84, 0xc0, 0x75, 
0x72, 0x48, 0x8b, 0x45, 0xe8, 0xeb, 0x7c, 0x48, 0x8b, 0x45, 0xe8, 0x0f, 0xb6, 0x10, 0x48, 0x8b, 
0x45, 0xe0, 0x0f, 0xb6, 0x00, 0x38, 0xc2, 0x75, 0x55, 0x48, 0x8b, 0x45, 0xe8, 0x48, 0x89, 0x45, 
0xf8, 0x48, 0x8b, 0x45, 0xe0, 0x48, 0x89, 0x45, 0xf0, 0xeb, 0x0a, 0x48, 0x83, 0x45, 0xf8, 0x01, 
0x48, 0x83, 0x45, 0xf0, 0x01, 0x48, 0x8b, 0x45, 0xf8, 0x0f, 0xb6, 0x00, 0x84, 0xc0, 0x74, 0x1d, 
0x48, 0x8b, 0x45, 0xf0, 0x0f, 0xb6, 0x00, 0x84, 0xc0, 0x74, 0x12, 0x48, 0x8b, 0x45, 0xf8, 0x0f, 
0xb6, 0x10, 0x48, 0x8b, 0x45, 0xf0, 0x0f, 0xb6, 0x00, 0x38, 0xc2, 0x74, 0xce, 0x48, 0x8b, 0x45, 
0xf0, 0x0f, 0xb6, 0x00, 0x84, 0xc0, 0x75, 0x06, 0x48, 0x8b, 0x45, 0xe8, 0xeb, 0x15, 0x48, 0x83, 
0x45, 0xe8, 0x01, 0x48, 0x8b, 0x45, 0xe8, 0x0f, 0xb6, 0x00, 0x84, 0xc0, 0x75, 0x89, 0xb8, 0x00, 
0x00, 0x00, 0x00, 0xc9, 0xc3, 0x55, 0x48, 0x89, 0xe5, 0x48, 0x83, 0xec, 0x20, 0x48, 0x89, 0x7d, 
0xe8, 0x48, 0x8b, 0x45, 0xe8, 0x48, 0x89, 0xc7, 0xe8, 0xb5, 0xfa, 0xff, 0xff, 0x48, 0x83, 0xc0, 
0x01, 0x48, 0x89, 0x45, 0xf8, 0x48, 0x8b, 0x45, 0xf8, 0x48, 0x89, 0xc7, 0xe8, 0x7d, 0xea, 0xff, 
0xff, 0x48, 0x89, 0x45, 0xf0, 0x48, 0x83, 0x7d, 0xf0, 0x00, 0x74, 0x17, 0x48, 0x8b, 0x55, 0xf8, 
0x48, 0x8b, 0x4d, 0xe8, 0x48, 0x8b, 0x45, 0xf0, 0x48, 0x89, 0xce, 0x48, 0x89, 0xc7, 0xe8, 0xee, 
0x00, 0x00, 0x00, 0x48, 0x8b, 0x45, 0xf0, 0xc9, 0xc3, 0x55, 0x48, 0x89, 0xe5, 0x48, 0x83, 0xec, 
0x20, 0x48, 0x89, 0x7d, 0xe8, 0x48, 0x89, 0x75, 0xe0, 0x48, 0x83, 0x7d, 0xe8, 0x00, 0x75, 0x0b, 
0x48, 0x8b, 0x05, 0xb1, 0x42, 0x00, 0x00, 0x48, 0x89, 0x45, 0xe8, 0x48, 0x83, 0x7d, 0xe8, 0x00, 
0x75, 0x0f, 0xb8, 0x00, 0x00, 0x00, 0x00, 0xe9, 0xb3, 0x00, 0x00, 0x00, 0x48, 0x83, 0x45, 0xe8, 
0x01, 0x48, 0x8b, 0x45, 0xe8, 0x0f, 0xb6, 0x00, 0x84, 0xc0, 0x74, 0x1d, 0x48, 0x8b, 0x45, 0xe8, 
0x0f, 0xb6, 0x00, 0x0f, 0xbe, 0xd0, 0x48, 0x8b, 0x45, 0xe0, 0x89, 0xd6, 0x48, 0x89, 0xc7, 0xe8, 
0x11, 0xfe, 0xff, 0xff, 0x48, 0x85, 0xc0, 0x75, 0xd3, 0x48, 0x8b, 0x45, 0xe8, 0x0f, 0xb6, 0x00, 
0x84, 0xc0, 0x75, 0x12, 0x48, 0xc7, 0x05, 0x59, 0x42, 0x00, 0x00, 0x00, 0x00, 0x00, 0x00, 0xb8, 
0x00, 0x00, 0x00, 0x00, 0xeb, 0x69, 0x48, 0x8b, 0x45, 0xe8, 0x48, 0x89, 0x45, 0xf8, 0xeb, 0x05, 
0x48, 0x83, 0x45, 0xe8, 0x01, 0x48, 0x8b, 0x45, 0xe8, 0x0f, 0xb6, 0x00, 0x84, 0xc0, 0x74, 0x1d, 
0x48, 0x8b, 0x45, 0xe8, 0x0f, 0xb6, 0x00, 0x0f, 0xbe, 0xd0, 0x48, 0x8b, 0x45, 0xe0, 0x89, 0xd6, 
0x48, 0x89, 0xc7, 0xe8, 0xbd, 0xfd, 0xff, 0xff, 0x48, 0x85, 0xc0, 0x74, 0xd3, 0x48, 0x8b, 0x45, 
0xe8, 0x0f, 0xb6, 0x00, 0x84, 0xc0, 0x74, 0x18, 0x48, 0x8b, 0x45, 0xe8, 0xc6, 0x00, 0x00, 0x48, 
0x8b, 0x45, 0xe8, 0x48, 0x83, 0xc0, 0x01, 0x48, 0x89, 0x05, 0xfa, 0x41, 0x00, 0x00, 0xeb, 0x0b, 
0x48, 0xc7, 0x05, 0xed, 0x41, 0x00, 0x00, 0x00, 0x00, 0x00, 0x00, 0x48, 0x8b, 0x45, 0xf8, 0xc9, 
0xc3, 0x55, 0x48, 0x89, 0xe5, 0x48, 0x83, 0xec, 0x28, 0x48, 0x89, 0x7d, 0xe8, 0x48, 0x89, 0x75, 
0xe0, 0x48, 0x89, 0x55, 0xd8, 0x48, 0x8b, 0x45, 0xe8, 0x48, 0x89, 0x45, 0xf8, 0x48, 0x8b, 0x45, 
0xe0, 0x48, 0x89, 0x45, 0xf0, 0xeb, 0x1d, 0x48, 0x8b, 0x55, 0xf0, 0x48, 0x8d, 0x42, 0x01, 0x48, 
0x89, 0x45, 0xf0, 0x48, 0x8b, 0x45, 0xf8, 0x48, 0x8d, 0x48, 0x01, 0x48, 0x89, 0x4d, 0xf8, 0x0f, 
0xb6, 0x12, 0x88, 0x10, 0x48, 0x8b, 0x45, 0xd8, 0x48, 0x8d, 0x50, 0xff, 0x48, 0x89, 0x55, 0xd8, 
0x48, 0x85, 0xc0, 0x75, 0xd2, 0x48, 0x8b, 0x45, 0xe8, 0xc9, 0xc3, 0x55, 0x48, 0x89, 0xe5, 0x48, 
0x83, 0xec, 0x28, 0x48, 0x89, 0x7d, 0xe8, 0x48, 0x89, 0x75, 0xe0, 0x48, 0x89, 0x55, 0xd8, 0x48, 
0x8b, 0x45, 0xe8, 0x48, 0x89, 0x45, 0xf8, 0x48, 0x8b, 0x45, 0xe0, 0x48, 0x89, 0x45, 0xf0, 0x48, 
0x8b, 0x45, 0xf8, 0x48, 0x3b, 0x45, 0xf0, 0x73, 0x32, 0xeb, 0x1d, 0x48, 0x8b, 0x55, 0xf0, 0x48, 
0x8d, 0x42, 0x01, 0x48, 0x89, 0x45, 0xf0, 0x48, 0x8b, 0x45, 0xf8, 0x48, 0x8d, 0x48, 0x01, 0x48, 
0x89, 0x4d, 0xf8, 0x0f, 0xb6, 0x12, 0x88, 0x10, 0x48, 0x8b, 0x45, 0xd8, 0x48, 0x8d, 0x50, 0xff, 
0x48, 0x89, 0x55, 0xd8, 0x48, 0x85, 0xc0, 0x75, 0xd2, 0xeb, 0x44, 0x48, 0x8b, 0x45, 0xf8, 0x48, 
0x39, 0x45, 0xf0, 0x73, 0x3a, 0x48, 0x8b, 0x45, 0xd8, 0x48, 0x01, 0x45, 0xf8, 0x48, 0x8b, 0x45, 
0xd8, 0x48, 0x01, 0x45, 0xf0, 0xeb, 0x17, 0x48, 0x83, 0x6d, 0xf0, 0x01, 0x48, 0x83, 0x6d, 0xf8, 
0x01, 0x48, 0x8b, 0x45, 0xf0, 0x0f, 0xb6, 0x10, 0x48, 0x8b, 0x45, 0xf8, 0x88, 0x10, 0x48, 0x8b, 
0x45, 0xd8, 0x48, 0x8d, 0x50, 0xff, 0x48, 0x89, 0x55, 0xd8, 0x48, 0x85, 0xc0, 0x75, 0xd8, 0x48, 
0x8b, 0x45, 0xe8, 0xc9, 0xc3, 0x55, 0x48, 0x89, 0xe5, 0x48, 0x83, 0xec, 0x28, 0x48, 0x89, 0x7d, 
0xe8, 0x89, 0x75, 0xe4, 0x48, 0x89, 0x55, 0xd8, 0x48, 0x8b, 0x45, 0xe8, 0x48, 0x89, 0x45, 0xf8, 
0x8b, 0x45, 0xe4, 0x88, 0x45, 0xf7, 0xeb, 0x12, 0x48, 0x8b, 0x45, 0xf8, 0x48, 0x8d, 0x50, 0x01, 
0x48, 0x89, 0x55, 0xf8, 0x0f, 0xb6, 0x55, 0xf7, 0x88, 0x10, 0x48, 0x8b, 0x45, 0xd8, 0x48, 0x8d, 
0x50, 0xff, 0x48, 0x89, 0x55, 0xd8, 0x48, 0x85, 0xc0, 0x75, 0xdd, 0x48, 0x8b, 0x45, 0xe8, 0xc9, 
0xc3, 0x55, 0x48, 0x89, 0xe5, 0x48, 0x83, 0xec, 0x28, 0x48, 0x89, 0x7d, 0xe8, 0x48, 0x89, 0x75, 
0xe0, 0x48, 0x89, 0x55, 0xd8, 0x48, 0x8b, 0x45, 0xe8, 0x48, 0x89, 0x45, 0xf8, 0x48, 0x8b, 0x45, 
0xe0, 0x48, 0x89, 0x45, 0xf0, 0xeb, 0x34, 0x48, 0x8b, 0x45, 0xf8, 0x0f, 0xb6, 0x10, 0x48, 0x8b, 
0x45, 0xf0, 0x0f, 0xb6, 0x00, 0x38, 0xc2, 0x74, 0x18, 0x48, 0x8b, 0x45, 0xf8, 0x0f, 0xb6, 0x00, 
0x0f, 0xb6, 0xd0, 0x48, 0x8b, 0x45, 0xf0, 0x0f, 0xb6, 0x00, 0x0f, 0xb6, 0xc0, 0x29, 0xc2, 0xeb, 
0x20, 0x48, 0x83, 0x45, 0xf8, 0x01, 0x48, 0x83, 0x45, 0xf0, 0x01, 0x48, 0x8b, 0x45, 0xd8, 0x48, 
0x8d, 0x50, 0xff, 0x48, 0x89, 0x55, 0xd8, 0x48, 0x85, 0xc0, 0x75, 0xbb, 0xba, 0x00, 0x00, 0x00, 
0x00, 0x89, 0xd0, 0xc9, 0xc3, 0x55, 0x48, 0x89, 0xe5, 0x48, 0x83, 0xec, 0x28, 0x48, 0x89, 0x7d, 
0xe8, 0x89, 0x75, 0xe4, 0x48, 0x89, 0x55, 0xd8, 0x48, 0x8b, 0x45, 0xe8, 0x48, 0x89, 0x45, 0xf8, 
0x8b, 0x45, 0xe4, 0x88, 0x45, 0xf7, 0xeb, 0x17, 0x48, 0x8b, 0x45, 0xf8, 0x0f, 0xb6, 0x00, 0x38, 
0x45, 0xf7, 0x75, 0x06, 0x48, 0x8b, 0x45, 0xf8, 0xeb, 0x1b, 0x48, 0x83, 0x45, 0xf8, 0x01, 0x48, 
0x8b, 0x45, 0xd8, 0x48, 0x8d, 0x50, 0xff, 0x48, 0x89, 0x55, 0xd8, 0x48, 0x85, 0xc0, 0x75, 0xd8, 
0xb8, 0x00, 0x00, 0x00, 0x00, 0xc9, 0xc3, 0x55, 0x48, 0x89, 0xe5, 0x48, 0x83, 0xec, 0x08, 0x89, 
0x7d, 0xfc, 0x83, 0x7d, 0xfc, 0x20, 0x0f, 0x84, 0x08, 0x02, 0x00, 0x00, 0x83, 0x7d, 0xfc, 0x20, 
0x0f, 0x8f, 0x05, 0x02, 0x00, 0x00, 0x83, 0x7d, 0xfc, 0x1e, 0x0f, 0x84, 0xed, 0x01, 0x00, 0x00, 
0x83, 0x7d, 0xfc, 0x1e, 0x0f, 0x8f, 0xf1, 0x01, 0x00, 0x00, 0x83, 0x7d, 0xfc, 0x1c, 0x0f, 0x84, 
0xd2, 0x01, 0x00, 0x00, 0x83, 0x7d, 0xfc, 0x1c, 0x0f, 0x8f, 0xdd, 0x01, 0x00, 0x00, 0x83, 0x7d, 
0xfc, 0x16, 0x0f, 0x84, 0xb7, 0x01, 0x00, 0x00, 0x83, 0x7d, 0xfc, 0x16, 0x0f, 0x8f, 0xc9, 0x01, 
0x00, 0x00, 0x83, 0x7d, 0xfc, 0x15, 0x0f, 0x84, 0x9c, 0x01, 0x00, 0x00, 0x83, 0x7d, 0xfc, 0x15, 
0x0f, 0x8f, 0xb5, 0x01, 0x00, 0x00, 0x83, 0x7d, 0xfc, 0x14, 0x0f, 0x84, 0x81, 0x01, 0x00, 0x00, 
0x83, 0x7d, 0xfc, 0x14, 0x0f, 0x8f, 0xa1, 0x01, 0x00, 0x00, 0x83, 0x7d, 0xfc, 0x13, 0x0f, 0x84, 
0x66, 0x01, 0x00, 0x00, 0x83, 0x7d, 0xfc, 0x13, 0x0f, 0x8f, 0x8d, 0x01, 0x00, 0x00, 0x83, 0x7d, 
0xfc, 0x11, 0x0f, 0x84, 0x4b, 0x01, 0x00, 0x00, 0x83, 0x7d, 0xfc, 0x11, 0x0f, 0x8f, 0x79, 0x01, 
0x00, 0x00, 0x83, 0x7d, 0xfc, 0x10, 0x0f, 0x84, 0x30, 0x01, 0x00, 0x00, 0x83, 0x7d, 0xfc, 0x10, 
0x0f, 0x8f, 0x65, 0x01, 0x00, 0x00, 0x83, 0x7d, 0xfc, 0x0e, 0x0f, 0x84, 0x15, 0x01, 0x00, 0x00, 
0x83, 0x7d, 0xfc, 0x0e, 0x0f, 0x8f, 0x51, 0x01, 0x00, 0x00, 0x83, 0x7d, 0xfc, 0x0d, 0x0f, 0x84, 
0xfa, 0x00, 0x00, 0x00, 0x83, 0x7d, 0xfc, 0x0d, 0x0f, 0x8f, 0x3d, 0x01, 0x00, 0x00, 0x83, 0x7d, 
0xfc, 0x0c, 0x0f, 0x84, 0xdf, 0x00, 0x00, 0x00, 0x83, 0x7d, 0xfc, 0x0c, 0x0f, 0x8f, 0x29, 0x01, 
0x00, 0x00, 0x83, 0x7d, 0xfc, 0x0b, 0x0f, 0x84, 0xc4, 0x00, 0x00, 0x00, 0x83, 0x7d, 0xfc, 0x0b, 
0x0f, 0x8f, 0x15, 0x01, 0x00, 0x00, 0x83, 0x7d, 0xfc, 0x09, 0x0f, 0x84, 0xa9, 0x00, 0x00, 0x00, 
0x83, 0x7d, 0xfc, 0x09, 0x0f, 0x8f, 0x01, 0x01, 0x00, 0x00, 0x83, 0x7d, 0xfc, 0x06, 0x0f, 0x84, 
0x8e, 0x00, 0x00, 0x00, 0x83, 0x7d, 0xfc, 0x06, 0x0f, 0x8f, 0xed, 0x00, 0x00, 0x00, 0x83, 0x7d, 
0xfc, 0x05, 0x74, 0x77, 0x83, 0x7d, 0xfc, 0x05, 0x0f, 0x8f, 0xdd, 0x00, 0x00, 0x00, 0x83, 0x7d, 
0xfc, 0x04, 0x74, 0x60, 0x83, 0x7d, 0xfc, 0x04, 0x0f, 0x8f, 0xcd, 0x00, 0x00, 0x00, 0x83, 0x7d, 
0xfc, 0x03, 0x74, 0x49, 0x83, 0x7d, 0xfc, 0x03, 0x0f, 0x8f, 0xbd, 0x00, 0x00, 0x00, 0x83, 0x7d, 
0xfc, 0x02, 0x74, 0x2f, 0x83, 0x7d, 0xfc, 0x02, 0x0f, 0x8f, 0xad, 0x00, 0x00, 0x00, 0x83, 0x7d, 
0xfc, 0x00, 0x74, 0x0b, 0x83, 0x7d, 0xfc, 0x01, 0x74, 0x0f, 0xe9, 0x9c, 0x00, 0x00, 0x00, 0xb8, 
0x98, 0x50, 0x40, 0x00, 0xe9, 0x97, 0x00, 0x00, 0x00, 0xb8, 0xa0, 0x50, 0x40, 0x00, 0xe9, 0x8d, 
0x00, 0x00, 0x00, 0xb8, 0xb8, 0x50, 0x40, 0x00, 0xe9, 0x83, 0x00, 0x00, 0x00, 0xb8, 0xd2, 0x50, 
0x40, 0x00, 0xeb, 0x7c, 0xb8, 0xe2, 0x50, 0x40, 0x00, 0xeb, 0x75, 0xb8, 0xfa, 0x50, 0x40, 0x00, 
0xeb, 0x6e, 0xb8, 0x0d, 0x51, 0x40, 0x00, 0xeb, 0x67, 0xb8, 0x27, 0x51, 0x40, 0x00, 0xeb, 0x60, 
0xb8, 0x40, 0x51, 0x40, 0x00, 0xeb, 0x59, 0xb8, 0x61, 0x51, 0x40, 0x00, 0xeb, 0x52, 0xb8, 0x78, 
0x51, 0x40, 0x00, 0xeb, 0x4b, 0xb8, 0x8a, 0x51, 0x40, 0x00, 0xeb, 0x44, 0xb8, 0x96, 0x51, 0x40, 
0x00, 0xeb, 0x3d, 0xb8, 0xae, 0x51, 0x40, 0x00, 0xeb, 0x36, 0xb8, 0xba, 0x51, 0x40, 0x00, 0xeb, 
0x2f, 0xb8, 0xc9, 0x51, 0x40, 0x00, 0xeb, 0x28, 0xb8, 0xd9, 0x51, 0x40, 0x00, 0xeb, 0x21, 0xb8, 
0xe8, 0x51, 0x40, 0x00, 0xeb, 0x1a, 0xb8, 0xf9, 0x51, 0x40, 0x00, 0xeb, 0x13, 0xb8, 0x11, 0x52, 
0x40, 0x00, 0xeb, 0x0c, 0xb8, 0x27, 0x52, 0x40, 0x00, 0xeb, 0x05, 0xb8, 0x33, 0x52, 0x40, 0x00, 
0xc9, 0xc3, 0x55, 0x48, 0x89, 0xe5, 0x48, 0x83, 0xec, 0x30, 0x89, 0x7d, 0xec, 0x48, 0x89, 0x75, 
0xe0, 0x48, 0x89, 0x55, 0xd8, 0x48, 0x8b, 0x55, 0xe0, 0x8b, 0x45, 0xec, 0x48, 0x98, 0x48, 0x8b, 
0x4d, 0xd8, 0x48, 0x89, 0xc6, 0xbf, 0x00, 0x00, 0x00, 0x00, 0xb8, 0x00, 0x00, 0x00, 0x00, 0xe8, 
0x17, 0x0a, 0x00, 0x00, 0x48, 0x89, 0x45, 0xf8, 0x48, 0x83, 0x7d, 0xf8, 0x00, 0x79, 0x15, 0x48, 
0x8b, 0x45, 0xf8, 0xf7, 0xd8, 0x89, 0x05, 0x6d, 0x3d, 0x00, 0x00, 0x48, 0xc7, 0xc0, 0xff, 0xff, 
0xff, 0xff, 0xeb, 0x04, 0x48, 0x8b, 0x45, 0xf8, 0xc9, 0xc3, 0x55, 0x48, 0x89, 0xe5, 0x48, 0x83, 
0xec, 0x30, 0x89, 0x7d, 0xec, 0x48, 0x89, 0x75, 0xe0, 0x48, 0x89, 0x55, 0xd8, 0x48, 0x8b, 0x55, 
0xe0, 0x8b, 0x45, 0xec, 0x48, 0x98, 0x48, 0x8b, 0x4d, 0xd8, 0x48, 0x89, 0xc6, 0xbf, 0x01, 0x00, 
0x00, 0x00, 0xb8, 0x00, 0x00, 0x00, 0x00, 0xe8, 0xbf, 0x09, 0x00, 0x00, 0x48, 0x89, 0x45, 0xf8, 
0x48, 0x83, 0x7d, 0xf8, 0x00, 0x79, 0x15, 0x48, 0x8b, 0x45, 0xf8, 0xf7, 0xd8, 0x89, 0x05, 0x15, 
0x3d, 0x00, 0x00, 0x48, 0xc7, 0xc0, 0xff, 0xff, 0xff, 0xff, 0xeb, 0x04, 0x48, 0x8b, 0x45, 0xf8, 
0xc9, 0xc3, 0x55, 0x48, 0x89, 0xe5, 0x48, 0x83, 0xec, 0x20, 0x89, 0x7d, 0xec, 0x8b, 0x45, 0xec, 
0x48, 0x98, 0x48, 0x89, 0xc6, 0xbf, 0x03, 0x00, 0x00, 0x00, 0xb8, 0x00, 0x00, 0x00, 0x00, 0xe8, 
0x77, 0x09, 0x00, 0x00, 0x48, 0x89, 0x45, 0xf8, 0x48, 0x83, 0x7d, 0xf8, 0x00, 0x79, 0x13, 0x48, 
0x8b, 0x45, 0xf8, 0xf7, 0xd8, 0x89, 0x05, 0xcd, 0x3c, 0x00, 0x00, 0xb8, 0xff, 0xff, 0xff, 0xff, 
0xeb, 0x05, 0xb8, 0x00, 0x00, 0x00, 0x00, 0xc9, 0xc3, 0x55, 0x48, 0x89, 0xe5, 0x48, 0x83, 0xec, 
0x20, 0x89, 0x7d, 0xec, 0x48, 0x89, 0x75, 0xe0, 0x89, 0x55, 0xe8, 0x8b, 0x45, 0xe8, 0x48, 0x63, 
0xc8, 0x48, 0x8b, 0x55, 0xe0, 0x8b, 0x45, 0xec, 0x48, 0x98, 0x48, 0x89, 0xc6, 0xbf, 0x08, 0x00, 
0x00, 0x00, 0xb8, 0x00, 0x00, 0x00, 0x00, 0xe8, 0x1f, 0x09, 0x00, 0x00, 0x48, 0x89, 0x45, 0xf8, 
0x48, 0x83, 0x7d, 0xf8, 0x00, 0x79, 0x15, 0x48, 0x8b, 0x45, 0xf8, 0xf7, 0xd8, 0x89, 0x05, 0x75, 
0x3c, 0x00, 0x00, 0x48, 0xc7, 0xc0, 0xff, 0xff, 0xff, 0xff, 0xeb, 0x04, 0x48, 0x8b, 0x45, 0xf8, 
0xc9, 0xc3, 0x55, 0x48, 0x89, 0xe5, 0x48, 0x83, 0xec, 0x20, 0x89, 0x7d, 0xec, 0x8b, 0x45, 0xec, 
0x48, 0x98, 0x48, 0x89, 0xc6, 0xbf, 0x20, 0x00, 0x00, 0x00, 0xb8, 0x00, 0x00, 0x00, 0x00, 0xe8, 
0xd7, 0x08, 0x00, 0x00, 0x48, 0x89, 0x45, 0xf8, 0x48, 0x83, 0x7d, 0xf8, 0x00, 0x79, 0x13, 0x48, 
0x8b, 0x45, 0xf8, 0xf7, 0xd8, 0x89, 0x05, 0x2d, 0x3c, 0x00, 0x00, 0xb8, 0xff, 0xff, 0xff, 0xff, 
0xeb, 0x04, 0x48, 0x8b, 0x45, 0xf8, 0xc9, 0xc3, 0x55, 0x48, 0x89, 0xe5, 0x48, 0x83, 0xec, 0x20, 
0x89, 0x7d, 0xec, 0x89, 0x75, 0xe8, 0x8b, 0x45, 0xe8, 0x48, 0x63, 0xd0, 0x8b, 0x45, 0xec, 0x48, 
0x98, 0x48, 0x89, 0xc6, 0xbf, 0x21, 0x00, 0x00, 0x00, 0xb8, 0x00, 0x00, 0x00, 0x00, 0xe8, 0x88, 
0x08, 0x00, 0x00, 0x48, 0x89, 0x45, 0xf8, 0x48, 0x83, 0x7d, 0xf8, 0x00, 0x79, 0x13, 0x48, 0x8b, 
0x45, 0xf8, 0xf7, 0xd8, 0x89, 0x05, 0xde, 0x3b, 0x00, 0x00, 0xb8, 0xff, 0xff, 0xff, 0xff, 0xeb, 
0x04, 0x48, 0x8b, 0x45, 0xf8, 0xc9, 0xc3, 0x55, 0x48, 0x89, 0xe5, 0x48, 0x83, 0xec, 0x20, 0x48, 
0x89, 0x7d, 0xe8, 0x48, 0x8b, 0x45, 0xe8, 0x48, 0x89, 0xc6, 0xbf, 0x16, 0x00, 0x00, 0x00, 0xb8, 
0x00, 0x00, 0x00, 0x00, 0xe8, 0x42, 0x08, 0x00, 0x00, 0x48, 0x89, 0x45, 0xf8, 0x48, 0x83, 0x7d, 
0xf8, 0x00, 0x79, 0x13, 0x48, 0x8b, 0x45, 0xf8, 0xf7, 0xd8, 0x89, 0x05, 0x98, 0x3b, 0x00, 0x00, 
0xb8, 0xff, 0xff, 0xff, 0xff, 0xeb, 0x05, 0xb8, 0x00, 0x00, 0x00, 0x00, 0xc9, 0xc3, 0x55, 0x48, 
0x89, 0xe5, 0x48, 0x83, 0xec, 0x10, 0xbf, 0x39, 0x00, 0x00, 0x00, 0xb8, 0x00, 0x00, 0x00, 0x00, 
0xe8, 0x06, 0x08, 0x00, 0x00, 0x48, 0x89, 0x45, 0xf8, 0x48, 0x83, 0x7d, 0xf8, 0x00, 0x79, 0x13, 
0x48, 0x8b, 0x45, 0xf8, 0xf7, 0xd8, 0x89, 0x05, 0x5c, 0x3b, 0x00, 0x00, 0xb8, 0xff, 0xff, 0xff, 
0xff, 0xeb, 0x04, 0x48, 0x8b, 0x45, 0xf8, 0xc9, 0xc3, 0x55, 0x48, 0x89, 0xe5, 0x48, 0x83, 0xec, 
0x30, 0x48, 0x89, 0x7d, 0xe8, 0x48, 0x89, 0x75, 0xe0, 0x48, 0x89, 0x55, 0xd8, 0x48, 0x8b, 0x4d, 
0xd8, 0x48, 0x8b, 0x55, 0xe0, 0x48, 0x8b, 0x45, 0xe8, 0x48, 0x89, 0xc6, 0xbf, 0x3b, 0x00, 0x00, 
0x00, 0xb8, 0x00, 0x00, 0x00, 0x00, 0xe8, 0xb0, 0x07, 0x00, 0x00, 0x48, 0x89, 0x45, 0xf8, 0x48, 
0x83, 0x7d, 0xf8, 0x00, 0x79, 0x13, 0x48, 0x8b, 0x45, 0xf8, 0xf7, 0xd8, 0x89, 0x05, 0x06, 0x3b, 
0x00, 0x00, 0xb8, 0xff, 0xff, 0xff, 0xff, 0xeb, 0x04, 0x48, 0x8b, 0x45, 0xf8, 0xc9, 0xc3, 0x55, 
0x48, 0x89, 0xe5, 0x48, 0x81, 0xec, 0x40, 0x01, 0x00, 0x00, 0x48, 0x89, 0xbd, 0xc8, 0xfe, 0xff, 
0xff, 0x48, 0x89, 0xb5, 0xc0, 0xfe, 0xff, 0xff, 0x48, 0x83, 0xbd, 0xc8, 0xfe, 0xff, 0xff, 0x00, 
0x74, 0x0e, 0x48, 0x8b, 0x85, 0xc8, 0xfe, 0xff, 0xff, 0x0f, 0xb6, 0x00, 0x84, 0xc0, 0x75, 0x14, 
0xc7, 0x05, 0xbe, 0x3a, 0x00, 0x00, 0x02, 0x00, 0x00, 0x00, 0xb8, 0xff, 0xff, 0xff, 0xff, 0xe9, 
0x2f, 0x01, 0x00, 0x00, 0x48, 0x8b, 0x85, 0xc8, 0xfe, 0xff, 0xff, 0xbe, 0x2f, 0x00, 0x00, 0x00, 
0x48, 0x89, 0xc7, 0xe8, 0x2d, 0xf6, 0xff, 0xff, 0x48, 0x85, 0xc0, 0x74, 0x23, 0x48, 0x8b, 0x8d, 
0xc0, 0xfe, 0xff, 0xff, 0x48, 0x8b, 0x85, 0xc8, 0xfe, 0xff, 0xff, 0xba, 0x00, 0x00, 0x00, 0x00, 
0x48, 0x89, 0xce, 0x48, 0x89, 0xc7, 0xe8, 0x2e, 0xff, 0xff, 0xff, 0xe9, 0xf3, 0x00, 0x00, 0x00, 
0x48, 0xc7, 0x45, 0xd0, 0x41, 0x52, 0x40, 0x00, 0x48, 0xc7, 0x45, 0xd8, 0x46, 0x52, 0x40, 0x00, 
0x48, 0xc7, 0x45, 0xe0, 0x4f, 0x52, 0x40, 0x00, 0x48, 0xc7, 0x45, 0xe8, 0x00, 0x00, 0x00, 0x00, 
0xc7, 0x45, 0xfc, 0x00, 0x00, 0x00, 0x00, 0xe9, 0xa5, 0x00, 0x00, 0x00, 0xc6, 0x85, 0xd0, 0xfe, 
0xff, 0xff, 0x00, 0x8b, 0x45, 0xfc, 0x48, 0x98, 0x48, 0x8b, 0x4c, 0xc5, 0xd0, 0x48, 0x8d, 0x85, 
0xd0, 0xfe, 0xff, 0xff, 0xba, 0xff, 0x00, 0x00, 0x00, 0x48, 0x89, 0xce, 0x48, 0x89, 0xc7, 0xe8, 
0x57, 0xf4, 0xff, 0xff, 0x48, 0x8d, 0x85, 0xd0, 0xfe, 0xff, 0xff, 0x48, 0x89, 0xc7, 0xe8, 0xaf, 
0xf1, 0xff, 0xff, 0xba, 0xff, 0x00, 0x00, 0x00, 0x48, 0x29, 0xc2, 0x48, 0x8d, 0x85, 0xd0, 0xfe, 
0xff, 0xff, 0xbe, 0x55, 0x52, 0x40, 0x00, 0x48, 0x89, 0xc7, 0xe8, 0x00, 0xf5, 0xff, 0xff, 0x48, 
0x8d, 0x85, 0xd0, 0xfe, 0xff, 0xff, 0x48, 0x89, 0xc7, 0xe8, 0x84, 0xf1, 0xff, 0xff, 0xba, 0xff, 
0x00, 0x00, 0x00, 0x48, 0x29, 0xc2, 0x48, 0x8b, 0x8d, 0xc8, 0xfe, 0xff, 0xff, 0x48, 0x8d, 0x85, 
0xd0, 0xfe, 0xff, 0xff, 0x48, 0x89, 0xce, 0x48, 0x89, 0xc7, 0xe8, 0xd0, 0xf4, 0xff, 0xff, 0x48, 
0x8b, 0x8d, 0xc0, 0xfe, 0xff, 0xff, 0x48, 0x8d, 0x85, 0xd0, 0xfe, 0xff, 0xff, 0xba, 0x00, 0x00, 
0x00, 0x00, 0x48, 0x89, 0xce, 0x48, 0x89, 0xc7, 0xe8, 0x5c, 0xfe, 0xff, 0xff, 0x83, 0x45, 0xfc, 
0x01, 0x8b, 0x45, 0xfc, 0x48, 0x98, 0x48, 0x8b, 0x44, 0xc5, 0xd0, 0x48, 0x85, 0xc0, 0x0f, 0x85, 
0x48, 0xff, 0xff, 0xff, 0xc7, 0x05, 0x8a, 0x39, 0x00, 0x00, 0x02, 0x00, 0x00, 0x00, 0xb8, 0xff, 
0xff, 0xff, 0xff, 0xc9, 0xc3, 0x55, 0x48, 0x89, 0xe5, 0xbf, 0x27, 0x00, 0x00, 0x00, 0xb8, 0x00, 
0x00, 0x00, 0x00, 0xe8, 0x03, 0x06, 0x00, 0x00, 0x5d, 0xc3, 0x55, 0x48, 0x89, 0xe5, 0xbf, 0x6e, 
0x00, 0x00, 0x00, 0xb8, 0x00, 0x00, 0x00, 0x00, 0xe8, 0xee, 0x05, 0x00, 0x00, 0x5d, 0xc3, 0x55, 
0x48, 0x89, 0xe5, 0xbf, 0x66, 0x00, 0x00, 0x00, 0xb8, 0x00, 0x00, 0x00, 0x00, 0xe8, 0xd9, 0x05, 
0x00, 0x00, 0x5d, 0xc3, 0x55, 0x48, 0x89, 0xe5, 0xbf, 0x68, 0x00, 0x00, 0x00, 0xb8, 0x00, 0x00, 
0x00, 0x00, 0xe8, 0xc4, 0x05, 0x00, 0x00, 0x5d, 0xc3, 0x55, 0x48, 0x89, 0xe5, 0xbf, 0x6b, 0x00, 
0x00, 0x00, 0xb8, 0x00, 0x00, 0x00, 0x00, 0xe8, 0xaf, 0x05, 0x00, 0x00, 0x5d, 0xc3, 0x55, 0x48, 
0x89, 0xe5, 0xbf, 0x6c, 0x00, 0x00, 0x00, 0xb8, 0x00, 0x00, 0x00, 0x00, 0xe8, 0x9a, 0x05, 0x00, 
0x00, 0x5d, 0xc3, 0x55, 0x48, 0x89, 0xe5, 0x48, 0x83, 0xec, 0x20, 0x89, 0x7d, 0xec, 0x8b, 0x45, 
0xec, 0x48, 0x89, 0xc6, 0xbf, 0x69, 0x00, 0x00, 0x00, 0xb8, 0x00, 0x00, 0x00, 0x00, 0xe8, 0x78, 
0x05, 0x00, 0x00, 0x48, 0x89, 0x45, 0xf8, 0x48, 0x83, 0x7d, 0xf8, 0x00, 0x79, 0x13, 0x48, 0x8b, 
0x45, 0xf8, 0xf7, 0xd8, 0x89, 0x05, 0xce, 0x38, 0x00, 0x00, 0xb8, 0xff, 0xff, 0xff, 0xff, 0xeb, 
0x05, 0xb8, 0x00, 0x00, 0x00, 0x00, 0xc9, 0xc3, 0x55, 0x48, 0x89, 0xe5, 0x48, 0x83, 0xec, 0x20, 
0x89, 0x7d, 0xec, 0x8b, 0x45, 0xec, 0x48, 0x89, 0xc6, 0xbf, 0x6a, 0x00, 0x00, 0x00, 0xb8, 0x00, 
0x00, 0x00, 0x00, 0xe8, 0x33, 0x05, 0x00, 0x00, 0x48, 0x89, 0x45, 0xf8, 0x48, 0x83, 0x7d, 0xf8, 
0x00, 0x79, 0x13, 0x48, 0x8b, 0x45, 0xf8, 0xf7, 0xd8, 0x89, 0x05, 0x89, 0x38, 0x00, 0x00, 0xb8, 
0xff, 0xff, 0xff, 0xff, 0xeb, 0x05, 0xb8, 0x00, 0x00, 0x00, 0x00, 0xc9, 0xc3, 0x55, 0x48, 0x89, 
0xe5, 0x48, 0x83, 0xec, 0x20, 0x89, 0x7d, 0xec, 0x8b, 0x45, 0xec, 0x48, 0x89, 0xc6, 0xbf, 0x6d, 
0x00, 0x00, 0x00, 0xb8, 0x00, 0x00, 0x00, 0x00, 0xe8, 0xee, 0x04, 0x00, 0x00, 0x48, 0x89, 0x45, 
0xf8, 0x48, 0x83, 0x7d, 0xf8, 0x00, 0x79, 0x13, 0x48, 0x8b, 0x45, 0xf8, 0xf7, 0xd8, 0x89, 0x05, 
0x44, 0x38, 0x00, 0x00, 0xb8, 0xff, 0xff, 0xff, 0xff, 0xeb, 0x05, 0xb8, 0x00, 0x00, 0x00, 0x00, 
0xc9, 0xc3, 0x55, 0x48, 0x89, 0xe5, 0x48, 0x83, 0xec, 0x20, 0x89, 0x7d, 0xec, 0x8b, 0x45, 0xec, 
0x48, 0x89, 0xc6, 0xbf, 0x6e, 0x00, 0x00, 0x00, 0xb8, 0x00, 0x00, 0x00, 0x00, 0xe8, 0xa9, 0x04, 
0x00, 0x00, 0x48, 0x89, 0x45, 0xf8, 0x48, 0x83, 0x7d, 0xf8, 0x00, 0x79, 0x13, 0x48, 0x8b, 0x45, 
0xf8, 0xf7, 0xd8, 0x89, 0x05, 0xff, 0x37, 0x00, 0x00, 0xb8, 0xff, 0xff, 0xff, 0xff, 0xeb, 0x05, 
0xb8, 0x00, 0x00, 0x00, 0x00, 0xc9, 0xc3, 0x55, 0x48, 0x89, 0xe5, 0x48, 0x83, 0xec, 0x20, 0x48, 
0x89, 0x7d, 0xe8, 0x48, 0x89, 0x75, 0xe0, 0x48, 0x8b, 0x45, 0xe8, 0x48, 0x8b, 0x55, 0xe0, 0x48, 
0x89, 0xc6, 0xbf, 0x4f, 0x00, 0x00, 0x00, 0xb8, 0x00, 0x00, 0x00, 0x00, 0xe8, 0x5a, 0x04, 0x00, 
0x00, 0x48, 0x89, 0x45, 0xf8, 0x48, 0x83, 0x7d, 0xf8, 0x00, 0x79, 0x13, 0x48, 0x8b, 0x45, 0xf8, 
0xf7, 0xd8, 0x89, 0x05, 0xb0, 0x37, 0x00, 0x00, 0xb8, 0x00, 0x00, 0x00, 0x00, 0xeb, 0x04, 0x48, 
0x8b, 0x45, 0xe8, 0xc9, 0xc3, 0x55, 0x48, 0x89, 0xe5, 0x48, 0x83, 0xec, 0x20, 0x48, 0x89, 0x7d, 
0xe8, 0x48, 0x8b, 0x45, 0xe8, 0x48, 0x89, 0xc6, 0xbf, 0x50, 0x00, 0x00, 0x00, 0xb8, 0x00, 0x00, 
0x00, 0x00, 0xe8, 0x14, 0x04, 0x00, 0x00, 0x48, 0x89, 0x45, 0xf8, 0x48, 0x83, 0x7d, 0xf8, 0x00, 
0x79, 0x13, 0x48, 0x8b, 0x45, 0xf8, 0xf7, 0xd8, 0x89, 0x05, 0x6a, 0x37, 0x00, 0x00, 0xb8, 0xff, 
0xff, 0xff, 0xff, 0xeb, 0x05, 0xb8, 0x00, 0x00, 0x00, 0x00, 0xc9, 0xc3, 0x55, 0x48, 0x89, 0xe5, 
0x48, 0x83, 0xec, 0x20, 0x48, 0x89, 0x7d, 0xe8, 0x48, 0x8b, 0x45, 0xe8, 0x48, 0x89, 0xc6, 0xbf, 
0x57, 0x00, 0x00, 0x00, 0xb8, 0x00, 0x00, 0x00, 0x00, 0xe8, 0xcd, 0x03, 0x00, 0x00, 0x48, 0x89, 
0x45, 0xf8, 0x48, 0x83, 0x7d, 0xf8, 0x00, 0x79, 0x13, 0x48, 0x8b, 0x45, 0xf8, 0xf7, 0xd8, 0x89, 
0x05, 0x23, 0x37, 0x00, 0x00, 0xb8, 0xff, 0xff, 0xff, 0xff, 0xeb, 0x05, 0xb8, 0x00, 0x00, 0x00, 
0x00, 0xc9, 0xc3, 0x55, 0x48, 0x89, 0xe5, 0x48, 0x83, 0xec, 0x20, 0x48, 0x89, 0x7d, 0xe8, 0x89, 
0x75, 0xe4, 0x89, 0x55, 0xe0, 0x8b, 0x4d, 0xe0, 0x8b, 0x55, 0xe4, 0x48, 0x8b, 0x45, 0xe8, 0x48, 
0x89, 0xc6, 0xbf, 0x5c, 0x00, 0x00, 0x00, 0xb8, 0x00, 0x00, 0x00, 0x00, 0xe8, 0x7a, 0x03, 0x00, 
0x00, 0x48, 0x89, 0x45, 0xf8, 0x48, 0x83, 0x7d, 0xf8, 0x00, 0x79, 0x13, 0x48, 0x8b, 0x45, 0xf8, 
0xf7, 0xd8, 0x89, 0x05, 0xd0, 0x36, 0x00, 0x00, 0xb8, 0xff, 0xff, 0xff, 0xff, 0xeb, 0x05, 0xb8, 
0x00, 0x00, 0x00, 0x00, 0xc9, 0xc3, 0x55, 0x48, 0x89, 0xe5, 0x48, 0x83, 0xec, 0x20, 0x89, 0x7d, 
0xec, 0x89, 0x75, 0xe8, 0x89, 0x55, 0xe4, 0x8b, 0x4d, 0xe4, 0x8b, 0x55, 0xe8, 0x8b, 0x45, 0xec, 
0x48, 0x98, 0x48, 0x89, 0xc6, 0xbf, 0x5d, 0x00, 0x00, 0x00, 0xb8, 0x00, 0x00, 0x00, 0x00, 0xe8, 
0x27, 0x03, 0x00, 0x00, 0x48, 0x89, 0x45, 0xf8, 0x48, 0x83, 0x7d, 0xf8, 0x00, 0x79, 0x13, 0x48, 
0x8b, 0x45, 0xf8, 0xf7, 0xd8, 0x89, 0x05, 0x7d, 0x36, 0x00, 0x00, 0xb8, 0xff, 0xff, 0xff, 0xff, 
0xeb, 0x05, 0xb8, 0x00, 0x00, 0x00, 0x00, 0xc9, 0xc3, 0x55, 0x48, 0x89, 0xe5, 0x48, 0x83, 0xec, 
0x30, 0x48, 0x89, 0x7d, 0xd8, 0x48, 0x8b, 0x05, 0x54, 0x36, 0x00, 0x00, 0x48, 0x85, 0xc0, 0x75, 
0x1b, 0xbe, 0x00, 0x00, 0x00, 0x00, 0xbf, 0x0c, 0x00, 0x00, 0x00, 0xb8, 0x00, 0x00, 0x00, 0x00, 
0xe8, 0xd6, 0x02, 0x00, 0x00, 0x48, 0x89, 0x05, 0x34, 0x36, 0x00, 0x00, 0x48, 0x83, 0x7d, 0xd8, 
0x00, 0x75, 0x09, 0x48, 0x8b, 0x05, 0x26, 0x36, 0x00, 0x00, 0xeb, 0x63, 0x48, 0x8b, 0x15, 0x1d, 
0x36, 0x00, 0x00, 0x48, 0x8b, 0x45, 0xd8, 0x48, 0x01, 0xd0, 0x48, 0x89, 0x45, 0xf8, 0x48, 0x8b, 
0x45, 0xf8, 0x48, 0x89, 0xc6, 0xbf, 0x0c, 0x00, 0x00, 0x00, 0xb8, 0x00, 0x00, 0x00, 0x00, 0xe8, 
0x97, 0x02, 0x00, 0x00, 0x48, 0x89, 0x45, 0xf0, 0x48, 0x8b, 0x45, 0xf0, 0x48, 0x3b, 0x45, 0xf8, 
0x73, 0x13, 0xc7, 0x05, 0xec, 0x35, 0x00, 0x00, 0x0c, 0x00, 0x00, 0x00, 0x48, 0xc7, 0xc0, 0xff, 
0xff, 0xff, 0xff, 0xeb, 0x1a, 0x48, 0x8b, 0x05, 0xd4, 0x35, 0x00, 0x00, 0x48, 0x89, 0x45, 0xe8, 
0x48, 0x8b, 0x45, 0xf0, 0x48, 0x89, 0x05, 0xc5, 0x35, 0x00, 0x00, 0x48, 0x8b, 0x45, 0xe8, 0xc9, 
0xc3, 0x55, 0x48, 0x89, 0xe5, 0x48, 0x83, 0xec, 0x20, 0x89, 0x7d, 0xec, 0x8b, 0x45, 0xec, 0x48, 
0x89, 0x45, 0xf0, 0x48, 0xc7, 0x45, 0xf8, 0x00, 0x00, 0x00, 0x00, 0x48, 0x8d, 0x45, 0xf0, 0xbe, 
0x00, 0x00, 0x00, 0x00, 0x48, 0x89, 0xc7, 0xe8, 0x70, 0x05, 0x00, 0x00, 0xb8, 0x00, 0x00, 0x00, 
0x00, 0xc9, 0xc3, 0x55, 0x48, 0x89, 0xe5, 0x48, 0x83, 0xec, 0x20, 0x89, 0x7d, 0xec, 0x8b, 0x45, 
0xec, 0x89, 0xc0, 0x48, 0x69, 0xc0, 0x83, 0xde, 0x1b, 0x43, 0x48, 0xc1, 0xe8, 0x20, 0xc1, 0xe8, 
0x12, 0x89, 0xc0, 0x48, 0x89, 0x45, 0xf0, 0x8b, 0x4d, 0xec, 0x89, 0xc8, 0x48, 0x69, 0xc0, 0x83, 
0xde, 0x1b, 0x43, 0x48, 0xc1, 0xe8, 0x20, 0xc1, 0xe8, 0x12, 0x69, 0xd0, 0x40, 0x42, 0x0f, 0x00, 
0x89, 0xc8, 0x29, 0xd0, 0x69, 0xc0, 0xe8, 0x03, 0x00, 0x00, 0x89, 0xc0, 0x48, 0x89, 0x45, 0xf8, 
0x48, 0x8d, 0x45, 0xf0, 0xbe, 0x00, 0x00, 0x00, 0x00, 0x48, 0x89, 0xc7, 0xe8, 0x0b, 0x05, 0x00, 
0x00, 0xc9, 0xc3, 0x55, 0x48, 0x89, 0xe5, 0x48, 0x83, 0xec, 0x08, 0x89, 0x7d, 0xfc, 0x83, 0x7d, 
0xfc, 0x00, 0x78, 0x0d, 0x83, 0x7d, 0xfc, 0x02, 0x7f, 0x07, 0xb8, 0x01, 0x00, 0x00, 0x00, 0xeb, 
0x05, 0xb8, 0x00, 0x00, 0x00, 0x00, 0xc9, 0xc3, 0x55, 0x48, 0x89, 0xe5, 0x48, 0x81, 0xec, 0xf0, 
0x00, 0x00, 0x00, 0x89, 0xbd, 0x1c, 0xff, 0xff, 0xff, 0x89, 0xb5, 0x18, 0xff, 0xff, 0xff, 0x48, 
0x89, 0x95, 0x60, 0xff, 0xff, 0xff, 0x48, 0x89, 0x8d, 0x68, 0xff, 0xff, 0xff, 0x4c, 0x89, 0x85, 
0x70, 0xff, 0xff, 0xff, 0x4c, 0x89, 0x8d, 0x78, 0xff, 0xff, 0xff, 0x84, 0xc0, 0x74, 0x20, 0x0f, 
0x29, 0x45, 0x80, 0x0f, 0x29, 0x4d, 0x90, 0x0f, 0x29, 0x55, 0xa0, 0x0f, 0x29, 0x5d, 0xb0, 0x0f, 
0x29, 0x65, 0xc0, 0x0f, 0x29, 0x6d, 0xd0, 0x0f, 0x29, 0x75, 0xe0, 0x0f, 0x29, 0x7d, 0xf0, 0x48, 
0xc7, 0x85, 0x48, 0xff, 0xff, 0xff, 0x00, 0x00, 0x00, 0x00, 0xc7, 0x85, 0x28, 0xff, 0xff, 0xff, 
0x10, 0x00, 0x00, 0x00, 0xc7, 0x85, 0x2c, 0xff, 0xff, 0xff, 0x30, 0x00, 0x00, 0x00, 0x48, 0x8d, 
0x45, 0x10, 0x48, 0x89, 0x85, 0x30, 0xff, 0xff, 0xff, 0x48, 0x8d, 0x85, 0x50, 0xff, 0xff, 0xff, 
0x48, 0x89, 0x85, 0x38, 0xff, 0xff, 0xff, 0x8b, 0x85, 0x28, 0xff, 0xff, 0xff, 0x83, 0xf8, 0x2f, 
0x77, 0x23, 0x48, 0x8b, 0x85, 0x38, 0xff, 0xff, 0xff, 0x8b, 0x95, 0x28, 0xff, 0xff, 0xff, 0x89, 
0xd2, 0x48, 0x01, 0xd0, 0x8b, 0x95, 0x28, 0xff, 0xff, 0xff, 0x83, 0xc2, 0x08, 0x89, 0x95, 0x28, 
0xff, 0xff, 0xff, 0xeb, 0x12, 0x48, 0x8b, 0x85, 0x30, 0xff, 0xff, 0xff, 0x48, 0x8d, 0x50, 0x08, 
0x48, 0x89, 0x95, 0x30, 0xff, 0xff, 0xff, 0x48, 0x8b, 0x00, 0x48, 0x89, 0x85, 0x48, 0xff, 0xff, 
0xff, 0x8b, 0x85, 0x18, 0xff, 0xff, 0xff, 0x48, 0x63, 0xd0, 0x8b, 0x85, 0x1c, 0xff, 0xff, 0xff, 
0x48, 0x98, 0x48, 0x8b, 0x8d, 0x48, 0xff, 0xff, 0xff, 0x48, 0x89, 0xc6, 0xbf, 0x48, 0x00, 0x00, 
0x00, 0xb8, 0x00, 0x00, 0x00, 0x00, 0xe8, 0xa0, 0x00, 0x00, 0x00, 0x48, 0x89, 0x85, 0x40, 0xff, 
0xff, 0xff, 0x48, 0x83, 0xbd, 0x40, 0xff, 0xff, 0xff, 0x00, 0x79, 0x16, 0x48, 0x8b, 0x85, 0x40, 
0xff, 0xff, 0xff, 0xf7, 0xd8, 0x89, 0x05, 0xed, 0x33, 0x00, 0x00, 0xb8, 0xff, 0xff, 0xff, 0xff, 
0xeb, 0x07, 0x48, 0x8b, 0x85, 0x40, 0xff, 0xff, 0xff, 0xc9, 0xc3, 0x55, 0x48, 0x89, 0xe5, 0xbf, 
0xa2, 0x00, 0x00, 0x00, 0xb8, 0x00, 0x00, 0x00, 0x00, 0xe8, 0x5d, 0x00, 0x00, 0x00, 0x90, 0x5d, 
0xc3, 0x55, 0x48, 0x89, 0xe5, 0x48, 0x83, 0xec, 0x20, 0x89, 0x7d, 0xec, 0x8b, 0x45, 0xec, 0x48, 
0x98, 0x41, 0xb8, 0x00, 0x00, 0x00, 0x00, 0x48, 0x89, 0xc1, 0xba, 0x69, 0x19, 0x12, 0x28, 0xb8, 
0xad, 0xde, 0xe1, 0xfe, 0x48, 0x89, 0xc6, 0xbf, 0xa9, 0x00, 0x00, 0x00, 0xb8, 0x00, 0x00, 0x00, 
0x00, 0xe8, 0x25, 0x00, 0x00, 0x00, 0x48, 0x89, 0x45, 0xf8, 0x48, 0x83, 0x7d, 0xf8, 0x00, 0x79, 
0x13, 0x48, 0x8b, 0x45, 0xf8, 0xf7, 0xd8, 0x89, 0x05, 0x7b, 0x33, 0x00, 0x00, 0xb8, 0xff, 0xff, 
0xff, 0xff, 0xeb, 0x05, 0xb8, 0x00, 0x00, 0x00, 0x00, 0xc9, 0xc3, 0x48, 0x89, 0xf8, 0x48, 0x89, 
0xf7, 0x48, 0x89, 0xd6, 0x48, 0x89, 0xca, 0x4d, 0x89, 0xc2, 0x4d, 0x89, 0xc8, 0x4c, 0x8b, 0x4c, 
0x24, 0x08, 0x0f, 0x05, 0xc3, 0x55, 0x48, 0x89, 0xe5, 0x48, 0x83, 0xec, 0x20, 0x89, 0x7d, 0xec, 
0x89, 0x75, 0xe8, 0x8b, 0x45, 0xe8, 0x48, 0x63, 0xd0, 0x8b, 0x45, 0xec, 0x48, 0x98, 0x48, 0x89, 
0xc6, 0xbf, 0x3e, 0x00, 0x00, 0x00, 0xb8, 0x00, 0x00, 0x00, 0x00, 0xe8, 0xbb, 0xff, 0xff, 0xff, 
0x48, 0x89, 0x45, 0xf8, 0x48, 0x83, 0x7d, 0xf8, 0x00, 0x79, 0x13, 0x48, 0x8b, 0x45, 0xf8, 0xf7, 
0xd8, 0x89, 0x05, 0x11, 0x33, 0x00, 0x00, 0xb8, 0xff, 0xff, 0xff, 0xff, 0xeb, 0x05, 0xb8, 0x00, 
0x00, 0x00, 0x00, 0xc9, 0xc3, 0x55, 0x48, 0x89, 0xe5, 0x48, 0x83, 0xec, 0x10, 0x89, 0x7d, 0xfc, 
0x48, 0x89, 0x75, 0xf0, 0xb8, 0x00, 0x00, 0x00, 0x00, 0xc9, 0xc3, 0x55, 0x48, 0x89, 0xe5, 0x48, 
0x81, 0xec, 0xf0, 0x00, 0x00, 0x00, 0x48, 0x89, 0xbd, 0x18, 0xff, 0xff, 0xff, 0x89, 0xb5, 0x14, 
0xff, 0xff, 0xff, 0x48, 0x89, 0x95, 0x60, 0xff, 0xff, 0xff, 0x48, 0x89, 0x8d, 0x68, 0xff, 0xff, 
0xff, 0x4c, 0x89, 0x85, 0x70, 0xff, 0xff, 0xff, 0x4c, 0x89, 0x8d, 0x78, 0xff, 0xff, 0xff, 0x84, 
0xc0, 0x74, 0x20, 0x0f, 0x29, 0x45, 0x80, 0x0f, 0x29, 0x4d, 0x90, 0x0f, 0x29, 0x55, 0xa0, 0x0f, 
0x29, 0x5d, 0xb0, 0x0f, 0x29, 0x65, 0xc0, 0x0f, 0x29, 0x6d, 0xd0, 0x0f, 0x29, 0x75, 0xe0, 0x0f, 
0x29, 0x7d, 0xf0, 0xc7, 0x85, 0x4c, 0xff, 0xff, 0xff, 0x00, 0x00, 0x00, 0x00, 0x8b, 0x85, 0x14, 
0xff, 0xff, 0xff, 0x83, 0xe0, 0x40, 0x85, 0xc0, 0x74, 0x75, 0xc7, 0x85, 0x28, 0xff, 0xff, 0xff, 
0x10, 0x00, 0x00, 0x00, 0xc7, 0x85, 0x2c, 0xff, 0xff, 0xff, 0x30, 0x00, 0x00, 0x00, 0x48, 0x8d, 
0x45, 0x10, 0x48, 0x89, 0x85, 0x30, 0xff, 0xff, 0xff, 0x48, 0x8d, 0x85, 0x50, 0xff, 0xff, 0xff, 
0x48, 0x89, 0x85, 0x38, 0xff, 0xff, 0xff, 0x8b, 0x85, 0x28, 0xff, 0xff, 0xff, 0x83, 0xf8, 0x2f, 
0x77, 0x23, 0x48, 0x8b, 0x85, 0x38, 0xff, 0xff, 0xff, 0x8b, 0x95, 0x28, 0xff, 0xff, 0xff, 0x89, 
0xd2, 0x48, 0x01, 0xd0, 0x8b, 0x95, 0x28, 0xff, 0xff, 0xff, 0x83, 0xc2, 0x08, 0x89, 0x95, 0x28, 
0xff, 0xff, 0xff, 0xeb, 0x12, 0x48, 0x8b, 0x85, 0x30, 0xff, 0xff, 0xff, 0x48, 0x8d, 0x50, 0x08, 
0x48, 0x89, 0x95, 0x30, 0xff, 0xff, 0xff, 0x8b, 0x00, 0x89, 0x85, 0x4c, 0xff, 0xff, 0xff, 0x8b, 
0x8d, 0x4c, 0xff, 0xff, 0xff, 0x8b, 0x85, 0x14, 0xff, 0xff, 0xff, 0x48, 0x63, 0xd0, 0x48, 0x8b, 
0x85, 0x18, 0xff, 0xff, 0xff, 0x48, 0x89, 0xc6, 0xbf, 0x02, 0x00, 0x00, 0x00, 0xb8, 0x00, 0x00, 
0x00, 0x00, 0xe8, 0x74, 0xfe, 0xff, 0xff, 0x48, 0x89, 0x85, 0x40, 0xff, 0xff, 0xff, 0x48, 0x83, 
0xbd, 0x40, 0xff, 0xff, 0xff, 0x00, 0x79, 0x16, 0x48, 0x8b, 0x85, 0x40, 0xff, 0xff, 0xff, 0xf7, 
0xd8, 0x89, 0x05, 0xc1, 0x31, 0x00, 0x00, 0xb8, 0xff, 0xff, 0xff, 0xff, 0xeb, 0x07, 0x48, 0x8b, 
0x85, 0x40, 0xff, 0xff, 0xff, 0xc9, 0xc3, 0x55, 0x48, 0x89, 0xe5, 0x48, 0x83, 0xec, 0x20, 0x48, 
0x89, 0x7d, 0xe8, 0x48, 0x89, 0x75, 0xe0, 0x48, 0x8b, 0x55, 0xe0, 0x48, 0x8b, 0x45, 0xe8, 0x48, 
0x89, 0xc6, 0xbf, 0x04, 0x00, 0x00, 0x00, 0xb8, 0x00, 0x00, 0x00, 0x00, 0xe8, 0x1a, 0xfe, 0xff, 
0xff, 0x48, 0x89, 0x45, 0xf8, 0x48, 0x83, 0x7d, 0xf8, 0x00, 0x79, 0x13, 0x48, 0x8b, 0x45, 0xf8, 
0xf7, 0xd8, 0x89, 0x05, 0x70, 0x31, 0x00, 0x00, 0xb8, 0xff, 0xff, 0xff, 0xff, 0xeb, 0x05, 0xb8, 
0x00, 0x00, 0x00, 0x00, 0xc9, 0xc3, 0x55, 0x48, 0x89, 0xe5, 0x48, 0x83, 0xec, 0x20, 0x89, 0x7d, 
0xec, 0x48, 0x89, 0x75, 0xe0, 0x48, 0x8b, 0x55, 0xe0, 0x8b, 0x45, 0xec, 0x48, 0x98, 0x48, 0x89, 
0xc6, 0xbf, 0x05, 0x00, 0x00, 0x00, 0xb8, 0x00, 0x00, 0x00, 0x00, 0xe8, 0xcb, 0xfd, 0xff, 0xff, 
0x48, 0x89, 0x45, 0xf8, 0x48, 0x83, 0x7d, 0xf8, 0x00, 0x79, 0x13, 0x48, 0x8b, 0x45, 0xf8, 0xf7, 
0xd8, 0x89, 0x05, 0x21, 0x31, 0x00, 0x00, 0xb8, 0xff, 0xff, 0xff, 0xff, 0xeb, 0x05, 0xb8, 0x00, 
0x00, 0x00, 0x00, 0xc9, 0xc3, 0x55, 0x48, 0x89, 0xe5, 0x48, 0x83, 0xec, 0x20, 0x48, 0x89, 0x7d, 
0xe8, 0x89, 0x75, 0xe4, 0x8b, 0x55, 0xe4, 0x48, 0x8b, 0x45, 0xe8, 0x48, 0x89, 0xc6, 0xbf, 0x53, 
0x00, 0x00, 0x00, 0xb8, 0x00, 0x00, 0x00, 0x00, 0xe8, 0x7e, 0xfd, 0xff, 0xff, 0x48, 0x89, 0x45, 
0xf8, 0x48, 0x83, 0x7d, 0xf8, 0x00, 0x79, 0x13, 0x48, 0x8b, 0x45, 0xf8, 0xf7, 0xd8, 0x89, 0x05, 
0xd4, 0x30, 0x00, 0x00, 0xb8, 0xff, 0xff, 0xff, 0xff, 0xeb, 0x05, 0xb8, 0x00, 0x00, 0x00, 0x00, 
0xc9, 0xc3, 0x55, 0x48, 0x89, 0xe5, 0x48, 0x83, 0xec, 0x20, 0x48, 0x89, 0x7d, 0xe8, 0x89, 0x75, 
0xe4, 0x8b, 0x55, 0xe4, 0x48, 0x8b, 0x45, 0xe8, 0x48, 0x89, 0xc6, 0xbf, 0x5a, 0x00, 0x00, 0x00, 
0xb8, 0x00, 0x00, 0x00, 0x00, 0xe8, 0x31, 0xfd, 0xff, 0xff, 0x48, 0x89, 0x45, 0xf8, 0x48, 0x83, 
0x7d, 0xf8, 0x00, 0x79, 0x13, 0x48, 0x8b, 0x45, 0xf8, 0xf7, 0xd8, 0x89, 0x05, 0x87, 0x30, 0x00, 
0x00, 0xb8, 0xff, 0xff, 0xff, 0xff, 0xeb, 0x05, 0xb8, 0x00, 0x00, 0x00, 0x00, 0xc9, 0xc3, 0x55, 
0x48, 0x89, 0xe5, 0x48, 0x83, 0xec, 0x20, 0x89, 0x7d, 0xec, 0x89, 0x75, 0xe8, 0x8b, 0x55, 0xe8, 
0x8b, 0x45, 0xec, 0x48, 0x98, 0x48, 0x89, 0xc6, 0xbf, 0x5b, 0x00, 0x00, 0x00, 0xb8, 0x00, 0x00, 
0x00, 0x00, 0xe8, 0xe4, 0xfc, 0xff, 0xff, 0x48, 0x89, 0x45, 0xf8, 0x48, 0x83, 0x7d, 0xf8, 0x00, 
0x79, 0x13, 0x48, 0x8b, 0x45, 0xf8, 0xf7, 0xd8, 0x89, 0x05, 0x3a, 0x30, 0x00, 0x00, 0xb8, 0xff, 
0xff, 0xff, 0xff, 0xeb, 0x05, 0xb8, 0x00, 0x00, 0x00, 0x00, 0xc9, 0xc3, 0x55, 0x48, 0x89, 0xe5, 
0x48, 0x83, 0xec, 0x20, 0x48, 0x89, 0x7d, 0xe8, 0x48, 0x89, 0x75, 0xe0, 0x48, 0x8b, 0x55, 0xe0, 
0x48, 0x8b, 0x45, 0xe8, 0x48, 0x89, 0xc6, 0xbf, 0x23, 0x00, 0x00, 0x00, 0xb8, 0x00, 0x00, 0x00, 
0x00, 0xe8, 0x95, 0xfc, 0xff, 0xff, 0x48, 0x89, 0x45, 0xf8, 0x48, 0x83, 0x7d, 0xf8, 0x00, 0x79, 
0x13, 0x48, 0x8b, 0x45, 0xf8, 0xf7, 0xd8, 0x89, 0x05, 0xeb, 0x2f, 0x00, 0x00, 0xb8, 0xff, 0xff, 
0xff, 0xff, 0xeb, 0x05, 0xb8, 0x00, 0x00, 0x00, 0x00, 0xc9, 0xc3, 0x55, 0x48, 0x89, 0xe5, 0x48, 
0x83, 0xec, 0x20, 0x48, 0x89, 0x7d, 0xe8, 0x48, 0x89, 0x75, 0xe0, 0x48, 0x8b, 0x55, 0xe0, 0x48, 
0x8b, 0x45, 0xe8, 0x48, 0x89, 0xc6, 0xbf, 0x60, 0x00, 0x00, 0x00, 0xb8, 0x00, 0x00, 0x00, 0x00, 
0xe8, 0x46, 0xfc, 0xff, 0xff, 0x48, 0x89, 0x45, 0xf8, 0x48, 0x83, 0x7d, 0xf8, 0x00, 0x79, 0x13, 
0x48, 0x8b, 0x45, 0xf8, 0xf7, 0xd8, 0x89, 0x05, 0x9c, 0x2f, 0x00, 0x00, 0xb8, 0xff, 0xff, 0xff, 
0xff, 0xeb, 0x05, 0xb8, 0x00, 0x00, 0x00, 0x00, 0xc9, 0xc3, 0x55, 0x48, 0x89, 0xe5, 0x48, 0x83, 
0xec, 0x20, 0x89, 0x7d, 0xec, 0x48, 0x89, 0x75, 0xe0, 0x48, 0x8b, 0x55, 0xe0, 0x8b, 0x45, 0xec, 
0x48, 0x98, 0x48, 0x89, 0xc6, 0xbf, 0xe4, 0x00, 0x00, 0x00, 0xb8, 0x00, 0x00, 0x00, 0x00, 0xe8, 
0xf7, 0xfb, 0xff, 0xff, 0x48, 0x89, 0x45, 0xf8, 0x48, 0x83, 0x7d, 0xf8, 0x00, 0x79, 0x13, 0x48, 
0x8b, 0x45, 0xf8, 0xf7, 0xd8, 0x89, 0x05, 0x4d, 0x2f, 0x00, 0x00, 0xb8, 0xff, 0xff, 0xff, 0xff, 
0xeb, 0x05, 0xb8, 0x00, 0x00, 0x00, 0x00, 0xc9, 0xc3, 0x55, 0x48, 0x89, 0xe5, 0x48, 0x83, 0xec, 
0x20, 0x48, 0x89, 0x7d, 0xe8, 0x48, 0x8d, 0x45, 0xf0, 0xbe, 0x00, 0x00, 0x00, 0x00, 0x48, 0x89, 
0xc7, 0xe8, 0x45, 0xff, 0xff, 0xff, 0x85, 0xc0, 0x74, 0x09, 0x48, 0xc7, 0xc0, 0xff, 0xff, 0xff, 
0xff, 0xeb, 0x16, 0x48, 0x83, 0x7d, 0xe8, 0x00, 0x74, 0x0b, 0x48, 0x8b, 0x55, 0xf0, 0x48, 0x8b, 
0x45, 0xe8, 0x48, 0x89, 0x10, 0x48, 0x8b, 0x45, 0xf0, 0xc9, 0xc3, 0x55, 0x48, 0x89, 0xe5, 0x48, 
0x83, 0xec, 0x08, 0x89, 0x7d, 0xfc, 0x8b, 0x45, 0xfc, 0x83, 0xe0, 0x03, 0x85, 0xc0, 0x75, 0x26, 
0x8b, 0x55, 0xfc, 0x48, 0x63, 0xc2, 0x48, 0x69, 0xc0, 0x1f, 0x85, 0xeb, 0x51, 0x48, 0xc1, 0xe8, 
0x20, 0xc1, 0xf8, 0x05, 0x89, 0xd1, 0xc1, 0xf9, 0x1f, 0x29, 0xc8, 0x6b, 0xc8, 0x64, 0x89, 0xd0, 
0x29, 0xc8, 0x85, 0xc0, 0x75, 0x29, 0x8b, 0x55, 0xfc, 0x48, 0x63, 0xc2, 0x48, 0x69, 0xc0, 0x1f, 
0x85, 0xeb, 0x51, 0x48, 0xc1, 0xe8, 0x20, 0xc1, 0xf8, 0x07, 0x89, 0xd1, 0xc1, 0xf9, 0x1f, 0x29, 
0xc8, 0x69, 0xc8, 0x90, 0x01, 0x00, 0x00, 0x89, 0xd0, 0x29, 0xc8, 0x85, 0xc0, 0x75, 0x07, 0xb8, 
0x01, 0x00, 0x00, 0x00, 0xeb, 0x05, 0xb8, 0x00, 0x00, 0x00, 0x00, 0xc9, 0xc3, 0x55, 0x48, 0x89, 
0xe5, 0x48, 0x83, 0xec, 0x40, 0x48, 0x89, 0x7d, 0xc8, 0x48, 0x83, 0x7d, 0xc8, 0x00, 0x74, 0x0d, 
0x48, 0x8b, 0x45, 0xc8, 0x48, 0x8b, 0x00, 0x48, 0x89, 0x45, 0xf8, 0xeb, 0x0e, 0xbf, 0x00, 0x00, 
0x00, 0x00, 0xe8, 0x22, 0xff, 0xff, 0xff, 0x48, 0x89, 0x45, 0xf8, 0x48, 0x83, 0x7d, 0xf8, 0x00, 
0x79, 0x08, 0x48, 0xc7, 0x45, 0xf8, 0x00, 0x00, 0x00, 0x00, 0x48, 0x8b, 0x4d, 0xf8, 0x48, 0xba, 
0x57, 0x29, 0x51, 0xce, 0xa0, 0xc8, 0x45, 0x18, 0x48, 0x89, 0xc8, 0x48, 0xf7, 0xea, 0x48, 0xc1, 
0xfa, 0x0d, 0x48, 0x89, 0xc8, 0x48, 0xc1, 0xf8, 0x3f, 0x48, 0x29, 0xc2, 0x48, 0x69, 0xc2, 0x80, 
0x51, 0x01, 0x00, 0x48, 0x29, 0xc1, 0x48, 0x89, 0xca, 0x48, 0x89, 0x55, 0xd8, 0x48, 0x8b, 0x4d, 
0xf8, 0x48, 0xba, 0x57, 0x29, 0x51, 0xce, 0xa0, 0xc8, 0x45, 0x18, 0x48, 0x89, 0xc8, 0x48, 0xf7, 
0xea, 0x48, 0x89, 0xd0, 0x48, 0xc1, 0xf8, 0x0d, 0x48, 0xc1, 0xf9, 0x3f, 0x48, 0x89, 0xca, 0x48, 
0x29, 0xd0, 0x48, 0x89, 0x45, 0xf0, 0x48, 0x8b, 0x4d, 0xd8, 0x48, 0xba, 0x89, 0x88, 0x88, 0x88, 
0x88, 0x88, 0x88, 0x88, 0x48, 0x89, 0xc8, 0x48, 0xf7, 0xea, 0x48, 0x8d, 0x04, 0x0a, 0x48, 0xc1, 
0xf8, 0x05, 0x48, 0x89, 0xca, 0x48, 0xc1, 0xfa, 0x3f, 0x48, 0x29, 0xd0, 0x48, 0x6b, 0xd0, 0x3c, 
0x48, 0x89, 0xc8, 0x48, 0x29, 0xd0, 0x89, 0x05, 0xc4, 0x2d, 0x00, 0x00, 0x48, 0x8b, 0x4d, 0xd8, 
0x48, 0xba, 0x89, 0x88, 0x88, 0x88, 0x88, 0x88, 0x88, 0x88, 0x48, 0x89, 0xc8, 0x48, 0xf7, 0xea, 
0x48, 0x8d, 0x04, 0x0a, 0x48, 0xc1, 0xf8, 0x05, 0x48, 0x89, 0xc2, 0x48, 0x89, 0xc8, 0x48, 0xc1, 
0xf8, 0x3f, 0x48, 0x89, 0xd1, 0x48, 0x29, 0xc1, 0x48, 0xba, 0x89, 0x88, 0x88, 0x88, 0x88, 0x88, 
0x88, 0x88, 0x48, 0x89, 0xc8, 0x48, 0xf7, 0xea, 0x48, 0x8d, 0x04, 0x0a, 0x48, 0xc1, 0xf8, 0x05, 
0x48, 0x89, 0xca, 0x48, 0xc1, 0xfa, 0x3f, 0x48, 0x29, 0xd0, 0x48, 0x6b, 0xd0, 0x3c, 0x48, 0x89, 
0xc8, 0x48, 0x29, 0xd0, 0x89, 0x05, 0x6a, 0x2d, 0x00, 0x00, 0x48, 0x8b, 0x4d, 0xd8, 0x48, 0xba, 
0x05, 0x7c, 0xf3, 0x6a, 0xe2, 0x59, 0xd1, 0x48, 0x48, 0x89, 0xc8, 0x48, 0xf7, 0xea, 0x48, 0xc1, 
0xfa, 0x0a, 0x48, 0x89, 0xc8, 0x48, 0xc1, 0xf8, 0x3f, 0x48, 0x29, 0xc2, 0x89, 0xd0, 0x89, 0x05, 
0x44, 0x2d, 0x00, 0x00, 0x48, 0x8b, 0x45, 0xf0, 0x48, 0x8d, 0x48, 0x04, 0x48, 0xba, 0x25, 0x49, 
0x92, 0x24, 0x49, 0x92, 0x24, 0x49, 0x48, 0x89, 0xc8, 0x48, 0xf7, 0xea, 0x48, 0xd1, 0xfa, 0x48, 
0x89, 0xc8, 0x48, 0xc1, 0xf8, 0x3f, 0x48, 0x29, 0xc2, 0x48, 0x89, 0xd0, 0x48, 0xc1, 0xe0, 0x03, 
0x48, 0x29, 0xd0, 0x48, 0x29, 0xc1, 0x48, 0x89, 0xca, 0x89, 0xd0, 0x89, 0x05, 0x17, 0x2d, 0x00, 
0x00, 0xc7, 0x45, 0xec, 0xb2, 0x07, 0x00, 0x00, 0x8b, 0x45, 0xec, 0x89, 0xc7, 0xe8, 0xe9, 0xfd, 
0xff, 0xff, 0x85, 0xc0, 0x74, 0x09, 0xc7, 0x45, 0xe8, 0x6e, 0x01, 0x00, 0x00, 0xeb, 0x07, 0xc7, 
0x45, 0xe8, 0x6d, 0x01, 0x00, 0x00, 0x8b, 0x45, 0xe8, 0x48, 0x98, 0x48, 0x39, 0x45, 0xf0, 0x7c, 
0x0f, 0x8b, 0x45, 0xe8, 0x48, 0x98, 0x48, 0x29, 0x45, 0xf0, 0x83, 0x45, 0xec, 0x01, 0xeb, 0xc8, 
0x90, 0x8b, 0x45, 0xec, 0x2d, 0x6c, 0x07, 0x00, 0x00, 0x89, 0x05, 0xc5, 0x2c, 0x00, 0x00, 0x48, 
0x8b, 0x45, 0xf0, 0x89, 0x05, 0xc3, 0x2c, 0x00, 0x00, 0xc7, 0x45, 0xe4, 0x00, 0x00, 0x00, 0x00, 
0x8b, 0x45, 0xe4, 0x48, 0x98, 0x8b, 0x04, 0x85, 0xa0, 0x54, 0x40, 0x00, 0x89, 0x45, 0xe0, 0x83, 
0x7d, 0xe4, 0x01, 0x75, 0x15, 0x8b, 0x45, 0xec, 0x89, 0xc7, 0xe8, 0x7c, 0xfd, 0xff, 0xff, 0x85, 
0xc0, 0x74, 0x07, 0xc7, 0x45, 0xe0, 0x1d, 0x00, 0x00, 0x00, 0x8b, 0x45, 0xe0, 0x48, 0x98, 0x48, 
0x39, 0x45, 0xf0, 0x7c, 0x0f, 0x8b, 0x45, 0xe0, 0x48, 0x98, 0x48, 0x29, 0x45, 0xf0, 0x83, 0x45, 
0xe4, 0x01, 0xeb, 0xbc, 0x90, 0x8b, 0x45, 0xe4, 0x89, 0x05, 0x62, 0x2c, 0x00, 0x00, 0x48, 0x8b, 
0x45, 0xf0, 0x83, 0xc0, 0x01, 0x89, 0x05, 0x51, 0x2c, 0x00, 0x00, 0xc7, 0x05, 0x5b, 0x2c, 0x00, 
0x00, 0x00, 0x00, 0x00, 0x00, 0xb8, 0xa0, 0x71, 0x40, 0x00, 0xc9, 0xc3, 0x55, 0x48, 0x89, 0xe5, 
0x48, 0x83, 0xec, 0x10, 0x48, 0x89, 0x7d, 0xf8, 0x48, 0x8b, 0x45, 0xf8, 0x48, 0x89, 0xc7, 0xe8, 
0x89, 0xfd, 0xff, 0xff, 0xc9, 0xc3, 0x55, 0x48, 0x89, 0xe5, 0x48, 0x83, 0xec, 0x20, 0x48, 0x89, 
0x7d, 0xe8, 0x48, 0x83, 0x7d, 0xe8, 0x00, 0x75, 0x0a, 0xb8, 0x00, 0x00, 0x00, 0x00, 0xe9, 0xa6, 
0x00, 0x00, 0x00, 0x48, 0x8b, 0x45, 0xe8, 0x8b, 0x40, 0x18, 0x89, 0x45, 0xfc, 0x83, 0x7d, 0xfc, 
0x00, 0x78, 0x06, 0x83, 0x7d, 0xfc, 0x06, 0x7e, 0x07, 0xc7, 0x45, 0xfc, 0x00, 0x00, 0x00, 0x00, 
0x48, 0x8b, 0x45, 0xe8, 0x8b, 0x40, 0x10, 0x89, 0x45, 0xf8, 0x83, 0x7d, 0xf8, 0x00, 0x78, 0x06, 
0x83, 0x7d, 0xf8, 0x0b, 0x7e, 0x07, 0xc7, 0x45, 0xf8, 0x00, 0x00, 0x00, 0x00, 0x48, 0x8b, 0x45, 
0xe8, 0x8b, 0x40, 0x14, 0x8d, 0xb8, 0x6c, 0x07, 0x00, 0x00, 0x48, 0x8b, 0x45, 0xe8, 0x8b, 0x30, 
0x48, 0x8b, 0x45, 0xe8, 0x8b, 0x48, 0x04, 0x48, 0x8b, 0x45, 0xe8, 0x8b, 0x50, 0x08, 0x48, 0x8b, 
0x45, 0xe8, 0x44, 0x8b, 0x48, 0x0c, 0x8b, 0x45, 0xf8, 0x48, 0x98, 0x4c, 0x8b, 0x04, 0xc5, 0x80, 
0x53, 0x40, 0x00, 0x8b, 0x45, 0xfc, 0x48, 0x98, 0x48, 0x8b, 0x04, 0xc5, 0x80, 0x52, 0x40, 0x00, 
0x57, 0x56, 0x51, 0x52, 0x48, 0x89, 0xc1, 0xba, 0xd0, 0x54, 0x40, 0x00, 0xbe, 0x20, 0x00, 0x00, 
0x00, 0xbf, 0xe0, 0x71, 0x40, 0x00, 0xb8, 0x00, 0x00, 0x00, 0x00, 0xe8, 0x9c, 0xc8, 0xff, 0xff, 
0x48, 0x83, 0xc4, 0x20, 0xb8, 0xe0, 0x71, 0x40, 0x00, 0xc9, 0xc3, 0x55, 0x48, 0x89, 0xe5, 0x48, 
0x83, 0xec, 0x10, 0x48, 0x89, 0x7d, 0xf8, 0x48, 0x8b, 0x45, 0xf8, 0x48, 0x89, 0xc7, 0xe8, 0x09, 
0xff, 0xff, 0xff, 0x48, 0x89, 0xc7, 0xe8, 0x1b, 0xff, 0xff, 0xff, 0xc9, 0xc3, 0x55, 0x48, 0x89, 
0xe5, 0x48, 0x81, 0xec, 0x90, 0x00, 0x00, 0x00, 0x48, 0x89, 0x7d, 0x88, 0x48, 0x89, 0x75, 0x80, 
0x48, 0x89, 0x95, 0x78, 0xff, 0xff, 0xff, 0x48, 0x89, 0x8d, 0x70, 0xff, 0xff, 0xff, 0x48, 0x83, 
0x7d, 0x88, 0x00, 0x74, 0x1b, 0x48, 0x83, 0x7d, 0x80, 0x00, 0x74, 0x14, 0x48, 0x83, 0xbd, 0x78, 
0xff, 0xff, 0xff, 0x00, 0x74, 0x0a, 0x48, 0x83, 0xbd, 0x70, 0xff, 0xff, 0xff, 0x00, 0x75, 0x0a, 
0xb8, 0x00, 0x00, 0x00, 0x00, 0xe9, 0x7b, 0x06, 0x00, 0x00, 0x48, 0xc7, 0x45, 0xf8, 0x00, 0x00, 
0x00, 0x00, 0x48, 0x8b, 0x85, 0x78, 0xff, 0xff, 0xff, 0x48, 0x89, 0x45, 0xf0, 0x48, 0x8b, 0x85, 
0x70, 0xff, 0xff, 0xff, 0x8b, 0x40, 0x18, 0x89, 0x45, 0xec, 0x83, 0x7d, 0xec, 0x00, 0x78, 0x06, 
0x83, 0x7d, 0xec, 0x06, 0x7e, 0x07, 0xc7, 0x45, 0xec, 0x00, 0x00, 0x00, 0x00, 0x48, 0x8b, 0x85, 
0x70, 0xff, 0xff, 0xff, 0x8b, 0x40, 0x10, 0x89, 0x45, 0xe8, 0x83, 0x7d, 0xe8, 0x00, 0x78, 0x0a, 
0x83, 0x7d, 0xe8, 0x0b, 0x0f, 0x8e, 0xfc, 0x05, 0x00, 0x00, 0xc7, 0x45, 0xe8, 0x00, 0x00, 0x00, 
0x00, 0xe9, 0xf0, 0x05, 0x00, 0x00, 0x48, 0x8b, 0x45, 0xf0, 0x0f, 0xb6, 0x00, 0x3c, 0x25, 0x74, 
0x29, 0x48, 0x8b, 0x45, 0xf0, 0x48, 0x8d, 0x50, 0x01, 0x48, 0x89, 0x55, 0xf0, 0x48, 0x8b, 0x55, 
0xf8, 0x48, 0x8d, 0x4a, 0x01, 0x48, 0x89, 0x4d, 0xf8, 0x48, 0x8b, 0x4d, 0x88, 0x48, 0x01, 0xca, 
0x0f, 0xb6, 0x00, 0x88, 0x02, 0xe9, 0xbc, 0x05, 0x00, 0x00, 0x48, 0x83, 0x45, 0xf0, 0x01, 0xc6, 
0x45, 0x90, 0x00, 0x48, 0x8b, 0x45, 0xf0, 0x0f, 0xb6, 0x00, 0x0f, 0xbe, 0xc0, 0x83, 0xf8, 0x79, 
0x0f, 0x84, 0xc6, 0x03, 0x00, 0x00, 0x83, 0xf8, 0x79, 0x0f, 0x8f, 0x1a, 0x05, 0x00, 0x00, 0x83, 
0xf8, 0x77, 0x0f, 0x84, 0x8f, 0x03, 0x00, 0x00, 0x83, 0xf8, 0x77, 0x0f, 0x8f, 0x08, 0x05, 0x00, 
0x00, 0x83, 0xf8, 0x70, 0x0f, 0x84, 0x23, 0x03, 0x00, 0x00, 0x83, 0xf8, 0x70, 0x0f, 0x8f, 0xf6, 
0x04, 0x00, 0x00, 0x83, 0xf8, 0x6d, 0x0f, 0x84, 0xb6, 0x02, 0x00, 0x00, 0x83, 0xf8, 0x6d, 0x0f, 
0x8f, 0xe4, 0x04, 0x00, 0x00, 0x83, 0xf8, 0x68, 0x0f, 0x84, 0x6d, 0x01, 0x00, 0x00, 0x83, 0xf8, 
0x68, 0x0f, 0x8f, 0xd2, 0x04, 0x00, 0x00, 0x83, 0xf8, 0x65, 0x0f, 0x84, 0xd3, 0x01, 0x00, 0x00, 
0x83, 0xf8, 0x65, 0x0f, 0x8f, 0xc0, 0x04, 0x00, 0x00, 0x83, 0xf8, 0x64, 0x0f, 0x84, 0x95, 0x01, 
0x00, 0x00, 0x83, 0xf8, 0x64, 0x0f, 0x8f, 0xae, 0x04, 0x00, 0x00, 0x83, 0xf8, 0x62, 0x0f, 0x84, 
0x37, 0x01, 0x00, 0x00, 0x83, 0xf8, 0x62, 0x0f, 0x8f, 0x9c, 0x04, 0x00, 0x00, 0x83, 0xf8, 0x61, 
0x0f, 0x84, 0xd9, 0x00, 0x00, 0x00, 0x83, 0xf8, 0x61, 0x0f, 0x8f, 0x8a, 0x04, 0x00, 0x00, 0x83, 
0xf8, 0x5a, 0x0f, 0x84, 0xa4, 0x03, 0x00, 0x00, 0x83, 0xf8, 0x5a, 0x0f, 0x8f, 0x78, 0x04, 0x00, 
0x00, 0x83, 0xf8, 0x59, 0x0f, 0x84, 0x60, 0x03, 0x00, 0x00, 0x83, 0xf8, 0x59, 0x0f, 0x8f, 0x66, 
0x04, 0x00, 0x00, 0x83, 0xf8, 0x54, 0x0f, 0x84, 0xe5, 0x03, 0x00, 0x00, 0x83, 0xf8, 0x54, 0x0f, 
0x8f, 0x54, 0x04, 0x00, 0x00, 0x83, 0xf8, 0x53, 0x0f, 0x84, 0x9e, 0x02, 0x00, 0x00, 0x83, 0xf8, 
0x53, 0x0f, 0x8f, 0x42, 0x04, 0x00, 0x00, 0x83, 0xf8, 0x52, 0x0f, 0x84, 0x03, 0x04, 0x00, 0x00, 
0x83, 0xf8, 0x52, 0x0f, 0x8f, 0x30, 0x04, 0x00, 0x00, 0x83, 0xf8, 0x4d, 0x0f, 0x84, 0x1f, 0x02, 
0x00, 0x00, 0x83, 0xf8, 0x4d, 0x0f, 0x8f, 0x1e, 0x04, 0x00, 0x00, 0x83, 0xf8, 0x49, 0x0f, 0x84, 
0x77, 0x01, 0x00, 0x00, 0x83, 0xf8, 0x49, 0x0f, 0x8f, 0x0c, 0x04, 0x00, 0x00, 0x83, 0xf8, 0x48, 
0x0f, 0x84, 0x39, 0x01, 0x00, 0x00, 0x83, 0xf8, 0x48, 0x0f, 0x8f, 0xfa, 0x03, 0x00, 0x00, 0x83, 
0xf8, 0x46, 0x0f, 0x84, 0x2a, 0x03, 0x00, 0x00, 0x83, 0xf8, 0x46, 0x0f, 0x8f, 0xe8, 0x03, 0x00, 
0x00, 0x83, 0xf8, 0x42, 0x0f, 0x84, 0x97, 0x00, 0x00, 0x00, 0x83, 0xf8, 0x42, 0x0f, 0x8f, 0xd6, 
0x03, 0x00, 0x00, 0x83, 0xf8, 0x25, 0x74, 0x0a, 0x83, 0xf8, 0x41, 0x74, 0x38, 0xe9, 0xc7, 0x03, 
0x00, 0x00, 0xc6, 0x45, 0x90, 0x25, 0xc6, 0x45, 0x91, 0x00, 0xe9, 0xcd, 0x03, 0x00, 0x00, 0x8b, 
0x45, 0xec, 0x48, 0x98, 0x48, 0x8b, 0x0c, 0xc5, 0x80, 0x52, 0x40, 0x00, 0x48, 0x8d, 0x45, 0x90, 
0xba, 0x3f, 0x00, 0x00, 0x00, 0x48, 0x89, 0xce, 0x48, 0x89, 0xc7, 0xe8, 0xdb, 0xe2, 0xff, 0xff, 
0xe9, 0xa7, 0x03, 0x00, 0x00, 0x8b, 0x45, 0xec, 0x48, 0x98, 0x48, 0x8b, 0x0c, 0xc5, 0x00, 0x53, 
0x40, 0x00, 0x48, 0x8d, 0x45, 0x90, 0xba, 0x3f, 0x00, 0x00, 0x00, 0x48, 0x89, 0xce, 0x48, 0x89, 
0xc7, 0xe8, 0xb5, 0xe2, 0xff, 0xff, 0xe9, 0x81, 0x03, 0x00, 0x00, 0x8b, 0x45, 0xe8, 0x48, 0x98, 
0x48, 0x8b, 0x0c, 0xc5, 0x80, 0x53, 0x40, 0x00, 0x48, 0x8d, 0x45, 0x90, 0xba, 0x3f, 0x00, 0x00, 
0x00, 0x48, 0x89, 0xce, 0x48, 0x89, 0xc7, 0xe8, 0x8f, 0xe2, 0xff, 0xff, 0xe9, 0x5b, 0x03, 0x00, 
0x00, 0x8b, 0x45, 0xe8, 0x48, 0x98, 0x48, 0x8b, 0x0c, 0xc5, 0x40, 0x54, 0x40, 0x00, 0x48, 0x8d, 
0x45, 0x90, 0xba, 0x3f, 0x00, 0x00, 0x00, 0x48, 0x89, 0xce, 0x48, 0x89, 0xc7, 0xe8, 0x69, 0xe2, 
0xff, 0xff, 0xe9, 0x35, 0x03, 0x00, 0x00, 0x48, 0x8b, 0x85, 0x70, 0xff, 0xff, 0xff, 0x8b, 0x50, 
0x0c, 0x48, 0x8d, 0x45, 0x90, 0x89, 0xd1, 0xba, 0xef, 0x54, 0x40, 0x00, 0xbe, 0x40, 0x00, 0x00, 
0x00, 0x48, 0x89, 0xc7, 0xb8, 0x00, 0x00, 0x00, 0x00, 0xe8, 0x4e, 0xc5, 0xff, 0xff, 0xe9, 0x09, 
0x03, 0x00, 0x00, 0x48, 0x8b, 0x85, 0x70, 0xff, 0xff, 0xff, 0x8b, 0x50, 0x0c, 0x48, 0x8d, 0x45, 
0x90, 0x89, 0xd1, 0xba, 0xf4, 0x54, 0x40, 0x00, 0xbe, 0x40, 0x00, 0x00, 0x00, 0x48, 0x89, 0xc7, 
0xb8, 0x00, 0x00, 0x00, 0x00, 0xe8, 0x22, 0xc5, 0xff, 0xff, 0xe9, 0xdd, 0x02, 0x00, 0x00, 0x48, 
0x8b, 0x85, 0x70, 0xff, 0xff, 0xff, 0x8b, 0x50, 0x08, 0x48, 0x8d, 0x45, 0x90, 0x89, 0xd1, 0xba, 
0xef, 0x54, 0x40, 0x00, 0xbe, 0x40, 0x00, 0x00, 0x00, 0x48, 0x89, 0xc7, 0xb8, 0x00, 0x00, 0x00, 
0x00, 0xe8, 0xf6, 0xc4, 0xff, 0xff, 0xe9, 0xb1, 0x02, 0x00, 0x00, 0x48, 0x8b, 0x85, 0x70, 0xff, 
0xff, 0xff, 0x8b, 0x50, 0x08, 0x48, 0x63, 0xc2, 0x48, 0x69, 0xc0, 0xab, 0xaa, 0xaa, 0x2a, 0x48, 
0xc1, 0xe8, 0x20, 0xd1, 0xf8, 0x89, 0xd1, 0xc1, 0xf9, 0x1f, 0x29, 0xc8, 0x89, 0x45, 0xe4, 0x8b, 
0x4d, 0xe4, 0x89, 0xc8, 0x01, 0xc0, 0x01, 0xc8, 0xc1, 0xe0, 0x02, 0x29, 0xc2, 0x89, 0x55, 0xe4, 
0x83, 0x7d, 0xe4, 0x00, 0x75, 0x07, 0xc7, 0x45, 0xe4, 0x0c, 0x00, 0x00, 0x00, 0x8b, 0x55, 0xe4, 
0x48, 0x8d, 0x45, 0x90, 0x89, 0xd1, 0xba, 0xef, 0x54, 0x40, 0x00, 0xbe, 0x40, 0x00, 0x00, 0x00, 
0x48, 0x89, 0xc7, 0xb8, 0x00, 0x00, 0x00, 0x00, 0xe8, 0x8f, 0xc4, 0xff, 0xff, 0xe9, 0x4a, 0x02, 
0x00, 0x00, 0x48, 0x8b, 0x85, 0x70, 0xff, 0xff, 0xff, 0x8b, 0x40, 0x10, 0x8d, 0x50, 0x01, 0x48, 
0x8d, 0x45, 0x90, 0x89, 0xd1, 0xba, 0xef, 0x54, 0x40, 0x00, 0xbe, 0x40, 0x00, 0x00, 0x00, 0x48, 
0x89, 0xc7, 0xb8, 0x00, 0x00, 0x00, 0x00, 0xe8, 0x60, 0xc4, 0xff, 0xff, 0xe9, 0x1b, 0x02, 0x00, 
0x00, 0x48, 0x8b, 0x85, 0x70, 0xff, 0xff, 0xff, 0x8b, 0x50, 0x04, 0x48, 0x8d, 0x45, 0x90, 0x89, 
0xd1, 0xba, 0xef, 0x54, 0x40, 0x00, 0xbe, 0x40, 0x00, 0x00, 0x00, 0x48, 0x89, 0xc7, 0xb8, 0x00, 
0x00, 0x00, 0x00, 0xe8, 0x34, 0xc4, 0xff, 0xff, 0xe9, 0xef, 0x01, 0x00, 0x00, 0x48, 0x8b, 0x85, 
0x70, 0xff, 0xff, 0xff, 0x8b, 0x40, 0x08, 0x83, 0xf8, 0x0b, 0x7e, 0x07, 0xba, 0xf8, 0x54, 0x40, 
0x00, 0xeb, 0x05, 0xba, 0xfb, 0x54, 0x40, 0x00, 0x48, 0x8d, 0x45, 0x90, 0x48, 0x89, 0xd6, 0x48, 
0x89, 0xc7, 0xe8, 0xb1, 0xe0, 0xff, 0xff, 0xe9, 0xc0, 0x01, 0x00, 0x00, 0x48, 0x8b, 0x85, 0x70, 
0xff, 0xff, 0xff, 0x8b, 0x10, 0x48, 0x8d, 0x45, 0x90, 0x89, 0xd1, 0xba, 0xef, 0x54, 0x40, 0x00, 
0xbe, 0x40, 0x00, 0x00, 0x00, 0x48, 0x89, 0xc7, 0xb8, 0x00, 0x00, 0x00, 0x00, 0xe8, 0xda, 0xc3, 
0xff, 0xff, 0xe9, 0x95, 0x01, 0x00, 0x00, 0x8b, 0x55, 0xec, 0x48, 0x8d, 0x45, 0x90, 0x89, 0xd1, 
0xba, 0xfe, 0x54, 0x40, 0x00, 0xbe, 0x40, 0x00, 0x00, 0x00, 0x48, 0x89, 0xc7, 0xb8, 0x00, 0x00, 
0x00, 0x00, 0xe8, 0xb5, 0xc3, 0xff, 0xff, 0xe9, 0x70, 0x01, 0x00, 0x00, 0x48, 0x8b, 0x85, 0x70, 
0xff, 0xff, 0xff, 0x8b, 0x40, 0x14, 0x8d, 0x90, 0x6c, 0x07, 0x00, 0x00, 0x48, 0x63, 0xc2, 0x48, 
0x69, 0xc0, 0x1f, 0x85, 0xeb, 0x51, 0x48, 0xc1, 0xe8, 0x20, 0xc1, 0xf8, 0x05, 0x89, 0xd1, 0xc1, 
0xf9, 0x1f, 0x29, 0xc8, 0x6b, 0xc8, 0x64, 0x89, 0xd0, 0x29, 0xc8, 0x48, 0x8d, 0x7d, 0x90, 0x89, 
0xc1, 0xba, 0xef, 0x54, 0x40, 0x00, 0xbe, 0x40, 0x00, 0x00, 0x00, 0xb8, 0x00, 0x00, 0x00, 0x00, 
0xe8, 0x67, 0xc3, 0xff, 0xff, 0xe9, 0x22, 0x01, 0x00, 0x00, 0x48, 0x8b, 0x85, 0x70, 0xff, 0xff, 
0xff, 0x8b, 0x40, 0x14, 0x8d, 0x90, 0x6c, 0x07, 0x00, 0x00, 0x48, 0x8d, 0x45, 0x90, 0x89, 0xd1, 
0xba, 0x01, 0x55, 0x40, 0x00, 0xbe, 0x40, 0x00, 0x00, 0x00, 0x48, 0x89, 0xc7, 0xb8, 0x00, 0x00, 
0x00, 0x00, 0xe8, 0x35, 0xc3, 0xff, 0xff, 0xe9, 0xf0, 0x00, 0x00, 0x00, 0x48, 0x8d, 0x45, 0x90, 
0xbe, 0x06, 0x55, 0x40, 0x00, 0x48, 0x89, 0xc7, 0xe8, 0xcb, 0xdf, 0xff, 0xff, 0xe9, 0xda, 0x00, 
0x00, 0x00, 0x48, 0x8b, 0x85, 0x70, 0xff, 0xff, 0xff, 0x8b, 0x48, 0x0c, 0x48, 0x8b, 0x85, 0x70, 
0xff, 0xff, 0xff, 0x8b, 0x40, 0x10, 0x8d, 0x70, 0x01, 0x48, 0x8b, 0x85, 0x70, 0xff, 0xff, 0xff, 
0x8b, 0x40, 0x14, 0x8d, 0x90, 0x6c, 0x07, 0x00, 0x00, 0x48, 0x8d, 0x45, 0x90, 0x41, 0x89, 0xc9, 
0x41, 0x89, 0xf0, 0x89, 0xd1, 0xba, 0x0a, 0x55, 0x40, 0x00, 0xbe, 0x40, 0x00, 0x00, 0x00, 0x48, 
0x89, 0xc7, 0xb8, 0x00, 0x00, 0x00, 0x00, 0xe8, 0xd0, 0xc2, 0xff, 0xff, 0xe9, 0x8b, 0x00, 0x00, 
0x00, 0x48, 0x8b, 0x85, 0x70, 0xff, 0xff, 0xff, 0x8b, 0x30, 0x48, 0x8b, 0x85, 0x70, 0xff, 0xff, 
0xff, 0x8b, 0x48, 0x04, 0x48, 0x8b, 0x85, 0x70, 0xff, 0xff, 0xff, 0x8b, 0x50, 0x08, 0x48, 0x8d, 
0x45, 0x90, 0x41, 0x89, 0xf1, 0x41, 0x89, 0xc8, 0x89, 0xd1, 0xba, 0x19, 0x55, 0x40, 0x00, 0xbe, 
0x40, 0x00, 0x00, 0x00, 0x48, 0x89, 0xc7, 0xb8, 0x00, 0x00, 0x00, 0x00, 0xe8, 0x8b, 0xc2, 0xff, 
0xff, 0xeb, 0x49, 0x48, 0x8b, 0x85, 0x70, 0xff, 0xff, 0xff, 0x8b, 0x48, 0x04, 0x48, 0x8b, 0x85, 
0x70, 0xff, 0xff, 0xff, 0x8b, 0x50, 0x08, 0x48, 0x8d, 0x45, 0x90, 0x41, 0x89, 0xc8, 0x89, 0xd1, 
0xba, 0x28, 0x55, 0x40, 0x00, 0xbe, 0x40, 0x00, 0x00, 0x00, 0x48, 0x89, 0xc7, 0xb8, 0x00, 0x00, 
0x00, 0x00, 0xe8, 0x55, 0xc2, 0xff, 0xff, 0xeb, 0x13, 0xc6, 0x45, 0x90, 0x25, 0x48, 0x8b, 0x45, 
0xf0, 0x0f, 0xb6, 0x00, 0x88, 0x45, 0x91, 0xc6, 0x45, 0x92, 0x00, 0x90, 0x48, 0x8d, 0x45, 0x90, 
0x48, 0x89, 0xc7, 0xe8, 0x8a, 0xdc, 0xff, 0xff, 0x48, 0x89, 0x45, 0xd0, 0x48, 0xc7, 0x45, 0xd8, 
0x00, 0x00, 0x00, 0x00, 0xeb, 0x28, 0x48, 0x8b, 0x45, 0xf8, 0x48, 0x8d, 0x50, 0x01, 0x48, 0x89, 
0x55, 0xf8, 0x48, 0x8b, 0x55, 0x88, 0x48, 0x01, 0xc2, 0x48, 0x8d, 0x4d, 0x90, 0x48, 0x8b, 0x45, 
0xd8, 0x48, 0x01, 0xc8, 0x0f, 0xb6, 0x00, 0x88, 0x02, 0x48, 0x83, 0x45, 0xd8, 0x01, 0x48, 0x8b, 
0x45, 0xd8, 0x48, 0x3b, 0x45, 0xd0, 0x73, 0x0e, 0x48, 0x8b, 0x45, 0x80, 0x48, 0x83, 0xe8, 0x01, 
0x48, 0x39, 0x45, 0xf8, 0x72, 0xc0, 0x48, 0x8b, 0x45, 0xf0, 0x0f, 0xb6, 0x00, 0x84, 0xc0, 0x74, 
0x05, 0x48, 0x83, 0x45, 0xf0, 0x01, 0x48, 0x8b, 0x45, 0xf0, 0x0f, 0xb6, 0x00, 0x84, 0xc0, 0x74, 
0x12, 0x48, 0x8b, 0x45, 0x80, 0x48, 0x83, 0xe8, 0x01, 0x48, 0x39, 0x45, 0xf8, 0x0f, 0x82, 0xf3, 
0xf9, 0xff, 0xff, 0x48, 0x8b, 0x55, 0x88, 0x48, 0x8b, 0x45, 0xf8, 0x48, 0x01, 0xd0, 0xc6, 0x00, 
0x00, 0x48, 0x8b, 0x45, 0xf8, 0xc9, 0xc3, 0x00, 0x00, 0x00, 0x00, 0x00, 0x00, 0x00, 0x00, 0x00, 
0x00, 0x00, 0x00, 0x00, 0x00, 0x00, 0x00, 0x00, 0x00, 0x00, 0x00, 0x00, 0x00, 0x00, 0x00, 0x00, 
0x00, 0x00, 0x00, 0x00, 0x00, 0x00, 0x00, 0x00, 0x00, 0x00, 0x00, 0x00, 0x00, 0x00, 0x00, 0x00, 
0x00, 0x00, 0x00, 0x00, 0x00, 0x00, 0x00, 0x00, 0x00, 0x00, 0x00, 0x00, 0x00, 0x00, 0x00, 0x00, 
0x00, 0x00, 0x00, 0x00, 0x00, 0x00, 0x00, 0x00, 0x00, 0x00, 0x00, 0x00, 0x00, 0x00, 0x00, 0x00, 
0x00, 0x00, 0x00, 0x00, 0x00, 0x00, 0x00, 0x00, 0x00, 0x00, 0x00, 0x00, 0x00, 0x00, 0x00, 0x00, 
0x00, 0x00, 0x00, 0x00, 0x00, 0x00, 0x00, 0x00, 0x00, 0x00, 0x00, 0x00, 0x00, 0x00, 0x00, 0x00, 
0x00, 0x00, 0x00, 0x00, 0x00, 0x00, 0x00, 0x00, 0x00, 0x00, 0x00, 0x00, 0x00, 0x00, 0x00, 0x00, 
0x00, 0x00, 0x00, 0x00, 0x00, 0x00, 0x00, 0x00, 0x00, 0x00, 0x00, 0x00, 0x00, 0x00, 0x00, 0x00, 
0x00, 0x00, 0x00, 0x00, 0x00, 0x00, 0x00, 0x00, 0x00, 0x00, 0x00, 0x00, 0x00, 0x00, 0x00, 0x00, 
0x00, 0x00, 0x00, 0x00, 0x00, 0x00, 0x00, 0x00, 0x00, 0x00, 0x00, 0x00, 0x00, 0x00, 0x00, 0x00, 
0x00, 0x00, 0x00, 0x00, 0x00, 0x00, 0x00, 0x00, 0x00, 0x00, 0x00, 0x00, 0x00, 0x00, 0x00, 0x00, 
0x00, 0x00, 0x00, 0x00, 0x00, 0x00, 0x00, 0x00, 0x00, 0x00, 0x00, 0x00, 0x00, 0x00, 0x00, 0x00, 
0x00, 0x00, 0x00, 0x00, 0x00, 0x00, 0x00, 0x00, 0x00, 0x00, 0x00, 0x00, 0x00, 0x00, 0x00, 0x00, 
0x00, 0x00, 0x00, 0x00, 0x00, 0x00, 0x00, 0x00, 0x00, 0x00, 0x00, 0x00, 0x00, 0x00, 0x00, 0x00, 
0x00, 0x00, 0x00, 0x00, 0x00, 0x00, 0x00, 0x00, 0x00, 0x00, 0x00, 0x00, 0x00, 0x00, 0x00, 0x00, 
0x00, 0x00, 0x00, 0x00, 0x00, 0x00, 0x00, 0x00, 0x00, 0x00, 0x00, 0x00, 0x00, 0x00, 0x00, 0x00, 
0x00, 0x00, 0x00, 0x00, 0x00, 0x00, 0x00, 0x00, 0x00, 0x00, 0x00, 0x00, 0x00, 0x00, 0x00, 0x00, 
0x00, 0x00, 0x00, 0x00, 0x00, 0x00, 0x00, 0x00, 0x00, 0x00, 0x00, 0x00, 0x00, 0x00, 0x00, 0x00, 
0x00, 0x00, 0x00, 0x00, 0x00, 0x00, 0x00, 0x00, 0x00, 0x00, 0x00, 0x00, 0x00, 0x00, 0x00, 0x00, 
0x00, 0x00, 0x00, 0x00, 0x00, 0x00, 0x00, 0x00, 0x00, 0x00, 0x00, 0x00, 0x00, 0x00, 0x00, 0x00, 
0x00, 0x00, 0x00, 0x00, 0x00, 0x00, 0x00, 0x00, 0x00, 0x00, 0x00, 0x00, 0x00, 0x00, 0x00, 0x00, 
0x00, 0x00, 0x00, 0x00, 0x00, 0x00, 0x00, 0x00, 0x00, 0x00, 0x00, 0x00, 0x00, 0x00, 0x00, 0x00, 
0x00, 0x00, 0x00, 0x00, 0x00, 0x00, 0x00, 0x00, 0x00, 0x00, 0x00, 0x00, 0x00, 0x00, 0x00, 0x00, 
0x00, 0x00, 0x00, 0x00, 0x00, 0x00, 0x00, 0x00, 0x00, 0x00, 0x00, 0x00, 0x00, 0x00, 0x00, 0x00, 
0x00, 0x00, 0x00, 0x00, 0x00, 0x00, 0x00, 0x00, 0x00, 0x00, 0x00, 0x00, 0x00, 0x00, 0x00, 0x00, 
0x00, 0x00, 0x00, 0x00, 0x00, 0x00, 0x00, 0x00, 0x00, 0x00, 0x00, 0x00, 0x00, 0x00, 0x00, 0x00, 
0x00, 0x00, 0x00, 0x00, 0x00, 0x00, 0x00, 0x00, 0x00, 0x00, 0x00, 0x00, 0x00, 0x00, 0x00, 0x00, 
0x00, 0x00, 0x00, 0x00, 0x00, 0x00, 0x00, 0x00, 0x00, 0x00, 0x00, 0x00, 0x00, 0x00, 0x00, 0x00, 
0x00, 0x00, 0x00, 0x00, 0x00, 0x00, 0x00, 0x00, 0x00, 0x00, 0x00, 0x00, 0x00, 0x00, 0x00, 0x00, 
0x00, 0x00, 0x00, 0x00, 0x00, 0x00, 0x00, 0x00, 0x00, 0x00, 0x00, 0x00, 0x00, 0x00, 0x00, 0x00, 
0x00, 0x00, 0x00, 0x00, 0x00, 0x00, 0x00, 0x00, 0x00, 0x00, 0x00, 0x00, 0x00, 0x00, 0x00, 0x00, 
0x00, 0x00, 0x00, 0x00, 0x00, 0x00, 0x00, 0x00, 0x00, 0x00, 0x00, 0x00, 0x00, 0x00, 0x00, 0x00, 
0x00, 0x00, 0x00, 0x00, 0x00, 0x00, 0x00, 0x00, 0x00, 0x00, 0x00, 0x00, 0x00, 0x00, 0x00, 0x00, 
0x00, 0x00, 0x00, 0x00, 0x00, 0x00, 0x00, 0x00, 0x00, 0x00, 0x00, 0x00, 0x00, 0x00, 0x00, 0x00, 
0x00, 0x00, 0x00, 0x00, 0x00, 0x00, 0x00, 0x00, 0x00, 0x00, 0x00, 0x00, 0x00, 0x00, 0x00, 0x00, 
0x00, 0x00, 0x00, 0x00, 0x00, 0x00, 0x00, 0x00, 0x00, 0x00, 0x00, 0x00, 0x00, 0x00, 0x00, 0x00, 
0x00, 0x00, 0x00, 0x00, 0x00, 0x00, 0x00, 0x00, 0x00, 0x00, 0x00, 0x00, 0x00, 0x00, 0x00, 0x00, 
0x00, 0x00, 0x00, 0x00, 0x00, 0x00, 0x00, 0x00, 0x00, 0x00, 0x00, 0x00, 0x00, 0x00, 0x00, 0x00, 
0x00, 0x00, 0x00, 0x00, 0x00, 0x00, 0x00, 0x00, 0x00, 0x00, 0x00, 0x00, 0x00, 0x00, 0x00, 0x00, 
0x00, 0x00, 0x00, 0x00, 0x00, 0x00, 0x00, 0x00, 0x00, 0x00, 0x00, 0x00, 0x00, 0x00, 0x00, 0x00, 
0x00, 0x00, 0x00, 0x00, 0x00, 0x00, 0x00, 0x00, 0x00, 0x00, 0x00, 0x00, 0x00, 0x00, 0x00, 0x00, 
0x00, 0x00, 0x00, 0x00, 0x00, 0x00, 0x00, 0x00, 0x00, 0x00, 0x00, 0x00, 0x00, 0x00, 0x00, 0x00, 
0x00, 0x00, 0x00, 0x00, 0x00, 0x00, 0x00, 0x00, 0x00, 0x00, 0x00, 0x00, 0x00, 0x00, 0x00, 0x00, 
0x00, 0x00, 0x00, 0x00, 0x00, 0x00, 0x00, 0x00, 0x00, 0x00, 0x00, 0x00, 0x00, 0x00, 0x00, 0x00, 
0x55, 0x73, 0x61, 0x67, 0x65, 0x3a, 0x20, 0x62, 0x61, 0x73, 0x65, 0x6e, 0x61, 0x6d, 0x65, 0x20, 
0x3c, 0x70, 0x61, 0x74, 0x68, 0x3e, 0x20, 0x5b, 0x73, 0x75, 0x66, 0x66, 0x69, 0x78, 0x5d, 0x0a, 
0x00, 0x25, 0x73, 0x0a, 0x00, 0x30, 0x31, 0x32, 0x33, 0x34, 0x35, 0x36, 0x37, 0x38, 0x39, 0x41, 
0x42, 0x43, 0x44, 0x45, 0x46, 0x00, 0x30, 0x31, 0x32, 0x33, 0x34, 0x35, 0x36, 0x37, 0x38, 0x39, 
0x61, 0x62, 0x63, 0x64, 0x65, 0x66, 0x00, 0x28, 0x6e, 0x75, 0x6c, 0x6c, 0x29, 0x00, 0x0a, 0x00, 
0x72, 0x00, 0x77, 0x00, 0x61, 0x00, 0x72, 0x2b, 0x00, 0x77, 0x2b, 0x00, 0x3a, 0x20, 0x65, 0x72, 
0x72, 0x6f, 0x72, 0x0a, 0x00, 0x65, 0x72, 0x72, 0x6f, 0x72, 0x0a, 0x00, 0x00, 0x00, 0x00, 0x00, 
0x00, 0x25, 0x73, 0x3d, 0x25, 0x73, 0x00, 0x00, 0x00, 0x00, 0x00, 0x00, 0x00, 0x00, 0xf0, 0x3f, 
0x00, 0x00, 0x00, 0x00, 0x00, 0x00, 0xf0, 0xbf, 0x00, 0x00, 0x00, 0x00, 0x00, 0x00, 0x24, 0x40, 
0x9a, 0x99, 0x99, 0x99, 0x99, 0x99, 0xb9, 0x3f, 0x53, 0x75, 0x63, 0x63, 0x65, 0x73, 0x73, 0x00, 
0x4f, 0x70, 0x65, 0x72, 0x61, 0x74, 0x69, 0x6f, 0x6e, 0x20, 0x6e, 0x6f, 0x74, 0x20, 0x70, 0x65, 
0x72, 0x6d, 0x69, 0x74, 0x74, 0x65, 0x64, 0x00, 0x4e, 0x6f, 0x20, 0x73, 0x75, 0x63, 0x68, 0x20, 
0x66, 0x69, 0x6c, 0x65, 0x20, 0x6f, 0x72, 0x20, 0x64, 0x69, 0x72, 0x65, 0x63, 0x74, 0x6f, 0x72, 
0x79, 0x00, 0x4e, 0x6f, 0x20, 0x73, 0x75, 0x63, 0x68, 0x20, 0x70, 0x72, 0x6f, 0x63, 0x65, 0x73, 
0x73, 0x00, 0x49, 0x6e, 0x74, 0x65, 0x72, 0x72, 0x75, 0x70, 0x74, 0x65, 0x64, 0x20, 0x73, 0x79, 
0x73, 0x74, 0x65, 0x6d, 0x20, 0x63, 0x61, 0x6c, 0x6c, 0x00, 0x49, 0x6e, 0x70, 0x75, 0x74, 0x2f, 
0x6f, 0x75, 0x74, 0x70, 0x75, 0x74, 0x20, 0x65, 0x72, 0x72, 0x6f, 0x72, 0x00, 0x4e, 0x6f, 0x20, 
0x73, 0x75, 0x63, 0x68, 0x20, 0x64, 0x65, 0x76, 0x69, 0x63, 0x65, 0x20, 0x6f, 0x72, 0x20, 0x61, 
0x64, 0x64, 0x72, 0x65, 0x73, 0x73, 0x00, 0x42, 0x61, 0x64, 0x20, 0x66, 0x69, 0x6c, 0x65, 0x20, 
0x64, 0x65, 0x73, 0x63, 0x72, 0x69, 0x70, 0x74, 0x6f, 0x72, 0x00, 0x00, 0x00, 0x00, 0x00, 0x00, 
0x52, 0x65, 0x73, 0x6f, 0x75, 0x72, 0x63, 0x65, 0x20, 0x74, 0x65, 0x6d, 0x70, 0x6f, 0x72, 0x61, 
0x72, 0x69, 0x6c, 0x79, 0x20, 0x75, 0x6e, 0x61, 0x76, 0x61, 0x69, 0x6c, 0x61, 0x62, 0x6c, 0x65, 
0x00, 0x43, 0x61, 0x6e, 0x6e, 0x6f, 0x74, 0x20, 0x61, 0x6c, 0x6c, 0x6f, 0x63, 0x61, 0x74, 0x65, 
0x20, 0x6d, 0x65, 0x6d, 0x6f, 0x72, 0x79, 0x00, 0x50, 0x65, 0x72, 0x6d, 0x69, 0x73, 0x73, 0x69, 
0x6f, 0x6e, 0x20, 0x64, 0x65, 0x6e, 0x69, 0x65, 0x64, 0x00, 0x42, 0x61, 0x64, 0x20, 0x61, 0x64, 
0x64, 0x72, 0x65, 0x73, 0x73, 0x00, 0x44, 0x65, 0x76, 0x69, 0x63, 0x65, 0x20, 0x6f, 0x72, 0x20, 
0x72, 0x65, 0x73, 0x6f, 0x75, 0x72, 0x63, 0x65, 0x20, 0x62, 0x75, 0x73, 0x79, 0x00, 0x46, 0x69, 
0x6c, 0x65, 0x20, 0x65, 0x78, 0x69, 0x73, 0x74, 0x73, 0x00, 0x4e, 0x6f, 0x20, 0x73, 0x75, 0x63, 
0x68, 0x20, 0x64, 0x65, 0x76, 0x69, 0x63, 0x65, 0x00, 0x4e, 0x6f, 0x74, 0x20, 0x61, 0x20, 0x64, 
0x69, 0x72, 0x65, 0x63, 0x74, 0x6f, 0x72, 0x79, 0x00, 0x49, 0x73, 0x20, 0x61, 0x20, 0x64, 0x69, 
0x72, 0x65, 0x63, 0x74, 0x6f, 0x72, 0x79, 0x00, 0x49, 0x6e, 0x76, 0x61, 0x6c, 0x69, 0x64, 0x20, 
0x61, 0x72, 0x67, 0x75, 0x6d, 0x65, 0x6e, 0x74, 0x00, 0x4e, 0x6f, 0x20, 0x73, 0x70, 0x61, 0x63, 
0x65, 0x20, 0x6c, 0x65, 0x66, 0x74, 0x20, 0x6f, 0x6e, 0x20, 0x64, 0x65, 0x76, 0x69, 0x63, 0x65, 
0x00, 0x52, 0x65, 0x61, 0x64, 0x2d, 0x6f, 0x6e, 0x6c, 0x79, 0x20, 0x66, 0x69, 0x6c, 0x65, 0x20, 
0x73, 0x79, 0x73, 0x74, 0x65, 0x6d, 0x00, 0x42, 0x72, 0x6f, 0x6b, 0x65, 0x6e, 0x20, 0x70, 0x69, 
0x70, 0x65, 0x00, 0x55, 0x6e, 0x6b, 0x6e, 0x6f, 0x77, 0x6e, 0x20, 0x65, 0x72, 0x72, 0x6f, 0x72, 
0x00, 0x2f, 0x62, 0x69, 0x6e, 0x00, 0x2f, 0x75, 0x73, 0x72, 0x2f, 0x62, 0x69, 0x6e, 0x00, 0x2f, 
0x73, 0x62, 0x69, 0x6e, 0x00, 0x2f, 0x00, 0x00, 0x00, 0x00, 0x00, 0x00, 0x00, 0x00, 0x00, 0x00, 
0x53, 0x75, 0x6e, 0x00, 0x4d, 0x6f, 0x6e, 0x00, 0x54, 0x75, 0x65, 0x00, 0x57, 0x65, 0x64, 0x00, 
0x54, 0x68, 0x75, 0x00, 0x46, 0x72, 0x69, 0x00, 0x53, 0x61, 0x74, 0x00, 0x00, 0x00, 0x00, 0x00, 
0x60, 0x52, 0x40, 0x00, 0x00, 0x00, 0x00, 0x00, 0x64, 0x52, 0x40, 0x00, 0x00, 0x00, 0x00, 0x00, 
0x68, 0x52, 0x40, 0x00, 0x00, 0x00, 0x00, 0x00, 0x6c, 0x52, 0x40, 0x00, 0x00, 0x00, 0x00, 0x00, 
0x70, 0x52, 0x40, 0x00, 0x00, 0x00, 0x00, 0x00, 0x74, 0x52, 0x40, 0x00, 0x00, 0x00, 0x00, 0x00, 
0x78, 0x52, 0x40, 0x00, 0x00, 0x00, 0x00, 0x00, 0x53, 0x75, 0x6e, 0x64, 0x61, 0x79, 0x00, 0x4d, 
0x6f, 0x6e, 0x64, 0x61, 0x79, 0x00, 0x54, 0x75, 0x65, 0x73, 0x64, 0x61, 0x79, 0x00, 0x57, 0x65, 
0x64, 0x6e, 0x65, 0x73, 0x64, 0x61, 0x79, 0x00, 0x54, 0x68, 0x75, 0x72, 0x73, 0x64, 0x61, 0x79, 
0x00, 0x46, 0x72, 0x69, 0x64, 0x61, 0x79, 0x00, 0x53, 0x61, 0x74, 0x75, 0x72, 0x64, 0x61, 0x79, 
0x00, 0x00, 0x00, 0x00, 0x00, 0x00, 0x00, 0x00, 0x00, 0x00, 0x00, 0x00, 0x00, 0x00, 0x00, 0x00, 
0xb8, 0x52, 0x40, 0x00, 0x00, 0x00, 0x00, 0x00, 0xbf, 0x52, 0x40, 0x00, 0x00, 0x00, 0x00, 0x00, 
0xc6, 0x52, 0x40, 0x00, 0x00, 0x00, 0x00, 0x00, 0xce, 0x52, 0x40, 0x00, 0x00, 0x00, 0x00, 0x00, 
0xd8, 0x52, 0x40, 0x00, 0x00, 0x00, 0x00, 0x00, 0xe1, 0x52, 0x40, 0x00, 0x00, 0x00, 0x00, 0x00, 
0xe8, 0x52, 0x40, 0x00, 0x00, 0x00, 0x00, 0x00, 0x4a, 0x61, 0x6e, 0x00, 0x46, 0x65, 0x62, 0x00, 
0x4d, 0x61, 0x72, 0x00, 0x41, 0x70, 0x72, 0x00, 0x4d, 0x61, 0x79, 0x00, 0x4a, 0x75, 0x6e, 0x00, 
0x4a, 0x75, 0x6c, 0x00, 0x41, 0x75, 0x67, 0x00, 0x53, 0x65, 0x70, 0x00, 0x4f, 0x63, 0x74, 0x00, 
0x4e, 0x6f, 0x76, 0x00, 0x44, 0x65, 0x63, 0x00, 0x00, 0x00, 0x00, 0x00, 0x00, 0x00, 0x00, 0x00, 
0x00, 0x00, 0x00, 0x00, 0x00, 0x00, 0x00, 0x00, 0x00, 0x00, 0x00, 0x00, 0x00, 0x00, 0x00, 0x00, 
0x38, 0x53, 0x40, 0x00, 0x00, 0x00, 0x00, 0x00, 0x3c, 0x53, 0x40, 0x00, 0x00, 0x00, 0x00, 0x00, 
0x40, 0x53, 0x40, 0x00, 0x00, 0x00, 0x00, 0x00, 0x44, 0x53, 0x40, 0x00, 0x00, 0x00, 0x00, 0x00, 
0x48, 0x53, 0x40, 0x00, 0x00, 0x00, 0x00, 0x00, 0x4c, 0x53, 0x40, 0x00, 0x00, 0x00, 0x00, 0x00, 
0x50, 0x53, 0x40, 0x00, 0x00, 0x00, 0x00, 0x00, 0x54, 0x53, 0x40, 0x00, 0x00, 0x00, 0x00, 0x00, 
0x58, 0x53, 0x40, 0x00, 0x00, 0x00, 0x00, 0x00, 0x5c, 0x53, 0x40, 0x00, 0x00, 0x00, 0x00, 0x00, 
0x60, 0x53, 0x40, 0x00, 0x00, 0x00, 0x00, 0x00, 0x64, 0x53, 0x40, 0x00, 0x00, 0x00, 0x00, 0x00, 
0x4a, 0x61, 0x6e, 0x75, 0x61, 0x72, 0x79, 0x00, 0x46, 0x65, 0x62, 0x72, 0x75, 0x61, 0x72, 0x79, 
0x00, 0x4d, 0x61, 0x72, 0x63, 0x68, 0x00, 0x41, 0x70, 0x72, 0x69, 0x6c, 0x00, 0x4a, 0x75, 0x6e, 
0x65, 0x00, 0x4a, 0x75, 0x6c, 0x79, 0x00, 0x41, 0x75, 0x67, 0x75, 0x73, 0x74, 0x00, 0x53, 0x65, 
0x70, 0x74, 0x65, 0x6d, 0x62, 0x65, 0x72, 0x00, 0x4f, 0x63, 0x74, 0x6f, 0x62, 0x65, 0x72, 0x00, 
0x4e, 0x6f, 0x76, 0x65, 0x6d, 0x62, 0x65, 0x72, 0x00, 0x44, 0x65, 0x63, 0x65, 0x6d, 0x62, 0x65, 
0x72, 0x00, 0x00, 0x00, 0x00, 0x00, 0x00, 0x00, 0x00, 0x00, 0x00, 0x00, 0x00, 0x00, 0x00, 0x00, 
0xe0, 0x53, 0x40, 0x00, 0x00, 0x00, 0x00, 0x00, 0xe8, 0x53, 0x40, 0x00, 0x00, 0x00, 0x00, 0x00, 
0xf1, 0x53, 0x40, 0x00, 0x00, 0x00, 0x00, 0x00, 0xf7, 0x53, 0x40, 0x00, 0x00, 0x00, 0x00, 0x00, 
0x48, 0x53, 0x40, 0x00, 0x00, 0x00, 0x00, 0x00, 0xfd, 0x53, 0x40, 0x00, 0x00, 0x00, 0x00, 0x00, 
0x02, 0x54, 0x40, 0x00, 0x00, 0x00, 0x00, 0x00, 0x07, 0x54, 0x40, 0x00, 0x00, 0x00, 0x00, 0x00, 
0x0e, 0x54, 0x40, 0x00, 0x00, 0x00, 0x00, 0x00, 0x18, 0x54, 0x40, 0x00, 0x00, 0x00, 0x00, 0x00, 
0x20, 0x54, 0x40, 0x00, 0x00, 0x00, 0x00, 0x00, 0x29, 0x54, 0x40, 0x00, 0x00, 0x00, 0x00, 0x00, 
0x1f, 0x00, 0x00, 0x00, 0x1c, 0x00, 0x00, 0x00, 0x1f, 0x00, 0x00, 0x00, 0x1e, 0x00, 0x00, 0x00, 
0x1f, 0x00, 0x00, 0x00, 0x1e, 0x00, 0x00, 0x00, 0x1f, 0x00, 0x00, 0x00, 0x1f, 0x00, 0x00, 0x00, 
0x1e, 0x00, 0x00, 0x00, 0x1f, 0x00, 0x00, 0x00, 0x1e, 0x00, 0x00, 0x00, 0x1f, 0x00, 0x00, 0x00, 
0x25, 0x73, 0x20, 0x25, 0x73, 0x20, 0x25, 0x32, 0x64, 0x20, 0x25, 0x30, 0x32, 0x64, 0x3a, 0x25, 
0x30, 0x32, 0x64, 0x3a, 0x25, 0x30, 0x32, 0x64, 0x20, 0x25, 0x30, 0x34, 0x64, 0x0a, 0x00, 0x25, 
0x30, 0x32, 0x64, 0x00, 0x25, 0x32, 0x64, 0x00, 0x50, 0x4d, 0x00, 0x41, 0x4d, 0x00, 0x25, 0x64, 
0x00, 0x25, 0x30, 0x34, 0x64, 0x00, 0x55, 0x54, 0x43, 0x00, 0x25, 0x30, 0x34, 0x64, 0x2d, 0x25, 
0x30, 0x32, 0x64, 0x2d, 0x25, 0x30, 0x32, 0x64, 0x00, 0x25, 0x30, 0x32, 0x64, 0x3a, 0x25, 0x30, 
0x32, 0x64, 0x3a, 0x25, 0x30, 0x32, 0x64, 0x00, 0x25, 0x30, 0x32, 0x64, 0x3a, 0x25, 0x30, 0x32, 
0x64, 0x00, 0x00, 0x00, 0x00, 0x00, 0x00, 0x00, 0x14, 0x00, 0x00, 0x00, 0x00, 0x00, 0x00, 0x00, 
0x01, 0x7a, 0x52, 0x00, 0x01, 0x78, 0x10, 0x01, 0x1b, 0x0c, 0x07, 0x08, 0x90, 0x01, 0x00, 0x00, 
0x1c, 0x00, 0x00, 0x00, 0x1c, 0x00, 0x00, 0x00, 0xcf, 0xaa, 0xff, 0xff, 0x54, 0x01, 0x00, 0x00, 
0x00, 0x41, 0x0e, 0x10, 0x86, 0x02, 0x43, 0x0d, 0x06, 0x03, 0x4f, 0x01, 0xc6, 0x0c, 0x07, 0x08, 
0x1c, 0x00, 0x00, 0x00, 0x3c, 0x00, 0x00, 0x00, 0x03, 0xac, 0xff, 0xff, 0x81, 0x01, 0x00, 0x00, 
0x00, 0x41, 0x0e, 0x10, 0x86, 0x02, 0x43, 0x0d, 0x06, 0x03, 0x7c, 0x01, 0xc6, 0x0c, 0x07, 0x08, 
0x1c, 0x00, 0x00, 0x00, 0x5c, 0x00, 0x00, 0x00, 0x64, 0xad, 0xff, 0xff, 0xe7, 0x00, 0x00, 0x00, 
0x00, 0x41, 0x0e, 0x10, 0x86, 0x02, 0x43, 0x0d, 0x06, 0x02, 0xe2, 0xc6, 0x0c, 0x07, 0x08, 0x00, 
0x1c, 0x00, 0x00, 0x00, 0x7c, 0x00, 0x00, 0x00, 0x2b, 0xae, 0xff, 0xff, 0xf9, 0x0a, 0x00, 0x00, 
0x00, 0x41, 0x0e, 0x10, 0x86, 0x02, 0x43, 0x0d, 0x06, 0x03, 0xf4, 0x0a, 0xc6, 0x0c, 0x07, 0x08, 
0x1c, 0x00, 0x00, 0x00, 0x9c, 0x00, 0x00, 0x00, 0x04, 0xb9, 0xff, 0xff, 0xb8, 0x00, 0x00, 0x00, 
0x00, 0x41, 0x0e, 0x10, 0x86, 0x02, 0x43, 0x0d, 0x06, 0x02, 0xb3, 0xc6, 0x0c, 0x07, 0x08, 0x00, 
0x1c, 0x00, 0x00, 0x00, 0xbc, 0x00, 0x00, 0x00, 0x9c, 0xb9, 0xff, 0xff, 0xb6, 0x00, 0x00, 0x00, 
0x00, 0x41, 0x0e, 0x10, 0x86, 0x02, 0x43, 0x0d, 0x06, 0x02, 0xb1, 0xc6, 0x0c, 0x07, 0x08, 0x00, 
0x1c, 0x00, 0x00, 0x00, 0xdc, 0x00, 0x00, 0x00, 0x32, 0xba, 0xff, 0xff, 0x5d, 0x00, 0x00, 0x00, 
0x00, 0x41, 0x0e, 0x10, 0x86, 0x02, 0x43, 0x0d, 0x06, 0x02, 0x58, 0xc6, 0x0c, 0x07, 0x08, 0x00, 
0x1c, 0x00, 0x00, 0x00, 0xfc, 0x00, 0x00, 0x00, 0x6f, 0xba, 0xff, 0xff, 0xad, 0x00, 0x00, 0x00, 
0x00, 0x41, 0x0e, 0x10, 0x86, 0x02, 0x43, 0x0d, 0x06, 0x02, 0xa8, 0xc6, 0x0c, 0x07, 0x08, 0x00, 
0x1c, 0x00, 0x00, 0x00, 0x1c, 0x01, 0x00, 0x00, 0xfc, 0xba, 0xff, 0xff, 0x4e, 0x00, 0x00, 0x00, 
0x00, 0x41, 0x0e, 0x10, 0x86, 0x02, 0x43, 0x0d, 0x06, 0x02, 0x49, 0xc6, 0x0c, 0x07, 0x08, 0x00, 
0x1c, 0x00, 0x00, 0x00, 0x3c, 0x01, 0x00, 0x00, 0x2a, 0xbb, 0xff, 0xff, 0x2c, 0x00, 0x00, 0x00, 
0x00, 0x41, 0x0e, 0x10, 0x86, 0x02, 0x43, 0x0d, 0x06, 0x67, 0xc6, 0x0c, 0x07, 0x08, 0x00, 0x00, 
0x1c, 0x00, 0x00, 0x00, 0x5c, 0x01, 0x00, 0x00, 0x36, 0xbb, 0xff, 0xff, 0x39, 0x00, 0x00, 0x00, 
0x00, 0x41, 0x0e, 0x10, 0x86, 0x02, 0x43, 0x0d, 0x06, 0x74, 0xc6, 0x0c, 0x07, 0x08, 0x00, 0x00, 
0x1c, 0x00, 0x00, 0x00, 0x7c, 0x01, 0x00, 0x00, 0x4f, 0xbb, 0xff, 0xff, 0x15, 0x01, 0x00, 0x00, 
0x00, 0x41, 0x0e, 0x10, 0x86, 0x02, 0x43, 0x0d, 0x06, 0x03, 0x10, 0x01, 0xc6, 0x0c, 0x07, 0x08, 
0x1c, 0x00, 0x00, 0x00, 0x9c, 0x01, 0x00, 0x00, 0x44, 0xbc, 0xff, 0xff, 0x71, 0x00, 0x00, 0x00, 
0x00, 0x41, 0x0e, 0x10, 0x86, 0x02, 0x43, 0x0d, 0x06, 0x02, 0x6c, 0xc6, 0x0c, 0x07, 0x08, 0x00, 
0x1c, 0x00, 0x00, 0x00, 0xbc, 0x01, 0x00, 0x00, 0x95, 0xbc, 0xff, 0xff, 0x75, 0x00, 0x00, 0x00, 
0x00, 0x41, 0x0e, 0x10, 0x86, 0x02, 0x43, 0x0d, 0x06, 0x02, 0x70, 0xc6, 0x0c, 0x07, 0x08, 0x00, 
0x1c, 0x00, 0x00, 0x00, 0xdc, 0x01, 0x00, 0x00, 0xea, 0xbc, 0xff, 0xff, 0x75, 0x00, 0x00, 0x00, 
0x00, 0x41, 0x0e, 0x10, 0x86, 0x02, 0x43, 0x0d, 0x06, 0x02, 0x70, 0xc6, 0x0c, 0x07, 0x08, 0x00, 
0x1c, 0x00, 0x00, 0x00, 0xfc, 0x01, 0x00, 0x00, 0x3f, 0xbd, 0xff, 0xff, 0xb3, 0x00, 0x00, 0x00, 
0x00, 0x41, 0x0e, 0x10, 0x86, 0x02, 0x43, 0x0d, 0x06, 0x02, 0xae, 0xc6, 0x0c, 0x07, 0x08, 0x00, 
0x1c, 0x00, 0x00, 0x00, 0x1c, 0x02, 0x00, 0x00, 0xd2, 0xbd, 0xff, 0xff, 0x69, 0x00, 0x00, 0x00, 
0x00, 0x41, 0x0e, 0x10, 0x86, 0x02, 0x43, 0x0d, 0x06, 0x02, 0x64, 0xc6, 0x0c, 0x07, 0x08, 0x00, 
0x1c, 0x00, 0x00, 0x00, 0x3c, 0x02, 0x00, 0x00, 0x1b, 0xbe, 0xff, 0xff, 0x53, 0x00, 0x00, 0x00, 
0x00, 0x41, 0x0e, 0x10, 0x86, 0x02, 0x43, 0x0d, 0x06, 0x02, 0x4e, 0xc6, 0x0c, 0x07, 0x08, 0x00, 
0x1c, 0x00, 0x00, 0x00, 0x5c, 0x02, 0x00, 0x00, 0x4e, 0xbe, 0xff, 0xff, 0x4e, 0x00, 0x00, 0x00, 
0x00, 0x41, 0x0e, 0x10, 0x86, 0x02, 0x43, 0x0d, 0x06, 0x02, 0x49, 0xc6, 0x0c, 0x07, 0x08, 0x00, 
0x1c, 0x00, 0x00, 0x00, 0x7c, 0x02, 0x00, 0x00, 0x7c, 0xbe, 0xff, 0xff, 0xea, 0x00, 0x00, 0x00, 
0x00, 0x41, 0x0e, 0x10, 0x86, 0x02, 0x43, 0x0d, 0x06, 0x02, 0xe5, 0xc6, 0x0c, 0x07, 0x08, 0x00, 
0x1c, 0x00, 0x00, 0x00, 0x9c, 0x02, 0x00, 0x00, 0x46, 0xbf, 0xff, 0xff, 0x13, 0x00, 0x00, 0x00, 
0x00, 0x41, 0x0e, 0x10, 0x86, 0x02, 0x43, 0x0d, 0x06, 0x4e, 0xc6, 0x0c, 0x07, 0x08, 0x00, 0x00, 
0x1c, 0x00, 0x00, 0x00, 0xbc, 0x02, 0x00, 0x00, 0x39, 0xbf, 0xff, 0xff, 0x51, 0x00, 0x00, 0x00, 
0x00, 0x41, 0x0e, 0x10, 0x86, 0x02, 0x43, 0x0d, 0x06, 0x02, 0x4c, 0xc6, 0x0c, 0x07, 0x08, 0x00, 
0x1c, 0x00, 0x00, 0x00, 0xdc, 0x02, 0x00, 0x00, 0x6a, 0xbf, 0xff, 0xff, 0x3d, 0x00, 0x00, 0x00, 
0x00, 0x41, 0x0e, 0x10, 0x86, 0x02, 0x43, 0x0d, 0x06, 0x78, 0xc6, 0x0c, 0x07, 0x08, 0x00, 0x00, 
0x1c, 0x00, 0x00, 0x00, 0xfc, 0x02, 0x00, 0x00, 0x87, 0xbf, 0xff, 0xff, 0x2c, 0x00, 0x00, 0x00, 
0x00, 0x41, 0x0e, 0x10, 0x86, 0x02, 0x43, 0x0d, 0x06, 0x67, 0xc6, 0x0c, 0x07, 0x08, 0x00, 0x00, 
0x1c, 0x00, 0x00, 0x00, 0x1c, 0x03, 0x00, 0x00, 0x93, 0xbf, 0xff, 0xff, 0x6c, 0x00, 0x00, 0x00, 
0x00, 0x41, 0x0e, 0x10, 0x86, 0x02, 0x43, 0x0d, 0x06, 0x02, 0x67, 0xc6, 0x0c, 0x07, 0x08, 0x00, 
0x1c, 0x00, 0x00, 0x00, 0x3c, 0x03, 0x00, 0x00, 0xdf, 0xbf, 0xff, 0xff, 0x3d, 0x00, 0x00, 0x00, 
0x00, 0x41, 0x0e, 0x10, 0x86, 0x02, 0x43, 0x0d, 0x06, 0x78, 0xc6, 0x0c, 0x07, 0x08, 0x00, 0x00, 
0x1c, 0x00, 0x00, 0x00, 0x5c, 0x03, 0x00, 0x00, 0xfc, 0xbf, 0xff, 0xff, 0x25, 0x00, 0x00, 0x00, 
0x00, 0x41, 0x0e, 0x10, 0x86, 0x02, 0x43, 0x0d, 0x06, 0x60, 0xc6, 0x0c, 0x07, 0x08, 0x00, 0x00, 
0x1c, 0x00, 0x00, 0x00, 0x7c, 0x03, 0x00, 0x00, 0x01, 0xc0, 0xff, 0xff, 0x31, 0x00, 0x00, 0x00, 
0x00, 0x41, 0x0e, 0x10, 0x86, 0x02, 0x43, 0x0d, 0x06, 0x6c, 0xc6, 0x0c, 0x07, 0x08, 0x00, 0x00, 
0x1c, 0x00, 0x00, 0x00, 0x9c, 0x03, 0x00, 0x00, 0x12, 0xc0, 0xff, 0xff, 0x24, 0x00, 0x00, 0x00, 
0x00, 0x41, 0x0e, 0x10, 0x86, 0x02, 0x43, 0x0d, 0x06, 0x5f, 0xc6, 0x0c, 0x07, 0x08, 0x00, 0x00, 
0x1c, 0x00, 0x00, 0x00, 0xbc, 0x03, 0x00, 0x00, 0x16, 0xc0, 0xff, 0xff, 0x0f, 0x01, 0x00, 0x00, 
0x00, 0x41, 0x0e, 0x10, 0x86, 0x02, 0x43, 0x0d, 0x06, 0x03, 0x0a, 0x01, 0xc6, 0x0c, 0x07, 0x08, 
0x1c, 0x00, 0x00, 0x00, 0xdc, 0x03, 0x00, 0x00, 0x05, 0xc1, 0xff, 0xff, 0x4f, 0x00, 0x00, 0x00, 
0x00, 0x41, 0x0e, 0x10, 0x86, 0x02, 0x43, 0x0d, 0x06, 0x02, 0x4a, 0xc6, 0x0c, 0x07, 0x08, 0x00, 
0x1c, 0x00, 0x00, 0x00, 0xfc, 0x03, 0x00, 0x00, 0x34, 0xc1, 0xff, 0xff, 0x15, 0x01, 0x00, 0x00, 
0x00, 0x41, 0x0e, 0x10, 0x86, 0x02, 0x43, 0x0d, 0x06, 0x03, 0x10, 0x01, 0xc6, 0x0c, 0x07, 0x08, 
0x1c, 0x00, 0x00, 0x00, 0x1c, 0x04, 0x00, 0x00, 0x29, 0xc2, 0xff, 0xff, 0xa1, 0x00, 0x00, 0x00, 
0x00, 0x41, 0x0e, 0x10, 0x86, 0x02, 0x43, 0x0d, 0x06, 0x02, 0x9c, 0xc6, 0x0c, 0x07, 0x08, 0x00, 
0x1c, 0x00, 0x00, 0x00, 0x3c, 0x04, 0x00, 0x00, 0xaa, 0xc2, 0xff, 0xff, 0x49, 0x00, 0x00, 0x00, 
0x00, 0x41, 0x0e, 0x10, 0x86, 0x02, 0x43, 0x0d, 0x06, 0x02, 0x44, 0xc6, 0x0c, 0x07, 0x08, 0x00, 
0x1c, 0x00, 0x00, 0x00, 0x5c, 0x04, 0x00, 0x00, 0xd3, 0xc2, 0xff, 0xff, 0x17, 0x00, 0x00, 0x00, 
0x00, 0x41, 0x0e, 0x10, 0x86, 0x02, 0x43, 0x0d, 0x06, 0x52, 0xc6, 0x0c, 0x07, 0x08, 0x00, 0x00, 
0x18, 0x00, 0x00, 0x00, 0x7c, 0x04, 0x00, 0x00, 0xca, 0xc2, 0xff, 0xff, 0x5e, 0x00, 0x00, 0x00, 
0x00, 0x41, 0x0e, 0x10, 0x86, 0x02, 0x43, 0x0d, 0x06, 0x00, 0x00, 0x00, 0x18, 0x00, 0x00, 0x00, 
0x98, 0x04, 0x00, 0x00, 0x0c, 0xc3, 0xff, 0xff, 0x1f, 0x00, 0x00, 0x00, 0x00, 0x41, 0x0e, 0x10, 
0x86, 0x02, 0x43, 0x0d, 0x06, 0x00, 0x00, 0x00, 0x1c, 0x00, 0x00, 0x00, 0xb4, 0x04, 0x00, 0x00, 
0x0f, 0xc3, 0xff, 0xff, 0xa4, 0x00, 0x00, 0x00, 0x00, 0x41, 0x0e, 0x10, 0x86, 0x02, 0x43, 0x0d, 
0x06, 0x02, 0x9f, 0xc6, 0x0c, 0x07, 0x08, 0x00, 0x1c, 0x00, 0x00, 0x00, 0xd4, 0x04, 0x00, 0x00, 
0x93, 0xc3, 0xff, 0xff, 0x24, 0x00, 0x00, 0x00, 0x00, 0x41, 0x0e, 0x10, 0x86, 0x02, 0x43, 0x0d, 
0x06, 0x5f, 0xc6, 0x0c, 0x07, 0x08, 0x00, 0x00, 0x1c, 0x00, 0x00, 0x00, 0xf4, 0x04, 0x00, 0x00, 
0x97, 0xc3, 0xff, 0xff, 0x3b, 0x01, 0x00, 0x00, 0x00, 0x41, 0x0e, 0x10, 0x86, 0x02, 0x43, 0x0d, 
0x06, 0x03, 0x36, 0x01, 0xc6, 0x0c, 0x07, 0x08, 0x1c, 0x00, 0x00, 0x00, 0x14, 0x05, 0x00, 0x00, 
0xb2, 0xc4, 0xff, 0xff, 0x67, 0x01, 0x00, 0x00, 0x00, 0x41, 0x0e, 0x10, 0x86, 0x02, 0x43, 0x0d, 
0x06, 0x03, 0x62, 0x01, 0xc6, 0x0c, 0x07, 0x08, 0x1c, 0x00, 0x00, 0x00, 0x34, 0x05, 0x00, 0x00, 
0xf9, 0xc5, 0xff, 0xff, 0x41, 0x01, 0x00, 0x00, 0x00, 0x41, 0x0e, 0x10, 0x86, 0x02, 0x43, 0x0d, 
0x06, 0x03, 0x3c, 0x01, 0xc6, 0x0c, 0x07, 0x08, 0x1c, 0x00, 0x00, 0x00, 0x54, 0x05, 0x00, 0x00, 
0x1a, 0xc7, 0xff, 0xff, 0xa2, 0x00, 0x00, 0x00, 0x00, 0x41, 0x0e, 0x10, 0x86, 0x02, 0x43, 0x0d, 
0x06, 0x02, 0x9d, 0xc6, 0x0c, 0x07, 0x08, 0x00, 0x1c, 0x00, 0x00, 0x00, 0x74, 0x05, 0x00, 0x00, 
0x9c, 0xc7, 0xff, 0xff, 0x1b, 0x03, 0x00, 0x00, 0x00, 0x41, 0x0e, 0x10, 0x86, 0x02, 0x43, 0x0d, 
0x06, 0x03, 0x16, 0x03, 0xc6, 0x0c, 0x07, 0x08, 0x1c, 0x00, 0x00, 0x00, 0x94, 0x05, 0x00, 0x00, 
0x97, 0xca, 0xff, 0xff, 0xe8, 0x00, 0x00, 0x00, 0x00, 0x41, 0x0e, 0x10, 0x86, 0x02, 0x43, 0x0d, 
0x06, 0x02, 0xe3, 0xc6, 0x0c, 0x07, 0x08, 0x00, 0x1c, 0x00, 0x00, 0x00, 0xb4, 0x05, 0x00, 0x00, 
0x5f, 0xcb, 0xff, 0xff, 0x5c, 0x00, 0x00, 0x00, 0x00, 0x41, 0x0e, 0x10, 0x86, 0x02, 0x43, 0x0d, 
0x06, 0x02, 0x57, 0xc6, 0x0c, 0x07, 0x08, 0x00, 0x1c, 0x00, 0x00, 0x00, 0xd4, 0x05, 0x00, 0x00, 
0x9b, 0xcb, 0xff, 0xff, 0x1a, 0x02, 0x00, 0x00, 0x00, 0x41, 0x0e, 0x10, 0x86, 0x02, 0x43, 0x0d, 
0x06, 0x03, 0x15, 0x02, 0xc6, 0x0c, 0x07, 0x08, 0x1c, 0x00, 0x00, 0x00, 0xf4, 0x05, 0x00, 0x00, 
0x95, 0xcd, 0xff, 0xff, 0x31, 0x00, 0x00, 0x00, 0x00, 0x41, 0x0e, 0x10, 0x86, 0x02, 0x43, 0x0d, 
0x06, 0x6c, 0xc6, 0x0c, 0x07, 0x08, 0x00, 0x00, 0x1c, 0x00, 0x00, 0x00, 0x14, 0x06, 0x00, 0x00, 
0xa6, 0xcd, 0xff, 0xff, 0x18, 0x00, 0x00, 0x00, 0x00, 0x41, 0x0e, 0x10, 0x86, 0x02, 0x43, 0x0d, 
0x06, 0x53, 0xc6, 0x0c, 0x07, 0x08, 0x00, 0x00, 0x1c, 0x00, 0x00, 0x00, 0x34, 0x06, 0x00, 0x00, 
0x9e, 0xcd, 0xff, 0xff, 0x24, 0x00, 0x00, 0x00, 0x00, 0x41, 0x0e, 0x10, 0x86, 0x02, 0x43, 0x0d, 
0x06, 0x5f, 0xc6, 0x0c, 0x07, 0x08, 0x00, 0x00, 0x1c, 0x00, 0x00, 0x00, 0x54, 0x06, 0x00, 0x00, 
0xa2, 0xcd, 0xff, 0xff, 0x33, 0x00, 0x00, 0x00, 0x00, 0x41, 0x0e, 0x10, 0x86, 0x02, 0x43, 0x0d, 
0x06, 0x6e, 0xc6, 0x0c, 0x07, 0x08, 0x00, 0x00, 0x1c, 0x00, 0x00, 0x00, 0x74, 0x06, 0x00, 0x00, 
0xb5, 0xcd, 0xff, 0xff, 0x41, 0x00, 0x00, 0x00, 0x00, 0x41, 0x0e, 0x10, 0x86, 0x02, 0x43, 0x0d, 
0x06, 0x7c, 0xc6, 0x0c, 0x07, 0x08, 0x00, 0x00, 0x1c, 0x00, 0x00, 0x00, 0x94, 0x06, 0x00, 0x00, 
0xd6, 0xcd, 0xff, 0xff, 0x53, 0x00, 0x00, 0x00, 0x00, 0x41, 0x0e, 0x10, 0x86, 0x02, 0x43, 0x0d, 
0x06, 0x02, 0x4e, 0xc6, 0x0c, 0x07, 0x08, 0x00, 0x1c, 0x00, 0x00, 0x00, 0xb4, 0x06, 0x00, 0x00, 
0x09, 0xce, 0xff, 0xff, 0x71, 0x00, 0x00, 0x00, 0x00, 0x41, 0x0e, 0x10, 0x86, 0x02, 0x43, 0x0d, 
0x06, 0x02, 0x6c, 0xc6, 0x0c, 0x07, 0x08, 0x00, 0x20, 0x00, 0x00, 0x00, 0xd4, 0x06, 0x00, 0x00, 
0x5a, 0xce, 0xff, 0xff, 0x80, 0x00, 0x00, 0x00, 0x00, 0x41, 0x0e, 0x10, 0x86, 0x02, 0x43, 0x0d, 
0x06, 0x45, 0x83, 0x03, 0x02, 0x76, 0xc6, 0xc3, 0x0c, 0x07, 0x08, 0x00, 0x20, 0x00, 0x00, 0x00, 
0xf8, 0x06, 0x00, 0x00, 0xb6, 0xce, 0xff, 0xff, 0x9e, 0x00, 0x00, 0x00, 0x00, 0x41, 0x0e, 0x10, 
0x86, 0x02, 0x43, 0x0d, 0x06, 0x45, 0x83, 0x03, 0x02, 0x94, 0xc6, 0xc3, 0x0c, 0x07, 0x08, 0x00, 
0x1c, 0x00, 0x00, 0x00, 0x1c, 0x07, 0x00, 0x00, 0x30, 0xcf, 0xff, 0xff, 0x43, 0x00, 0x00, 0x00, 
0x00, 0x41, 0x0e, 0x10, 0x86, 0x02, 0x43, 0x0d, 0x06, 0x7e, 0xc6, 0x0c, 0x07, 0x08, 0x00, 0x00, 
0x1c, 0x00, 0x00, 0x00, 0x3c, 0x07, 0x00, 0x00, 0x53, 0xcf, 0xff, 0xff, 0x7f, 0x00, 0x00, 0x00, 
0x00, 0x41, 0x0e, 0x10, 0x86, 0x02, 0x43, 0x0d, 0x06, 0x02, 0x7a, 0xc6, 0x0c, 0x07, 0x08, 0x00, 
0x1c, 0x00, 0x00, 0x00, 0x5c, 0x07, 0x00, 0x00, 0xb2, 0xcf, 0xff, 0xff, 0x55, 0x00, 0x00, 0x00, 
0x00, 0x41, 0x0e, 0x10, 0x86, 0x02, 0x43, 0x0d, 0x06, 0x02, 0x50, 0xc6, 0x0c, 0x07, 0x08, 0x00, 
0x1c, 0x00, 0x00, 0x00, 0x7c, 0x07, 0x00, 0x00, 0xe7, 0xcf, 0xff, 0xff, 0x86, 0x00, 0x00, 0x00, 
0x00, 0x41, 0x0e, 0x10, 0x86, 0x02, 0x43, 0x0d, 0x06, 0x02, 0x81, 0xc6, 0x0c, 0x07, 0x08, 0x00, 
0x1c, 0x00, 0x00, 0x00, 0x9c, 0x07, 0x00, 0x00, 0x4d, 0xd0, 0xff, 0xff, 0x4c, 0x00, 0x00, 0x00, 
0x00, 0x41, 0x0e, 0x10, 0x86, 0x02, 0x43, 0x0d, 0x06, 0x02, 0x47, 0xc6, 0x0c, 0x07, 0x08, 0x00, 
0x1c, 0x00, 0x00, 0x00, 0xbc, 0x07, 0x00, 0x00, 0x79, 0xd0, 0xff, 0xff, 0x55, 0x00, 0x00, 0x00, 
0x00, 0x41, 0x0e, 0x10, 0x86, 0x02, 0x43, 0x0d, 0x06, 0x02, 0x50, 0xc6, 0x0c, 0x07, 0x08, 0x00, 
0x1c, 0x00, 0x00, 0x00, 0xdc, 0x07, 0x00, 0x00, 0xae, 0xd0, 0xff, 0xff, 0x9f, 0x00, 0x00, 0x00, 
0x00, 0x41, 0x0e, 0x10, 0x86, 0x02, 0x43, 0x0d, 0x06, 0x02, 0x9a, 0xc6, 0x0c, 0x07, 0x08, 0x00, 
0x1c, 0x00, 0x00, 0x00, 0xfc, 0x07, 0x00, 0x00, 0x2d, 0xd1, 0xff, 0xff, 0x54, 0x00, 0x00, 0x00, 
0x00, 0x41, 0x0e, 0x10, 0x86, 0x02, 0x43, 0x0d, 0x06, 0x02, 0x4f, 0xc6, 0x0c, 0x07, 0x08, 0x00, 
0x1c, 0x00, 0x00, 0x00, 0x1c, 0x08, 0x00, 0x00, 0x61, 0xd1, 0xff, 0xff, 0xe8, 0x00, 0x00, 0x00, 
0x00, 0x41, 0x0e, 0x10, 0x86, 0x02, 0x43, 0x0d, 0x06, 0x02, 0xe3, 0xc6, 0x0c, 0x07, 0x08, 0x00, 
0x1c, 0x00, 0x00, 0x00, 0x3c, 0x08, 0x00, 0x00, 0x29, 0xd2, 0xff, 0xff, 0x5a, 0x00, 0x00, 0x00, 
0x00, 0x41, 0x0e, 0x10, 0x86, 0x02, 0x43, 0x0d, 0x06, 0x02, 0x55, 0xc6, 0x0c, 0x07, 0x08, 0x00, 
0x1c, 0x00, 0x00, 0x00, 0x5c, 0x08, 0x00, 0x00, 0x63, 0xd2, 0xff, 0xff, 0xaa, 0x00, 0x00, 0x00, 
0x00, 0x41, 0x0e, 0x10, 0x86, 0x02, 0x43, 0x0d, 0x06, 0x02, 0xa5, 0xc6, 0x0c, 0x07, 0x08, 0x00, 
0x1c, 0x00, 0x00, 0x00, 0x7c, 0x08, 0x00, 0x00, 0xed, 0xd2, 0xff, 0xff, 0x4c, 0x00, 0x00, 0x00, 
0x00, 0x41, 0x0e, 0x10, 0x86, 0x02, 0x43, 0x0d, 0x06, 0x02, 0x47, 0xc6, 0x0c, 0x07, 0x08, 0x00, 
0x1c, 0x00, 0x00, 0x00, 0x9c, 0x08, 0x00, 0x00, 0x19, 0xd3, 0xff, 0xff, 0x74, 0x00, 0x00, 0x00, 
0x00, 0x41, 0x0e, 0x10, 0x86, 0x02, 0x43, 0x0d, 0x06, 0x02, 0x6f, 0xc6, 0x0c, 0x07, 0x08, 0x00, 
0x1c, 0x00, 0x00, 0x00, 0xbc, 0x08, 0x00, 0x00, 0x6d, 0xd3, 0xff, 0xff, 0x52, 0x00, 0x00, 0x00, 
0x00, 0x41, 0x0e, 0x10, 0x86, 0x02, 0x43, 0x0d, 0x06, 0x02, 0x4d, 0xc6, 0x0c, 0x07, 0x08, 0x00, 
0x1c, 0x00, 0x00, 0x00, 0xdc, 0x08, 0x00, 0x00, 0x9f, 0xd3, 0xff, 0xff, 0x2b, 0x02, 0x00, 0x00, 
0x00, 0x41, 0x0e, 0x10, 0x86, 0x02, 0x43, 0x0d, 0x06, 0x03, 0x26, 0x02, 0xc6, 0x0c, 0x07, 0x08, 
0x1c, 0x00, 0x00, 0x00, 0xfc, 0x08, 0x00, 0x00, 0xaa, 0xd5, 0xff, 0xff, 0x58, 0x00, 0x00, 0x00, 
0x00, 0x41, 0x0e, 0x10, 0x86, 0x02, 0x43, 0x0d, 0x06, 0x02, 0x53, 0xc6, 0x0c, 0x07, 0x08, 0x00, 
0x1c, 0x00, 0x00, 0x00, 0x1c, 0x09, 0x00, 0x00, 0xe2, 0xd5, 0xff, 0xff, 0x58, 0x00, 0x00, 0x00, 
0x00, 0x41, 0x0e, 0x10, 0x86, 0x02, 0x43, 0x0d, 0x06, 0x02, 0x53, 0xc6, 0x0c, 0x07, 0x08, 0x00, 
0x1c, 0x00, 0x00, 0x00, 0x3c, 0x09, 0x00, 0x00, 0x1a, 0xd6, 0xff, 0xff, 0x47, 0x00, 0x00, 0x00, 
0x00, 0x41, 0x0e, 0x10, 0x86, 0x02, 0x43, 0x0d, 0x06, 0x02, 0x42, 0xc6, 0x0c, 0x07, 0x08, 0x00, 
0x1c, 0x00, 0x00, 0x00, 0x5c, 0x09, 0x00, 0x00, 0x41, 0xd6, 0xff, 0xff, 0x59, 0x00, 0x00, 0x00, 
0x00, 0x41, 0x0e, 0x10, 0x86, 0x02, 0x43, 0x0d, 0x06, 0x02, 0x54, 0xc6, 0x0c, 0x07, 0x08, 0x00, 
0x1c, 0x00, 0x00, 0x00, 0x7c, 0x09, 0x00, 0x00, 0x7a, 0xd6, 0xff, 0xff, 0x46, 0x00, 0x00, 0x00, 
0x00, 0x41, 0x0e, 0x10, 0x86, 0x02, 0x43, 0x0d, 0x06, 0x02, 0x41, 0xc6, 0x0c, 0x07, 0x08, 0x00, 
0x1c, 0x00, 0x00, 0x00, 0x9c, 0x09, 0x00, 0x00, 0xa0, 0xd6, 0xff, 0xff, 0x4f, 0x00, 0x00, 0x00, 
0x00, 0x41, 0x0e, 0x10, 0x86, 0x02, 0x43, 0x0d, 0x06, 0x02, 0x4a, 0xc6, 0x0c, 0x07, 0x08, 0x00, 
0x1c, 0x00, 0x00, 0x00, 0xbc, 0x09, 0x00, 0x00, 0xcf, 0xd6, 0xff, 0xff, 0x47, 0x00, 0x00, 0x00, 
0x00, 0x41, 0x0e, 0x10, 0x86, 0x02, 0x43, 0x0d, 0x06, 0x02, 0x42, 0xc6, 0x0c, 0x07, 0x08, 0x00, 
0x1c, 0x00, 0x00, 0x00, 0xdc, 0x09, 0x00, 0x00, 0xf6, 0xd6, 0xff, 0xff, 0x3b, 0x00, 0x00, 0x00, 
0x00, 0x41, 0x0e, 0x10, 0x86, 0x02, 0x43, 0x0d, 0x06, 0x76, 0xc6, 0x0c, 0x07, 0x08, 0x00, 0x00, 
0x1c, 0x00, 0x00, 0x00, 0xfc, 0x09, 0x00, 0x00, 0x11, 0xd7, 0xff, 0xff, 0x56, 0x00, 0x00, 0x00, 
0x00, 0x41, 0x0e, 0x10, 0x86, 0x02, 0x43, 0x0d, 0x06, 0x02, 0x51, 0xc6, 0x0c, 0x07, 0x08, 0x00, 
0x1c, 0x00, 0x00, 0x00, 0x1c, 0x0a, 0x00, 0x00, 0x47, 0xd7, 0xff, 0xff, 0x76, 0x01, 0x00, 0x00, 
0x00, 0x41, 0x0e, 0x10, 0x86, 0x02, 0x43, 0x0d, 0x06, 0x03, 0x71, 0x01, 0xc6, 0x0c, 0x07, 0x08, 
0x1c, 0x00, 0x00, 0x00, 0x3c, 0x0a, 0x00, 0x00, 0x9d, 0xd8, 0xff, 0xff, 0x15, 0x00, 0x00, 0x00, 
0x00, 0x41, 0x0e, 0x10, 0x86, 0x02, 0x43, 0x0d, 0x06, 0x50, 0xc6, 0x0c, 0x07, 0x08, 0x00, 0x00, 
0x1c, 0x00, 0x00, 0x00, 0x5c, 0x0a, 0x00, 0x00, 0x92, 0xd8, 0xff, 0xff, 0x15, 0x00, 0x00, 0x00, 
0x00, 0x41, 0x0e, 0x10, 0x86, 0x02, 0x43, 0x0d, 0x06, 0x50, 0xc6, 0x0c, 0x07, 0x08, 0x00, 0x00, 
0x1c, 0x00, 0x00, 0x00, 0x7c, 0x0a, 0x00, 0x00, 0x87, 0xd8, 0xff, 0xff, 0x15, 0x00, 0x00, 0x00, 
0x00, 0x41, 0x0e, 0x10, 0x86, 0x02, 0x43, 0x0d, 0x06, 0x50, 0xc6, 0x0c, 0x07, 0x08, 0x00, 0x00, 
0x1c, 0x00, 0x00, 0x00, 0x9c, 0x0a, 0x00, 0x00, 0x7c, 0xd8, 0xff, 0xff, 0x15, 0x00, 0x00, 0x00, 
0x00, 0x41, 0x0e, 0x10, 0x86, 0x02, 0x43, 0x0d, 0x06, 0x50, 0xc6, 0x0c, 0x07, 0x08, 0x00, 0x00, 
0x1c, 0x00, 0x00, 0x00, 0xbc, 0x0a, 0x00, 0x00, 0x71, 0xd8, 0xff, 0xff, 0x15, 0x00, 0x00, 0x00, 
0x00, 0x41, 0x0e, 0x10, 0x86, 0x02, 0x43, 0x0d, 0x06, 0x50, 0xc6, 0x0c, 0x07, 0x08, 0x00, 0x00, 
0x1c, 0x00, 0x00, 0x00, 0xdc, 0x0a, 0x00, 0x00, 0x66, 0xd8, 0xff, 0xff, 0x15, 0x00, 0x00, 0x00, 
0x00, 0x41, 0x0e, 0x10, 0x86, 0x02, 0x43, 0x0d, 0x06, 0x50, 0xc6, 0x0c, 0x07, 0x08, 0x00, 0x00, 
0x1c, 0x00, 0x00, 0x00, 0xfc, 0x0a, 0x00, 0x00, 0x5b, 0xd8, 0xff, 0xff, 0x45, 0x00, 0x00, 0x00, 
0x00, 0x41, 0x0e, 0x10, 0x86, 0x02, 0x43, 0x0d, 0x06, 0x02, 0x40, 0xc6, 0x0c, 0x07, 0x08, 0x00, 
0x1c, 0x00, 0x00, 0x00, 0x1c, 0x0b, 0x00, 0x00, 0x80, 0xd8, 0xff, 0xff, 0x45, 0x00, 0x00, 0x00, 
0x00, 0x41, 0x0e, 0x10, 0x86, 0x02, 0x43, 0x0d, 0x06, 0x02, 0x40, 0xc6, 0x0c, 0x07, 0x08, 0x00, 
0x1c, 0x00, 0x00, 0x00, 0x3c, 0x0b, 0x00, 0x00, 0xa5, 0xd8, 0xff, 0xff, 0x45, 0x00, 0x00, 0x00, 
0x00, 0x41, 0x0e, 0x10, 0x86, 0x02, 0x43, 0x0d, 0x06, 0x02, 0x40, 0xc6, 0x0c, 0x07, 0x08, 0x00, 
0x1c, 0x00, 0x00, 0x00, 0x5c, 0x0b, 0x00, 0x00, 0xca, 0xd8, 0xff, 0xff, 0x45, 0x00, 0x00, 0x00, 
0x00, 0x41, 0x0e, 0x10, 0x86, 0x02, 0x43, 0x0d, 0x06, 0x02, 0x40, 0xc6, 0x0c, 0x07, 0x08, 0x00, 
0x1c, 0x00, 0x00, 0x00, 0x7c, 0x0b, 0x00, 0x00, 0xef, 0xd8, 0xff, 0xff, 0x4e, 0x00, 0x00, 0x00, 
0x00, 0x41, 0x0e, 0x10, 0x86, 0x02, 0x43, 0x0d, 0x06, 0x02, 0x49, 0xc6, 0x0c, 0x07, 0x08, 0x00, 
0x1c, 0x00, 0x00, 0x00, 0x9c, 0x0b, 0x00, 0x00, 0x1d, 0xd9, 0xff, 0xff, 0x47, 0x00, 0x00, 0x00, 
0x00, 0x41, 0x0e, 0x10, 0x86, 0x02, 0x43, 0x0d, 0x06, 0x02, 0x42, 0xc6, 0x0c, 0x07, 0x08, 0x00, 
0x1c, 0x00, 0x00, 0x00, 0xbc, 0x0b, 0x00, 0x00, 0x44, 0xd9, 0xff, 0xff, 0x47, 0x00, 0x00, 0x00, 
0x00, 0x41, 0x0e, 0x10, 0x86, 0x02, 0x43, 0x0d, 0x06, 0x02, 0x42, 0xc6, 0x0c, 0x07, 0x08, 0x00, 
0x1c, 0x00, 0x00, 0x00, 0xdc, 0x0b, 0x00, 0x00, 0x6b, 0xd9, 0xff, 0xff, 0x53, 0x00, 0x00, 0x00, 
0x00, 0x41, 0x0e, 0x10, 0x86, 0x02, 0x43, 0x0d, 0x06, 0x02, 0x4e, 0xc6, 0x0c, 0x07, 0x08, 0x00, 
0x1c, 0x00, 0x00, 0x00, 0xfc, 0x0b, 0x00, 0x00, 0x9e, 0xd9, 0xff, 0xff, 0x53, 0x00, 0x00, 0x00, 
0x00, 0x41, 0x0e, 0x10, 0x86, 0x02, 0x43, 0x0d, 0x06, 0x02, 0x4e, 0xc6, 0x0c, 0x07, 0x08, 0x00, 
0x1c, 0x00, 0x00, 0x00, 0x1c, 0x0c, 0x00, 0x00, 0xd1, 0xd9, 0xff, 0xff, 0xa8, 0x00, 0x00, 0x00, 
0x00, 0x41, 0x0e, 0x10, 0x86, 0x02, 0x43, 0x0d, 0x06, 0x02, 0xa3, 0xc6, 0x0c, 0x07, 0x08, 0x00, 
0x1c, 0x00, 0x00, 0x00, 0x3c, 0x0c, 0x00, 0x00, 0x59, 0xda, 0xff, 0xff, 0x32, 0x00, 0x00, 0x00, 
0x00, 0x41, 0x0e, 0x10, 0x86, 0x02, 0x43, 0x0d, 0x06, 0x6d, 0xc6, 0x0c, 0x07, 0x08, 0x00, 0x00, 
0x1c, 0x00, 0x00, 0x00, 0x5c, 0x0c, 0x00, 0x00, 0x6b, 0xda, 0xff, 0xff, 0x60, 0x00, 0x00, 0x00, 
0x00, 0x41, 0x0e, 0x10, 0x86, 0x02, 0x43, 0x0d, 0x06, 0x02, 0x5b, 0xc6, 0x0c, 0x07, 0x08, 0x00, 
0x1c, 0x00, 0x00, 0x00, 0x7c, 0x0c, 0x00, 0x00, 0xab, 0xda, 0xff, 0xff, 0x25, 0x00, 0x00, 0x00, 
0x00, 0x41, 0x0e, 0x10, 0x86, 0x02, 0x43, 0x0d, 0x06, 0x60, 0xc6, 0x0c, 0x07, 0x08, 0x00, 0x00, 
0x1c, 0x00, 0x00, 0x00, 0x9c, 0x0c, 0x00, 0x00, 0xb0, 0xda, 0xff, 0xff, 0x33, 0x01, 0x00, 0x00, 
0x00, 0x41, 0x0e, 0x10, 0x86, 0x02, 0x43, 0x0d, 0x06, 0x03, 0x2e, 0x01, 0xc6, 0x0c, 0x07, 0x08, 
0x1c, 0x00, 0x00, 0x00, 0xbc, 0x0c, 0x00, 0x00, 0xc3, 0xdb, 0xff, 0xff, 0x16, 0x00, 0x00, 0x00, 
0x00, 0x41, 0x0e, 0x10, 0x86, 0x02, 0x43, 0x0d, 0x06, 0x51, 0xc6, 0x0c, 0x07, 0x08, 0x00, 0x00, 
0x1c, 0x00, 0x00, 0x00, 0xdc, 0x0c, 0x00, 0x00, 0xb9, 0xdb, 0xff, 0xff, 0x5a, 0x00, 0x00, 0x00, 
0x00, 0x41, 0x0e, 0x10, 0x86, 0x02, 0x43, 0x0d, 0x06, 0x02, 0x55, 0xc6, 0x0c, 0x07, 0x08, 0x00, 
0x1c, 0x00, 0x00, 0x00, 0xfc, 0x0c, 0x00, 0x00, 0x0d, 0xdc, 0xff, 0xff, 0x50, 0x00, 0x00, 0x00, 
0x00, 0x41, 0x0e, 0x10, 0x86, 0x02, 0x43, 0x0d, 0x06, 0x02, 0x4b, 0xc6, 0x0c, 0x07, 0x08, 0x00, 
0x1c, 0x00, 0x00, 0x00, 0x1c, 0x0d, 0x00, 0x00, 0x3d, 0xdc, 0xff, 0xff, 0x16, 0x00, 0x00, 0x00, 
0x00, 0x41, 0x0e, 0x10, 0x86, 0x02, 0x43, 0x0d, 0x06, 0x51, 0xc6, 0x0c, 0x07, 0x08, 0x00, 0x00, 
0x1c, 0x00, 0x00, 0x00, 0x3c, 0x0d, 0x00, 0x00, 0x33, 0xdc, 0xff, 0xff, 0x3c, 0x01, 0x00, 0x00, 
0x00, 0x41, 0x0e, 0x10, 0x86, 0x02, 0x43, 0x0d, 0x06, 0x03, 0x37, 0x01, 0xc6, 0x0c, 0x07, 0x08, 
0x1c, 0x00, 0x00, 0x00, 0x5c, 0x0d, 0x00, 0x00, 0x4f, 0xdd, 0xff, 0xff, 0x4f, 0x00, 0x00, 0x00, 
0x00, 0x41, 0x0e, 0x10, 0x86, 0x02, 0x43, 0x0d, 0x06, 0x02, 0x4a, 0xc6, 0x0c, 0x07, 0x08, 0x00, 
0x1c, 0x00, 0x00, 0x00, 0x7c, 0x0d, 0x00, 0x00, 0x7e, 0xdd, 0xff, 0xff, 0x4f, 0x00, 0x00, 0x00, 
0x00, 0x41, 0x0e, 0x10, 0x86, 0x02, 0x43, 0x0d, 0x06, 0x02, 0x4a, 0xc6, 0x0c, 0x07, 0x08, 0x00, 
0x1c, 0x00, 0x00, 0x00, 0x9c, 0x0d, 0x00, 0x00, 0xad, 0xdd, 0xff, 0xff, 0x4d, 0x00, 0x00, 0x00, 
0x00, 0x41, 0x0e, 0x10, 0x86, 0x02, 0x43, 0x0d, 0x06, 0x02, 0x48, 0xc6, 0x0c, 0x07, 0x08, 0x00, 
0x1c, 0x00, 0x00, 0x00, 0xbc, 0x0d, 0x00, 0x00, 0xda, 0xdd, 0xff, 0xff, 0x4d, 0x00, 0x00, 0x00, 
0x00, 0x41, 0x0e, 0x10, 0x86, 0x02, 0x43, 0x0d, 0x06, 0x02, 0x48, 0xc6, 0x0c, 0x07, 0x08, 0x00, 
0x1c, 0x00, 0x00, 0x00, 0xdc, 0x0d, 0x00, 0x00, 0x07, 0xde, 0xff, 0xff, 0x4d, 0x00, 0x00, 0x00, 
0x00, 0x41, 0x0e, 0x10, 0x86, 0x02, 0x43, 0x0d, 0x06, 0x02, 0x48, 0xc6, 0x0c, 0x07, 0x08, 0x00, 
0x1c, 0x00, 0x00, 0x00, 0xfc, 0x0d, 0x00, 0x00, 0x34, 0xde, 0xff, 0xff, 0x4f, 0x00, 0x00, 0x00, 
0x00, 0x41, 0x0e, 0x10, 0x86, 0x02, 0x43, 0x0d, 0x06, 0x02, 0x4a, 0xc6, 0x0c, 0x07, 0x08, 0x00, 
0x1c, 0x00, 0x00, 0x00, 0x1c, 0x0e, 0x00, 0x00, 0x63, 0xde, 0xff, 0xff, 0x4f, 0x00, 0x00, 0x00, 
0x00, 0x41, 0x0e, 0x10, 0x86, 0x02, 0x43, 0x0d, 0x06, 0x02, 0x4a, 0xc6, 0x0c, 0x07, 0x08, 0x00, 
0x1c, 0x00, 0x00, 0x00, 0x3c, 0x0e, 0x00, 0x00, 0x92, 0xde, 0xff, 0xff, 0x4f, 0x00, 0x00, 0x00, 
0x00, 0x41, 0x0e, 0x10, 0x86, 0x02, 0x43, 0x0d, 0x06, 0x02, 0x4a, 0xc6, 0x0c, 0x07, 0x08, 0x00, 
0x1c, 0x00, 0x00, 0x00, 0x5c, 0x0e, 0x00, 0x00, 0xc1, 0xde, 0xff, 0xff, 0x42, 0x00, 0x00, 0x00, 
0x00, 0x41, 0x0e, 0x10, 0x86, 0x02, 0x43, 0x0d, 0x06, 0x7d, 0xc6, 0x0c, 0x07, 0x08, 0x00, 0x00, 
0x1c, 0x00, 0x00, 0x00, 0x7c, 0x0e, 0x00, 0x00, 0xe3, 0xde, 0xff, 0xff, 0x72, 0x00, 0x00, 0x00, 
0x00, 0x41, 0x0e, 0x10, 0x86, 0x02, 0x43, 0x0d, 0x06, 0x02, 0x6d, 0xc6, 0x0c, 0x07, 0x08, 0x00, 
0x1c, 0x00, 0x00, 0x00, 0x9c, 0x0e, 0x00, 0x00, 0x35, 0xdf, 0xff, 0xff, 0x5f, 0x02, 0x00, 0x00, 
0x00, 0x41, 0x0e, 0x10, 0x86, 0x02, 0x43, 0x0d, 0x06, 0x03, 0x5a, 0x02, 0xc6, 0x0c, 0x07, 0x08, 
0x1c, 0x00, 0x00, 0x00, 0xbc, 0x0e, 0x00, 0x00, 0x74, 0xe1, 0xff, 0xff, 0x1a, 0x00, 0x00, 0x00, 
0x00, 0x41, 0x0e, 0x10, 0x86, 0x02, 0x43, 0x0d, 0x06, 0x55, 0xc6, 0x0c, 0x07, 0x08, 0x00, 0x00, 
0x1c, 0x00, 0x00, 0x00, 0xdc, 0x0e, 0x00, 0x00, 0x6e, 0xe1, 0xff, 0xff, 0xc5, 0x00, 0x00, 0x00, 
0x00, 0x41, 0x0e, 0x10, 0x86, 0x02, 0x43, 0x0d, 0x06, 0x02, 0xc0, 0xc6, 0x0c, 0x07, 0x08, 0x00, 
0x1c, 0x00, 0x00, 0x00, 0xfc, 0x0e, 0x00, 0x00, 0x13, 0xe2, 0xff, 0xff, 0x22, 0x00, 0x00, 0x00, 
0x00, 0x41, 0x0e, 0x10, 0x86, 0x02, 0x43, 0x0d, 0x06, 0x5d, 0xc6, 0x0c, 0x07, 0x08, 0x00, 0x00, 
0x1c, 0x00, 0x00, 0x00, 0x1c, 0x0f, 0x00, 0x00, 0x15, 0xe2, 0xff, 0xff, 0xca, 0x06, 0x00, 0x00, 
0x00, 0x41, 0x0e, 0x10, 0x86, 0x02, 0x43, 0x0d, 0x06, 0x03, 0xc5, 0x06, 0xc6, 0x0c, 0x07, 0x08, 
0x04, 0x00, 0x00, 0x00, 0x20, 0x00, 0x00, 0x00, 0x05, 0x00, 0x00, 0x00, 0x47, 0x4e, 0x55, 0x00, 
0x01, 0x00, 0x01, 0xc0, 0x04, 0x00, 0x00, 0x00, 0x09, 0x00, 0x00, 0x00, 0x00, 0x00, 0x00, 0x00, 
0x02, 0x00, 0x01, 0xc0, 0x04, 0x00, 0x00, 0x00, 0x01, 0x00, 0x00, 0x00, 0x00, 0x00, 0x00, 0x00, 
0x00, 0x00, 0x00, 0x00, 0x00, 0x00, 0x00, 0x00, 0x00, 0x00, 0x00, 0x00, 0x00, 0x00, 0x00, 0x00, 
0x00, 0x00, 0x00, 0x00, 0x00, 0x00, 0x00, 0x00, 0x00, 0x00, 0x00, 0x00, 0x00, 0x00, 0x00, 0x00, 
0x00, 0x00, 0x00, 0x00, 0x00, 0x00, 0x00, 0x00, 0x00, 0x00, 0x00, 0x00, 0x00, 0x00, 0x00, 0x00, 
0x00, 0x00, 0x00, 0x00, 0x00, 0x00, 0x00, 0x00, 0x00, 0x00, 0x00, 0x00, 0x00, 0x00, 0x00, 0x00, 
0x00, 0x00, 0x00, 0x00, 0x00, 0x00, 0x00, 0x00, 0x00, 0x00, 0x00, 0x00, 0x00, 0x00, 0x00, 0x00, 
0x00, 0x00, 0x00, 0x00, 0x00, 0x00, 0x00, 0x00, 0x00, 0x00, 0x00, 0x00, 0x00, 0x00, 0x00, 0x00, 
0x00, 0x00, 0x00, 0x00, 0x00, 0x00, 0x00, 0x00, 0x00, 0x00, 0x00, 0x00, 0x00, 0x00, 0x00, 0x00, 
0x00, 0x00, 0x00, 0x00, 0x00, 0x00, 0x00, 0x00, 0x00, 0x00, 0x00, 0x00, 0x00, 0x00, 0x00, 0x00, 
0x00, 0x00, 0x00, 0x00, 0x00, 0x00, 0x00, 0x00, 0x00, 0x00, 0x00, 0x00, 0x00, 0x00, 0x00, 0x00, 
0x00, 0x00, 0x00, 0x00, 0x00, 0x00, 0x00, 0x00, 0x00, 0x00, 0x00, 0x00, 0x00, 0x00, 0x00, 0x00, 
0x00, 0x00, 0x00, 0x00, 0x00, 0x00, 0x00, 0x00, 0x00, 0x00, 0x00, 0x00, 0x00, 0x00, 0x00, 0x00, 
0x00, 0x00, 0x00, 0x00, 0x00, 0x00, 0x00, 0x00, 0x00, 0x00, 0x00, 0x00, 0x00, 0x00, 0x00, 0x00, 
0x00, 0x00, 0x00, 0x00, 0x00, 0x00, 0x00, 0x00, 0x00, 0x00, 0x00, 0x00, 0x00, 0x00, 0x00, 0x00, 
0x00, 0x00, 0x00, 0x00, 0x00, 0x00, 0x00, 0x00, 0x00, 0x00, 0x00, 0x00, 0x00, 0x00, 0x00, 0x00, 
0x00, 0x00, 0x00, 0x00, 0x00, 0x00, 0x00, 0x00, 0x00, 0x00, 0x00, 0x00, 0x00, 0x00, 0x00, 0x00, 
0x00, 0x00, 0x00, 0x00, 0x00, 0x00, 0x00, 0x00, 0x00, 0x00, 0x00, 0x00, 0x00, 0x00, 0x00, 0x00, 
0x00, 0x00, 0x00, 0x00, 0x00, 0x00, 0x00, 0x00, 0x00, 0x00, 0x00, 0x00, 0x00, 0x00, 0x00, 0x00, 
0x00, 0x00, 0x00, 0x00, 0x00, 0x00, 0x00, 0x00, 0x00, 0x00, 0x00, 0x00, 0x00, 0x00, 0x00, 0x00, 
0x00, 0x00, 0x00, 0x00, 0x00, 0x00, 0x00, 0x00, 0x00, 0x00, 0x00, 0x00, 0x00, 0x00, 0x00, 0x00, 
0x00, 0x00, 0x00, 0x00, 0x00, 0x00, 0x00, 0x00, 0x00, 0x00, 0x00, 0x00, 0x00, 0x00, 0x00, 0x00, 
0x00, 0x00, 0x00, 0x00, 0x00, 0x00, 0x00, 0x00, 0x00, 0x00, 0x00, 0x00, 0x00, 0x00, 0x00, 0x00, 
0x00, 0x00, 0x00, 0x00, 0x00, 0x00, 0x00, 0x00, 0x00, 0x00, 0x00, 0x00, 0x00, 0x00, 0x00, 0x00, 
0x00, 0x00, 0x00, 0x00, 0x00, 0x00, 0x00, 0x00, 0x00, 0x00, 0x00, 0x00, 0x00, 0x00, 0x00, 0x00, 
0x00, 0x00, 0x00, 0x00, 0x00, 0x00, 0x00, 0x00, 0x00, 0x00, 0x00, 0x00, 0x00, 0x00, 0x00, 0x00, 
0x00, 0x00, 0x00, 0x00, 0x00, 0x00, 0x00, 0x00, 0x00, 0x00, 0x00, 0x00, 0x00, 0x00, 0x00, 0x00, 
0x00, 0x00, 0x00, 0x00, 0x00, 0x00, 0x00, 0x00, 0x00, 0x00, 0x00, 0x00, 0x00, 0x00, 0x00, 0x00, 
0x00, 0x00, 0x00, 0x00, 0x00, 0x00, 0x00, 0x00, 0x00, 0x00, 0x00, 0x00, 0x00, 0x00, 0x00, 0x00, 
0x00, 0x00, 0x00, 0x00, 0x00, 0x00, 0x00, 0x00, 0x00, 0x00, 0x00, 0x00, 0x00, 0x00, 0x00, 0x00, 
0x00, 0x00, 0x00, 0x00, 0x00, 0x00, 0x00, 0x00, 0x00, 0x00, 0x00, 0x00, 0x00, 0x00, 0x00, 0x00, 
0x00, 0x00, 0x00, 0x00, 0x00, 0x00, 0x00, 0x00, 0x00, 0x00, 0x00, 0x00, 0x00, 0x00, 0x00, 0x00, 
0x00, 0x00, 0x00, 0x00, 0x00, 0x00, 0x00, 0x00, 0x00, 0x00, 0x00, 0x00, 0x00, 0x00, 0x00, 0x00, 
0x00, 0x00, 0x00, 0x00, 0x00, 0x00, 0x00, 0x00, 0x00, 0x00, 0x00, 0x00, 0x00, 0x00, 0x00, 0x00, 
0x00, 0x00, 0x00, 0x00, 0x00, 0x00, 0x00, 0x00, 0x00, 0x00, 0x00, 0x00, 0x00, 0x00, 0x00, 0x00, 
0x00, 0x00, 0x00, 0x00, 0x00, 0x00, 0x00, 0x00, 0x00, 0x00, 0x00, 0x00, 0x00, 0x00, 0x00, 0x00, 
0x00, 0x00, 0x00, 0x00, 0x00, 0x00, 0x00, 0x00, 0x00, 0x00, 0x00, 0x00, 0x00, 0x00, 0x00, 0x00, 
0x00, 0x00, 0x00, 0x00, 0x00, 0x00, 0x00, 0x00, 0x00, 0x00, 0x00, 0x00, 0x00, 0x00, 0x00, 0x00, 
0x00, 0x00, 0x00, 0x00, 0x00, 0x00, 0x00, 0x00, 0x00, 0x00, 0x00, 0x00, 0x00, 0x00, 0x00, 0x00, 
0x00, 0x00, 0x00, 0x00, 0x00, 0x00, 0x00, 0x00, 0x00, 0x00, 0x00, 0x00, 0x00, 0x00, 0x00, 0x00, 
0x00, 0x00, 0x00, 0x00, 0x00, 0x00, 0x00, 0x00, 0x00, 0x00, 0x00, 0x00, 0x00, 0x00, 0x00, 0x00, 
0x00, 0x00, 0x00, 0x00, 0x00, 0x00, 0x00, 0x00, 0x00, 0x00, 0x00, 0x00, 0x00, 0x00, 0x00, 0x00, 
0x00, 0x00, 0x00, 0x00, 0x00, 0x00, 0x00, 0x00, 0x00, 0x00, 0x00, 0x00, 0x00, 0x00, 0x00, 0x00, 
0x00, 0x00, 0x00, 0x00, 0x00, 0x00, 0x00, 0x00, 0x00, 0x00, 0x00, 0x00, 0x00, 0x00, 0x00, 0x00, 
0x00, 0x00, 0x00, 0x00, 0x00, 0x00, 0x00, 0x00, 0x00, 0x00, 0x00, 0x00, 0x00, 0x00, 0x00, 0x00, 
0x00, 0x00, 0x00, 0x00, 0x00, 0x00, 0x00, 0x00, 0x00, 0x00, 0x00, 0x00, 0x00, 0x00, 0x00, 0x00, 
0x00, 0x00, 0x00, 0x00, 0x00, 0x00, 0x00, 0x00, 0x00, 0x00, 0x00, 0x00, 0x00, 0x00, 0x00, 0x00, 
0x00, 0x00, 0x00, 0x00, 0x00, 0x00, 0x00, 0x00, 0x00, 0x00, 0x00, 0x00, 0x00, 0x00, 0x00, 0x00, 
0x00, 0x00, 0x00, 0x00, 0x00, 0x00, 0x00, 0x00, 0x00, 0x00, 0x00, 0x00, 0x00, 0x00, 0x00, 0x00, 
0x00, 0x00, 0x00, 0x00, 0x00, 0x00, 0x00, 0x00, 0x00, 0x00, 0x00, 0x00, 0x00, 0x00, 0x00, 0x00, 
0x00, 0x00, 0x00, 0x00, 0x00, 0x00, 0x00, 0x00, 0x00, 0x00, 0x00, 0x00, 0x00, 0x00, 0x00, 0x00, 
0x00, 0x00, 0x00, 0x00, 0x00, 0x00, 0x00, 0x00, 0x00, 0x00, 0x00, 0x00, 0x00, 0x00, 0x00, 0x00, 
0x00, 0x00, 0x00, 0x00, 0x00, 0x00, 0x00, 0x00, 0x00, 0x00, 0x00, 0x00, 0x00, 0x00, 0x00, 0x00, 
0x00, 0x00, 0x00, 0x00, 0x00, 0x00, 0x00, 0x00, 0x00, 0x00, 0x00, 0x00, 0x00, 0x00, 0x00, 0x00, 
0x00, 0x00, 0x00, 0x00, 0x00, 0x00, 0x00, 0x00, 0x00, 0x00, 0x00, 0x00, 0x00, 0x00, 0x00, 0x00, 
0x00, 0x00, 0x00, 0x00, 0x00, 0x00, 0x00, 0x00, 0x00, 0x00, 0x00, 0x00, 0x00, 0x00, 0x00, 0x00, 
0x00, 0x00, 0x00, 0x00, 0x00, 0x00, 0x00, 0x00, 0x00, 0x00, 0x00, 0x00, 0x00, 0x00, 0x00, 0x00, 
0x00, 0x00, 0x00, 0x00, 0x00, 0x00, 0x00, 0x00, 0x00, 0x00, 0x00, 0x00, 0x00, 0x00, 0x00, 0x00, 
0x00, 0x00, 0x00, 0x00, 0x00, 0x00, 0x00, 0x00, 0x00, 0x00, 0x00, 0x00, 0x00, 0x00, 0x00, 0x00, 
0x00, 0x00, 0x00, 0x00, 0x00, 0x00, 0x00, 0x00, 0x00, 0x00, 0x00, 0x00, 0x00, 0x00, 0x00, 0x00, 
0x00, 0x00, 0x00, 0x00, 0x00, 0x00, 0x00, 0x00, 0x00, 0x00, 0x00, 0x00, 0x00, 0x00, 0x00, 0x00, 
0x00, 0x00, 0x00, 0x00, 0x00, 0x00, 0x00, 0x00, 0x00, 0x00, 0x00, 0x00, 0x00, 0x00, 0x00, 0x00, 
0x00, 0x00, 0x00, 0x00, 0x00, 0x00, 0x00, 0x00, 0x00, 0x00, 0x00, 0x00, 0x00, 0x00, 0x00, 0x00, 
0x00, 0x00, 0x00, 0x00, 0x00, 0x00, 0x00, 0x00, 0x00, 0x00, 0x00, 0x00, 0x00, 0x00, 0x00, 0x00, 
0x00, 0x00, 0x00, 0x00, 0x00, 0x00, 0x00, 0x00, 0x00, 0x00, 0x00, 0x00, 0x00, 0x00, 0x00, 0x00, 
0x00, 0x00, 0x00, 0x00, 0x00, 0x00, 0x00, 0x00, 0x00, 0x00, 0x00, 0x00, 0x00, 0x00, 0x00, 0x00, 
0x00, 0x00, 0x00, 0x00, 0x00, 0x00, 0x00, 0x00, 0x00, 0x00, 0x00, 0x00, 0x00, 0x00, 0x00, 0x00, 
0x00, 0x00, 0x00, 0x00, 0x00, 0x00, 0x00, 0x00, 0x00, 0x00, 0x00, 0x00, 0x00, 0x00, 0x00, 0x00, 
0x00, 0x00, 0x00, 0x00, 0x00, 0x00, 0x00, 0x00, 0x00, 0x00, 0x00, 0x00, 0x00, 0x00, 0x00, 0x00, 
0x00, 0x00, 0x00, 0x00, 0x00, 0x00, 0x00, 0x00, 0x00, 0x00, 0x00, 0x00, 0x00, 0x00, 0x00, 0x00, 
0x00, 0x00, 0x00, 0x00, 0x00, 0x00, 0x00, 0x00, 0x00, 0x00, 0x00, 0x00, 0x00, 0x00, 0x00, 0x00, 
0x00, 0x00, 0x00, 0x00, 0x00, 0x00, 0x00, 0x00, 0x00, 0x00, 0x00, 0x00, 0x00, 0x00, 0x00, 0x00, 
0x00, 0x00, 0x00, 0x00, 0x00, 0x00, 0x00, 0x00, 0x00, 0x00, 0x00, 0x00, 0x00, 0x00, 0x00, 0x00, 
0x00, 0x00, 0x00, 0x00, 0x00, 0x00, 0x00, 0x00, 0x00, 0x00, 0x00, 0x00, 0x00, 0x00, 0x00, 0x00, 
0x00, 0x00, 0x00, 0x00, 0x00, 0x00, 0x00, 0x00, 0x00, 0x00, 0x00, 0x00, 0x00, 0x00, 0x00, 0x00, 
0x00, 0x00, 0x00, 0x00, 0x00, 0x00, 0x00, 0x00, 0x00, 0x00, 0x00, 0x00, 0x00, 0x00, 0x00, 0x00, 
0x00, 0x00, 0x00, 0x00, 0x00, 0x00, 0x00, 0x00, 0x00, 0x00, 0x00, 0x00, 0x00, 0x00, 0x00, 0x00, 
0x00, 0x00, 0x00, 0x00, 0x00, 0x00, 0x00, 0x00, 0x00, 0x00, 0x00, 0x00, 0x00, 0x00, 0x00, 0x00, 
0x00, 0x00, 0x00, 0x00, 0x00, 0x00, 0x00, 0x00, 0x00, 0x00, 0x00, 0x00, 0x00, 0x00, 0x00, 0x00, 
0x00, 0x00, 0x00, 0x00, 0x00, 0x00, 0x00, 0x00, 0x00, 0x00, 0x00, 0x00, 0x00, 0x00, 0x00, 0x00, 
0x00, 0x00, 0x00, 0x00, 0x00, 0x00, 0x00, 0x00, 0x00, 0x00, 0x00, 0x00, 0x00, 0x00, 0x00, 0x00, 
0x00, 0x00, 0x00, 0x00, 0x00, 0x00, 0x00, 0x00, 0x00, 0x00, 0x00, 0x00, 0x00, 0x00, 0x00, 0x00, 
0x00, 0x00, 0x00, 0x00, 0x00, 0x00, 0x00, 0x00, 0x00, 0x00, 0x00, 0x00, 0x00, 0x00, 0x00, 0x00, 
0x00, 0x00, 0x00, 0x00, 0x00, 0x00, 0x00, 0x00, 0x00, 0x00, 0x00, 0x00, 0x00, 0x00, 0x00, 0x00, 
0x00, 0x00, 0x00, 0x00, 0x00, 0x00, 0x00, 0x00, 0x00, 0x00, 0x00, 0x00, 0x00, 0x00, 0x00, 0x00, 
0x00, 0x00, 0x00, 0x00, 0x00, 0x00, 0x00, 0x00, 0x00, 0x00, 0x00, 0x00, 0x00, 0x00, 0x00, 0x00, 
0x00, 0x00, 0x00, 0x00, 0x00, 0x00, 0x00, 0x00, 0x00, 0x00, 0x00, 0x00, 0x00, 0x00, 0x00, 0x00, 
0x00, 0x00, 0x00, 0x00, 0x00, 0x00, 0x00, 0x00, 0x00, 0x00, 0x00, 0x00, 0x00, 0x00, 0x00, 0x00, 
0x00, 0x00, 0x00, 0x00, 0x00, 0x00, 0x00, 0x00, 0x00, 0x00, 0x00, 0x00, 0x00, 0x00, 0x00, 0x00, 
0x00, 0x00, 0x00, 0x00, 0x00, 0x00, 0x00, 0x00, 0x00, 0x00, 0x00, 0x00, 0x00, 0x00, 0x00, 0x00, 
0x00, 0x00, 0x00, 0x00, 0x00, 0x00, 0x00, 0x00, 0x00, 0x00, 0x00, 0x00, 0x00, 0x00, 0x00, 0x00, 
0x00, 0x00, 0x00, 0x00, 0x00, 0x00, 0x00, 0x00, 0x00, 0x00, 0x00, 0x00, 0x00, 0x00, 0x00, 0x00, 
0x00, 0x00, 0x00, 0x00, 0x00, 0x00, 0x00, 0x00, 0x00, 0x00, 0x00, 0x00, 0x00, 0x00, 0x00, 0x00, 
0x00, 0x00, 0x00, 0x00, 0x00, 0x00, 0x00, 0x00, 0x00, 0x00, 0x00, 0x00, 0x00, 0x00, 0x00, 0x00, 
0x00, 0x00, 0x00, 0x00, 0x00, 0x00, 0x00, 0x00, 0x00, 0x00, 0x00, 0x00, 0x00, 0x00, 0x00, 0x00, 
0x00, 0x00, 0x00, 0x00, 0x00, 0x00, 0x00, 0x00, 0x00, 0x00, 0x00, 0x00, 0x00, 0x00, 0x00, 0x00, 
0x00, 0x00, 0x00, 0x00, 0x00, 0x00, 0x00, 0x00, 0x00, 0x00, 0x00, 0x00, 0x00, 0x00, 0x00, 0x00, 
0x00, 0x00, 0x00, 0x00, 0x00, 0x00, 0x00, 0x00, 0x00, 0x00, 0x00, 0x00, 0x00, 0x00, 0x00, 0x00, 
0x00, 0x00, 0x00, 0x00, 0x00, 0x00, 0x00, 0x00, 0x00, 0x00, 0x00, 0x00, 0x00, 0x00, 0x00, 0x00, 
0x00, 0x00, 0x00, 0x00, 0x00, 0x00, 0x00, 0x00, 0x00, 0x00, 0x00, 0x00, 0x00, 0x00, 0x00, 0x00, 
0x00, 0x00, 0x00, 0x00, 0x00, 0x00, 0x00, 0x00, 0x00, 0x00, 0x00, 0x00, 0x00, 0x00, 0x00, 0x00, 
0x00, 0x00, 0x00, 0x00, 0x00, 0x00, 0x00, 0x00, 0x00, 0x00, 0x00, 0x00, 0x00, 0x00, 0x00, 0x00, 
0x00, 0x00, 0x00, 0x00, 0x00, 0x00, 0x00, 0x00, 0x00, 0x00, 0x00, 0x00, 0x00, 0x00, 0x00, 0x00, 
0x00, 0x00, 0x00, 0x00, 0x00, 0x00, 0x00, 0x00, 0x00, 0x00, 0x00, 0x00, 0x00, 0x00, 0x00, 0x00, 
0x00, 0x00, 0x00, 0x00, 0x00, 0x00, 0x00, 0x00, 0x00, 0x00, 0x00, 0x00, 0x00, 0x00, 0x00, 0x00, 
0x00, 0x00, 0x00, 0x00, 0x00, 0x00, 0x00, 0x00, 0x00, 0x00, 0x00, 0x00, 0x00, 0x00, 0x00, 0x00, 
0x00, 0x00, 0x00, 0x00, 0x00, 0x00, 0x00, 0x00, 0x00, 0x00, 0x00, 0x00, 0x00, 0x00, 0x00, 0x00, 
0x00, 0x00, 0x00, 0x00, 0x00, 0x00, 0x00, 0x00, 0x00, 0x00, 0x00, 0x00, 0x00, 0x00, 0x00, 0x00, 
0x00, 0x00, 0x00, 0x00, 0x00, 0x00, 0x00, 0x00, 0x00, 0x00, 0x00, 0x00, 0x00, 0x00, 0x00, 0x00, 
0x00, 0x00, 0x00, 0x00, 0x00, 0x00, 0x00, 0x00, 0x00, 0x00, 0x00, 0x00, 0x00, 0x00, 0x00, 0x00, 
0x00, 0x00, 0x00, 0x00, 0x00, 0x00, 0x00, 0x00, 0x00, 0x00, 0x00, 0x00, 0x00, 0x00, 0x00, 0x00, 
0x00, 0x00, 0x00, 0x00, 0x00, 0x00, 0x00, 0x00, 0x00, 0x00, 0x00, 0x00, 0x00, 0x00, 0x00, 0x00, 
0x00, 0x00, 0x00, 0x00, 0x00, 0x00, 0x00, 0x00, 0x00, 0x00, 0x00, 0x00, 0x00, 0x00, 0x00, 0x00, 
0x00, 0x00, 0x00, 0x00, 0x00, 0x00, 0x00, 0x00, 0x00, 0x00, 0x00, 0x00, 0x00, 0x00, 0x00, 0x00, 
0x00, 0x00, 0x00, 0x00, 0x00, 0x00, 0x00, 0x00, 0x00, 0x00, 0x00, 0x00, 0x00, 0x00, 0x00, 0x00, 
0x00, 0x00, 0x00, 0x00, 0x00, 0x00, 0x00, 0x00, 0x00, 0x00, 0x00, 0x00, 0x00, 0x00, 0x00, 0x00, 
0x00, 0x00, 0x00, 0x00, 0x00, 0x00, 0x00, 0x00, 0x00, 0x00, 0x00, 0x00, 0x00, 0x00, 0x00, 0x00, 
0x00, 0x00, 0x00, 0x00, 0x00, 0x00, 0x00, 0x00, 0x00, 0x00, 0x00, 0x00, 0x00, 0x00, 0x00, 0x00, 
0x00, 0x00, 0x00, 0x00, 0x00, 0x00, 0x00, 0x00, 0x00, 0x00, 0x00, 0x00, 0x00, 0x00, 0x00, 0x00, 
0x00, 0x00, 0x00, 0x00, 0x00, 0x00, 0x00, 0x00, 0x00, 0x00, 0x00, 0x00, 0x00, 0x00, 0x00, 0x00, 
0x00, 0x00, 0x00, 0x00, 0x00, 0x00, 0x00, 0x00, 0x00, 0x00, 0x00, 0x00, 0x00, 0x00, 0x00, 0x00, 
0x00, 0x00, 0x00, 0x00, 0x00, 0x00, 0x00, 0x00, 0x00, 0x00, 0x00, 0x00, 0x00, 0x00, 0x00, 0x00, 
0x00, 0x00, 0x00, 0x00, 0x00, 0x00, 0x00, 0x00, 0x00, 0x00, 0x00, 0x00, 0x00, 0x00, 0x00, 0x00, 
0x00, 0x00, 0x00, 0x00, 0x00, 0x00, 0x00, 0x00, 0x00, 0x00, 0x00, 0x00, 0x00, 0x00, 0x00, 0x00, 
0x00, 0x00, 0x00, 0x00, 0x00, 0x00, 0x00, 0x00, 0x00, 0x00, 0x00, 0x00, 0x00, 0x00, 0x00, 0x00, 
0x00, 0x00, 0x00, 0x00, 0x00, 0x00, 0x00, 0x00, 0x00, 0x00, 0x00, 0x00, 0x00, 0x00, 0x00, 0x00, 
0x00, 0x00, 0x00, 0x00, 0x00, 0x00, 0x00, 0x00, 0x00, 0x00, 0x00, 0x00, 0x00, 0x00, 0x00, 0x00, 
0x00, 0x00, 0x00, 0x00, 0x00, 0x00, 0x00, 0x00, 0x00, 0x00, 0x00, 0x00, 0x00, 0x00, 0x00, 0x00, 
0x00, 0x00, 0x00, 0x00, 0x00, 0x00, 0x00, 0x00, 0x00, 0x00, 0x00, 0x00, 0x00, 0x00, 0x00, 0x00, 
0x00, 0x00, 0x00, 0x00, 0x00, 0x00, 0x00, 0x00, 0x00, 0x00, 0x00, 0x00, 0x00, 0x00, 0x00, 0x00, 
0x00, 0x00, 0x00, 0x00, 0x00, 0x00, 0x00, 0x00, 0x00, 0x00, 0x00, 0x00, 0x00, 0x00, 0x00, 0x00, 
0x00, 0x00, 0x00, 0x00, 0x00, 0x00, 0x00, 0x00, 0x00, 0x00, 0x00, 0x00, 0x00, 0x00, 0x00, 0x00, 
0x00, 0x00, 0x00, 0x00, 0x00, 0x00, 0x00, 0x00, 0x00, 0x00, 0x00, 0x00, 0x00, 0x00, 0x00, 0x00, 
0x00, 0x00, 0x00, 0x00, 0x00, 0x00, 0x00, 0x00, 0x00, 0x00, 0x00, 0x00, 0x00, 0x00, 0x00, 0x00, 
0x00, 0x00, 0x00, 0x00, 0x00, 0x00, 0x00, 0x00, 0x00, 0x00, 0x00, 0x00, 0x00, 0x00, 0x00, 0x00, 
0x00, 0x00, 0x00, 0x00, 0x00, 0x00, 0x00, 0x00, 0x00, 0x00, 0x00, 0x00, 0x00, 0x00, 0x00, 0x00, 
0x00, 0x00, 0x00, 0x00, 0x00, 0x00, 0x00, 0x00, 0x00, 0x00, 0x00, 0x00, 0x00, 0x00, 0x00, 0x00, 
0x00, 0x00, 0x00, 0x00, 0x00, 0x00, 0x00, 0x00, 0x00, 0x00, 0x00, 0x00, 0x00, 0x00, 0x00, 0x00, 
0x00, 0x00, 0x00, 0x00, 0x00, 0x00, 0x00, 0x00, 0x00, 0x00, 0x00, 0x00, 0x00, 0x00, 0x00, 0x00, 
0x00, 0x00, 0x00, 0x00, 0x00, 0x00, 0x00, 0x00, 0x00, 0x00, 0x00, 0x00, 0x00, 0x00, 0x00, 0x00, 
0x00, 0x00, 0x00, 0x00, 0x00, 0x00, 0x00, 0x00, 0x00, 0x00, 0x00, 0x00, 0x00, 0x00, 0x00, 0x00, 
0x00, 0x00, 0x00, 0x00, 0x00, 0x00, 0x00, 0x00, 0x00, 0x00, 0x00, 0x00, 0x00, 0x00, 0x00, 0x00, 
0x00, 0x00, 0x00, 0x00, 0x00, 0x00, 0x00, 0x00, 0x00, 0x00, 0x00, 0x00, 0x00, 0x00, 0x00, 0x00, 
0x00, 0x00, 0x00, 0x00, 0x00, 0x00, 0x00, 0x00, 0x00, 0x00, 0x00, 0x00, 0x00, 0x00, 0x00, 0x00, 
0x00, 0x00, 0x00, 0x00, 0x00, 0x00, 0x00, 0x00, 0x00, 0x00, 0x00, 0x00, 0x00, 0x00, 0x00, 0x00, 
0x00, 0x00, 0x00, 0x00, 0x00, 0x00, 0x00, 0x00, 0x00, 0x00, 0x00, 0x00, 0x00, 0x00, 0x00, 0x00, 
0x00, 0x00, 0x00, 0x00, 0x00, 0x00, 0x00, 0x00, 0x00, 0x00, 0x00, 0x00, 0x00, 0x00, 0x00, 0x00, 
0x00, 0x00, 0x00, 0x00, 0x00, 0x00, 0x00, 0x00, 0x00, 0x00, 0x00, 0x00, 0x00, 0x00, 0x00, 0x00, 
0x00, 0x00, 0x00, 0x00, 0x00, 0x00, 0x00, 0x00, 0x00, 0x00, 0x00, 0x00, 0x00, 0x00, 0x00, 0x00, 
0x00, 0x00, 0x00, 0x00, 0x00, 0x00, 0x00, 0x00, 0x00, 0x00, 0x00, 0x00, 0x00, 0x00, 0x00, 0x00, 
0x00, 0x00, 0x00, 0x00, 0x00, 0x00, 0x00, 0x00, 0x00, 0x00, 0x00, 0x00, 0x00, 0x00, 0x00, 0x00, 
0x00, 0x00, 0x00, 0x00, 0x00, 0x00, 0x00, 0x00, 0x00, 0x00, 0x00, 0x00, 0x00, 0x00, 0x00, 0x00, 
0x00, 0x00, 0x00, 0x00, 0x00, 0x00, 0x00, 0x00, 0x00, 0x00, 0x00, 0x00, 0x00, 0x00, 0x00, 0x00, 
0x00, 0x00, 0x00, 0x00, 0x00, 0x00, 0x00, 0x00, 0x00, 0x00, 0x00, 0x00, 0x00, 0x00, 0x00, 0x00, 
0x00, 0x00, 0x00, 0x00, 0x00, 0x00, 0x00, 0x00, 0x00, 0x00, 0x00, 0x00, 0x00, 0x00, 0x00, 0x00, 
0x00, 0x00, 0x00, 0x00, 0x00, 0x00, 0x00, 0x00, 0x00, 0x00, 0x00, 0x00, 0x00, 0x00, 0x00, 0x00, 
0x00, 0x00, 0x00, 0x00, 0x00, 0x00, 0x00, 0x00, 0x00, 0x00, 0x00, 0x00, 0x00, 0x00, 0x00, 0x00, 
0x00, 0x00, 0x00, 0x00, 0x00, 0x00, 0x00, 0x00, 0x00, 0x00, 0x00, 0x00, 0x00, 0x00, 0x00, 0x00, 
0x00, 0x00, 0x00, 0x00, 0x00, 0x00, 0x00, 0x00, 0x00, 0x00, 0x00, 0x00, 0x00, 0x00, 0x00, 0x00, 
0x00, 0x00, 0x00, 0x00, 0x00, 0x00, 0x00, 0x00, 0x00, 0x00, 0x00, 0x00, 0x00, 0x00, 0x00, 0x00, 
0x00, 0x00, 0x00, 0x00, 0x00, 0x00, 0x00, 0x00, 0x00, 0x00, 0x00, 0x00, 0x00, 0x00, 0x00, 0x00, 
0x00, 0x00, 0x00, 0x00, 0x00, 0x00, 0x00, 0x00, 0x00, 0x00, 0x00, 0x00, 0x00, 0x00, 0x00, 0x00, 
0x00, 0x00, 0x00, 0x00, 0x00, 0x00, 0x00, 0x00, 0x00, 0x00, 0x00, 0x00, 0x00, 0x00, 0x00, 0x00, 
0x00, 0x00, 0x00, 0x00, 0x00, 0x00, 0x00, 0x00, 0x00, 0x00, 0x00, 0x00, 0x00, 0x00, 0x00, 0x00, 
0x00, 0x00, 0x00, 0x00, 0x00, 0x00, 0x00, 0x00, 0x00, 0x00, 0x00, 0x00, 0x00, 0x00, 0x00, 0x00, 
0x00, 0x00, 0x00, 0x00, 0x00, 0x00, 0x00, 0x00, 0x00, 0x00, 0x00, 0x00, 0x00, 0x00, 0x00, 0x00, 
0x00, 0x00, 0x00, 0x00, 0x00, 0x00, 0x00, 0x00, 0x00, 0x00, 0x00, 0x00, 0x00, 0x00, 0x00, 0x00, 
0x00, 0x00, 0x00, 0x00, 0x00, 0x00, 0x00, 0x00, 0x00, 0x00, 0x00, 0x00, 0x00, 0x00, 0x00, 0x00, 
0x00, 0x00, 0x00, 0x00, 0x00, 0x00, 0x00, 0x00, 0x00, 0x00, 0x00, 0x00, 0x00, 0x00, 0x00, 0x00, 
0x00, 0x00, 0x00, 0x00, 0x00, 0x00, 0x00, 0x00, 0x00, 0x00, 0x00, 0x00, 0x00, 0x00, 0x00, 0x00, 
0x00, 0x00, 0x00, 0x00, 0x00, 0x00, 0x00, 0x00, 0x00, 0x00, 0x00, 0x00, 0x00, 0x00, 0x00, 0x00, 
0x00, 0x00, 0x00, 0x00, 0x00, 0x00, 0x00, 0x00, 0x00, 0x00, 0x00, 0x00, 0x00, 0x00, 0x00, 0x00, 
0x00, 0x00, 0x00, 0x00, 0x00, 0x00, 0x00, 0x00, 0x00, 0x00, 0x00, 0x00, 0x00, 0x00, 0x00, 0x00, 
0x00, 0x00, 0x00, 0x00, 0x00, 0x00, 0x00, 0x00, 0x00, 0x00, 0x00, 0x00, 0x00, 0x00, 0x00, 0x00, 
0x00, 0x00, 0x00, 0x00, 0x00, 0x00, 0x00, 0x00, 0x00, 0x00, 0x00, 0x00, 0x00, 0x00, 0x00, 0x00, 
0x00, 0x00, 0x00, 0x00, 0x00, 0x00, 0x00, 0x00, 0x00, 0x00, 0x00, 0x00, 0x00, 0x00, 0x00, 0x00, 
0x00, 0x00, 0x00, 0x00, 0x00, 0x00, 0x00, 0x00, 0x00, 0x00, 0x00, 0x00, 0x00, 0x00, 0x00, 0x00, 
0x00, 0x00, 0x00, 0x00, 0x00, 0x00, 0x00, 0x00, 0x00, 0x00, 0x00, 0x00, 0x00, 0x00, 0x00, 0x00, 
0x00, 0x00, 0x00, 0x00, 0x00, 0x00, 0x00, 0x00, 0x00, 0x00, 0x00, 0x00, 0x00, 0x00, 0x00, 0x00, 
0x00, 0x00, 0x00, 0x00, 0x00, 0x00, 0x00, 0x00, 0x00, 0x00, 0x00, 0x00, 0x00, 0x00, 0x00, 0x00, 
0x00, 0x00, 0x00, 0x00, 0x00, 0x00, 0x00, 0x00, 0x00, 0x00, 0x00, 0x00, 0x00, 0x00, 0x00, 0x00, 
0x00, 0x00, 0x00, 0x00, 0x00, 0x00, 0x00, 0x00, 0x00, 0x00, 0x00, 0x00, 0x00, 0x00, 0x00, 0x00, 
0x00, 0x00, 0x00, 0x00, 0x00, 0x00, 0x00, 0x00, 0x00, 0x00, 0x00, 0x00, 0x00, 0x00, 0x00, 0x00, 
0x00, 0x00, 0x00, 0x00, 0x00, 0x00, 0x00, 0x00, 0x00, 0x00, 0x00, 0x00, 0x00, 0x00, 0x00, 0x00, 
0x00, 0x00, 0x00, 0x00, 0x00, 0x00, 0x00, 0x00, 0x01, 0x00, 0x00, 0x00, 0x01, 0x00, 0x00, 0x00, 
0x02, 0x00, 0x00, 0x00, 0x01, 0x00, 0x00, 0x00, 0x40, 0x70, 0x40, 0x00, 0x00, 0x00, 0x00, 0x00, 
0x08, 0x70, 0x40, 0x00, 0x00, 0x00, 0x00, 0x00, 0x10, 0x70, 0x40, 0x00, 0x00, 0x00, 0x00, 0x00, 
0x01, 0x00, 0x00, 0x00, 0x00, 0x00, 0x00, 0x00, 0x47, 0x43, 0x43, 0x3a, 0x20, 0x28, 0x47, 0x4e, 
0x55, 0x29, 0x20, 0x31, 0x36, 0x2e, 0x32, 0x2e, 0x31, 0x20, 0x32, 0x30, 0x32, 0x36, 0x30, 0x38, 
0x31, 0x39, 0x20, 0x28, 0x52, 0x65, 0x64, 0x20, 0x48, 0x61, 0x74, 0x20, 0x31, 0x36, 0x2e, 0x32, 
0x2e, 0x31, 0x2d, 0x32, 0x29, 0x00, 0x00, 0x00, 0x00, 0x00, 0x00, 0x00, 0x00, 0x00, 0x00, 0x00, 
0x00, 0x00, 0x00, 0x00, 0x00, 0x00, 0x00, 0x00, 0x00, 0x00, 0x00, 0x00, 0x00, 0x00, 0x00, 0x00, 
0x01, 0x00, 0x00, 0x00, 0x04, 0x00, 0xf1, 0xff, 0x00, 0x00, 0x00, 0x00, 0x00, 0x00, 0x00, 0x00, 
0x00, 0x00, 0x00, 0x00, 0x00, 0x00, 0x00, 0x00, 0x08, 0x00, 0x00, 0x00, 0x00, 0x00, 0x01, 0x00, 
0x24, 0x00, 0x40, 0x00, 0x00, 0x00, 0x00, 0x00, 0x00, 0x00, 0x00, 0x00, 0x00, 0x00, 0x00, 0x00, 
0x0e, 0x00, 0x00, 0x00, 0x04, 0x00, 0xf1, 0xff, 0x00, 0x00, 0x00, 0x00, 0x00, 0x00, 0x00, 0x00, 
0x00, 0x00, 0x00, 0x00, 0x00, 0x00, 0x00, 0x00, 0x19, 0x00, 0x00, 0x00, 0x04, 0x00, 0xf1, 0xff, 
0x00, 0x00, 0x00, 0x00, 0x00, 0x00, 0x00, 0x00, 0x00, 0x00, 0x00, 0x00, 0x00, 0x00, 0x00, 0x00, 
0x21, 0x00, 0x00, 0x00, 0x01, 0x00, 0x06, 0x00, 0x40, 0x70, 0x40, 0x00, 0x00, 0x00, 0x00, 0x00, 
0x08, 0x00, 0x00, 0x00, 0x00, 0x00, 0x00, 0x00, 0x2f, 0x00, 0x00, 0x00, 0x01, 0x00, 0x05, 0x00, 
0x08, 0x70, 0x40, 0x00, 0x00, 0x00, 0x00, 0x00, 0x08, 0x00, 0x00, 0x00, 0x00, 0x00, 0x00, 0x00, 
0x3e, 0x00, 0x00, 0x00, 0x01, 0x00, 0x05, 0x00, 0x10, 0x70, 0x40, 0x00, 0x00, 0x00, 0x00, 0x00, 
0x08, 0x00, 0x00, 0x00, 0x00, 0x00, 0x00, 0x00, 0x4d, 0x00, 0x00, 0x00, 0x02, 0x00, 0x01, 0x00, 
0x7b, 0x01, 0x40, 0x00, 0x00, 0x00, 0x00, 0x00, 0x81, 0x01, 0x00, 0x00, 0x00, 0x00, 0x00, 0x00, 
0x59, 0x00, 0x00, 0x00, 0x02, 0x00, 0x01, 0x00, 0xfc, 0x02, 0x40, 0x00, 0x00, 0x00, 0x00, 0x00, 
0xe7, 0x00, 0x00, 0x00, 0x00, 0x00, 0x00, 0x00, 0x64, 0x00, 0x00, 0x00, 0x04, 0x00, 0xf1, 0xff, 
0x00, 0x00, 0x00, 0x00, 0x00, 0x00, 0x00, 0x00, 0x00, 0x00, 0x00, 0x00, 0x00, 0x00, 0x00, 0x00, 
0x6d, 0x00, 0x00, 0x00, 0x02, 0x00, 0x01, 0x00, 0x57, 0x18, 0x40, 0x00, 0x00, 0x00, 0x00, 0x00, 
0x3d, 0x00, 0x00, 0x00, 0x00, 0x00, 0x00, 0x00, 0x75, 0x00, 0x00, 0x00, 0x02, 0x00, 0x01, 0x00, 
0x94, 0x18, 0x40, 0x00, 0x00, 0x00, 0x00, 0x00, 0x25, 0x00, 0x00, 0x00, 0x00, 0x00, 0x00, 0x00, 
0x7d, 0x00, 0x00, 0x00, 0x02, 0x00, 0x01, 0x00, 0xb9, 0x18, 0x40, 0x00, 0x00, 0x00, 0x00, 0x00, 
0x31, 0x00, 0x00, 0x00, 0x00, 0x00, 0x00, 0x00, 0x85, 0x00, 0x00, 0x00, 0x02, 0x00, 0x01, 0x00, 
0xea, 0x18, 0x40, 0x00, 0x00, 0x00, 0x00, 0x00, 0x24, 0x00, 0x00, 0x00, 0x00, 0x00, 0x00, 0x00, 
0x8d, 0x00, 0x00, 0x00, 0x01, 0x00, 0x06, 0x00, 0x60, 0x70, 0x40, 0x00, 0x00, 0x00, 0x00, 0x00, 
0x08, 0x00, 0x00, 0x00, 0x00, 0x00, 0x00, 0x00, 0x9c, 0x00, 0x00, 0x00, 0x01, 0x00, 0x06, 0x00, 
0x80, 0x70, 0x40, 0x00, 0x00, 0x00, 0x00, 0x00, 0x00, 0x01, 0x00, 0x00, 0x00, 0x00, 0x00, 0x00, 
0xa9, 0x00, 0x00, 0x00, 0x01, 0x00, 0x06, 0x00, 0x80, 0x71, 0x40, 0x00, 0x00, 0x00, 0x00, 0x00, 
0x04, 0x00, 0x00, 0x00, 0x00, 0x00, 0x00, 0x00, 0xb6, 0x00, 0x00, 0x00, 0x02, 0x00, 0x01, 0x00, 
0x4f, 0x26, 0x40, 0x00, 0x00, 0x00, 0x00, 0x00, 0x5c, 0x00, 0x00, 0x00, 0x00, 0x00, 0x00, 0x00, 
0xc1, 0x00, 0x00, 0x00, 0x01, 0x00, 0x05, 0x00, 0x30, 0x70, 0x40, 0x00, 0x00, 0x00, 0x00, 0x00, 
0x08, 0x00, 0x00, 0x00, 0x00, 0x00, 0x00, 0x00, 0xcb, 0x00, 0x00, 0x00, 0x04, 0x00, 0xf1, 0xff, 
0x00, 0x00, 0x00, 0x00, 0x00, 0x00, 0x00, 0x00, 0x00, 0x00, 0x00, 0x00, 0x00, 0x00, 0x00, 0x00, 
0xd4, 0x00, 0x00, 0x00, 0x02, 0x00, 0x01, 0x00, 0x0e, 0x29, 0x40, 0x00, 0x00, 0x00, 0x00, 0x00, 
0x24, 0x00, 0x00, 0x00, 0x00, 0x00, 0x00, 0x00, 0xdc, 0x00, 0x00, 0x00, 0x01, 0x00, 0x06, 0x00, 
0x88, 0x71, 0x40, 0x00, 0x00, 0x00, 0x00, 0x00, 0x08, 0x00, 0x00, 0x00, 0x00, 0x00, 0x00, 0x00, 
0xe8, 0x00, 0x00, 0x00, 0x04, 0x00, 0xf1, 0xff, 0x00, 0x00, 0x00, 0x00, 0x00, 0x00, 0x00, 0x00, 
0x00, 0x00, 0x00, 0x00, 0x00, 0x00, 0x00, 0x00, 0xf1, 0x00, 0x00, 0x00, 0x01, 0x00, 0x06, 0x00, 
0x90, 0x71, 0x40, 0x00, 0x00, 0x00, 0x00, 0x00, 0x08, 0x00, 0x00, 0x00, 0x00, 0x00, 0x00, 0x00, 
0xff, 0x00, 0x00, 0x00, 0x04, 0x00, 0xf1, 0xff, 0x00, 0x00, 0x00, 0x00, 0x00, 0x00, 0x00, 0x00, 
0x00, 0x00, 0x00, 0x00, 0x00, 0x00, 0x00, 0x00, 0x07, 0x01, 0x00, 0x00, 0x04, 0x00, 0xf1, 0xff, 
0x00, 0x00, 0x00, 0x00, 0x00, 0x00, 0x00, 0x00, 0x00, 0x00, 0x00, 0x00, 0x00, 0x00, 0x00, 0x00, 
0x10, 0x01, 0x00, 0x00, 0x04, 0x00, 0xf1, 0xff, 0x00, 0x00, 0x00, 0x00, 0x00, 0x00, 0x00, 0x00, 
0x00, 0x00, 0x00, 0x00, 0x00, 0x00, 0x00, 0x00, 0x17, 0x01, 0x00, 0x00, 0x04, 0x00, 0xf1, 0xff, 
0x00, 0x00, 0x00, 0x00, 0x00, 0x00, 0x00, 0x00, 0x00, 0x00, 0x00, 0x00, 0x00, 0x00, 0x00, 0x00, 
0x1e, 0x01, 0x00, 0x00, 0x01, 0x00, 0x06, 0x00, 0xa0, 0x71, 0x40, 0x00, 0x00, 0x00, 0x00, 0x00, 
0x24, 0x00, 0x00, 0x00, 0x00, 0x00, 0x00, 0x00, 0x23, 0x01, 0x00, 0x00, 0x01, 0x00, 0x06, 0x00, 
0xe0, 0x71, 0x40, 0x00, 0x00, 0x00, 0x00, 0x00, 0x20, 0x00, 0x00, 0x00, 0x00, 0x00, 0x00, 0x00, 
0x2d, 0x01, 0x00, 0x00, 0x01, 0x00, 0x02, 0x00, 0x80, 0x52, 0x40, 0x00, 0x00, 0x00, 0x00, 0x00, 
0x38, 0x00, 0x00, 0x00, 0x00, 0x00, 0x00, 0x00, 0x3a, 0x01, 0x00, 0x00, 0x01, 0x00, 0x02, 0x00, 
0x00, 0x53, 0x40, 0x00, 0x00, 0x00, 0x00, 0x00, 0x38, 0x00, 0x00, 0x00, 0x00, 0x00, 0x00, 0x00, 
0x46, 0x01, 0x00, 0x00, 0x01, 0x00, 0x02, 0x00, 0x80, 0x53, 0x40, 0x00, 0x00, 0x00, 0x00, 0x00, 
0x60, 0x00, 0x00, 0x00, 0x00, 0x00, 0x00, 0x00, 0x52, 0x01, 0x00, 0x00, 0x01, 0x00, 0x02, 0x00, 
0x40, 0x54, 0x40, 0x00, 0x00, 0x00, 0x00, 0x00, 0x60, 0x00, 0x00, 0x00, 0x00, 0x00, 0x00, 0x00, 
0x5d, 0x01, 0x00, 0x00, 0x01, 0x00, 0x02, 0x00, 0xa0, 0x54, 0x40, 0x00, 0x00, 0x00, 0x00, 0x00, 
0x30, 0x00, 0x00, 0x00, 0x00, 0x00, 0x00, 0x00, 0x6d, 0x01, 0x00, 0x00, 0x02, 0x00, 0x01, 0x00, 
0x9b, 0x42, 0x40, 0x00, 0x00, 0x00, 0x00, 0x00, 0x72, 0x00, 0x00, 0x00, 0x00, 0x00, 0x00, 0x00, 
0x75, 0x01, 0x00, 0x00, 0x12, 0x00, 0x01, 0x00, 0xa2, 0x11, 0x40, 0x00, 0x00, 0x00, 0x00, 0x00, 
0x2c, 0x00, 0x00, 0x00, 0x00, 0x00, 0x00, 0x00, 0x7d, 0x01, 0x00, 0x00, 0x12, 0x00, 0x01, 0x00, 
0x0a, 0x42, 0x40, 0x00, 0x00, 0x00, 0x00, 0x00, 0x4f, 0x00, 0x00, 0x00, 0x00, 0x00, 0x00, 0x00, 
0x8b, 0x01, 0x00, 0x00, 0x12, 0x00, 0x01, 0x00, 0x88, 0x2b, 0x40, 0x00, 0x00, 0x00, 0x00, 0x00, 
0x43, 0x00, 0x00, 0x00, 0x00, 0x00, 0x00, 0x00, 0x92, 0x01, 0x00, 0x00, 0x12, 0x00, 0x01, 0x00, 
0x86, 0x45, 0x40, 0x00, 0x00, 0x00, 0x00, 0x00, 0xc5, 0x00, 0x00, 0x00, 0x00, 0x00, 0x00, 0x00, 
0x9a, 0x01, 0x00, 0x00, 0x12, 0x00, 0x01, 0x00, 0x2b, 0x3e, 0x40, 0x00, 0x00, 0x00, 0x00, 0x00, 
0x00, 0x00, 0x00, 0x00, 0x00, 0x00, 0x00, 0x00, 0xa4, 0x01, 0x00, 0x00, 0x12, 0x00, 0x01, 0x00, 
0x67, 0x25, 0x40, 0x00, 0x00, 0x00, 0x00, 0x00, 0xe8, 0x00, 0x00, 0x00, 0x00, 0x00, 0x00, 0x00, 
0xad, 0x01, 0x00, 0x00, 0x12, 0x00, 0x01, 0x00, 0x54, 0x38, 0x40, 0x00, 0x00, 0x00, 0x00, 0x00, 
0x15, 0x00, 0x00, 0x00, 0x00, 0x00, 0x00, 0x00, 0xb7, 0x02, 0x00, 0x00, 0x12, 0x00, 0x01, 0x00, 
0xa7, 0x10, 0x40, 0x00, 0x00, 0x00, 0x00, 0x00, 0xad, 0x00, 0x00, 0x00, 0x00, 0x00, 0x00, 0x00, 
0xb4, 0x01, 0x00, 0x00, 0x11, 0x00, 0x05, 0x00, 0x20, 0x70, 0x40, 0x00, 0x00, 0x00, 0x00, 0x00, 
0x08, 0x00, 0x00, 0x00, 0x00, 0x00, 0x00, 0x00, 0xbb, 0x01, 0x00, 0x00, 0x12, 0x00, 0x01, 0x00, 
0xb7, 0x31, 0x40, 0x00, 0x00, 0x00, 0x00, 0x00, 0x2b, 0x02, 0x00, 0x00, 0x00, 0x00, 0x00, 0x00, 
0xc4, 0x01, 0x00, 0x00, 0x12, 0x00, 0x01, 0x00, 0x69, 0x38, 0x40, 0x00, 0x00, 0x00, 0x00, 0x00, 
0x15, 0x00, 0x00, 0x00, 0x00, 0x00, 0x00, 0x00, 0xcc, 0x01, 0x00, 0x00, 0x12, 0x00, 0x01, 0x00, 
0xfb, 0x2f, 0x40, 0x00, 0x00, 0x00, 0x00, 0x00, 0xaa, 0x00, 0x00, 0x00, 0x00, 0x00, 0x00, 0x00, 
0x46, 0x02, 0x00, 0x00, 0x12, 0x00, 0x01, 0x00, 0xdc, 0x0e, 0x40, 0x00, 0x00, 0x00, 0x00, 0x00, 
0xb8, 0x00, 0x00, 0x00, 0x00, 0x00, 0x00, 0x00, 0xd4, 0x01, 0x00, 0x00, 0x12, 0x00, 0x01, 0x00, 
0xa3, 0x1d, 0x40, 0x00, 0x00, 0x00, 0x00, 0x00, 0x24, 0x00, 0x00, 0x00, 0x00, 0x00, 0x00, 0x00, 
0xd9, 0x01, 0x00, 0x00, 0x12, 0x00, 0x01, 0x00, 0xaa, 0x21, 0x40, 0x00, 0x00, 0x00, 0x00, 0x00, 
0xa2, 0x00, 0x00, 0x00, 0x00, 0x00, 0x00, 0x00, 0xe0, 0x01, 0x00, 0x00, 0x12, 0x00, 0x01, 0x00, 
0x1f, 0x41, 0x40, 0x00, 0x00, 0x00, 0x00, 0x00, 0x4d, 0x00, 0x00, 0x00, 0x00, 0x00, 0x00, 0x00, 
0xe7, 0x01, 0x00, 0x00, 0x11, 0x00, 0x06, 0x00, 0x98, 0x71, 0x40, 0x00, 0x00, 0x00, 0x00, 0x00, 
0x04, 0x00, 0x00, 0x00, 0x00, 0x00, 0x00, 0x00, 0xed, 0x01, 0x00, 0x00, 0x12, 0x00, 0x01, 0x00, 
0x7e, 0x38, 0x40, 0x00, 0x00, 0x00, 0x00, 0x00, 0x15, 0x00, 0x00, 0x00, 0x00, 0x00, 0x00, 0x00, 
0xf5, 0x01, 0x00, 0x00, 0x12, 0x00, 0x01, 0x00, 0x03, 0x3c, 0x40, 0x00, 0x00, 0x00, 0x00, 0x00, 
0x60, 0x00, 0x00, 0x00, 0x00, 0x00, 0x00, 0x00, 0xfc, 0x01, 0x00, 0x00, 0x12, 0x00, 0x01, 0x00, 
0x49, 0x36, 0x40, 0x00, 0x00, 0x00, 0x00, 0x00, 0x56, 0x00, 0x00, 0x00, 0x00, 0x00, 0x00, 0x00, 
0x03, 0x02, 0x00, 0x00, 0x12, 0x00, 0x01, 0x00, 0x15, 0x38, 0x40, 0x00, 0x00, 0x00, 0x00, 0x00, 
0x15, 0x00, 0x00, 0x00, 0x00, 0x00, 0x00, 0x00, 0x0a, 0x02, 0x00, 0x00, 0x12, 0x00, 0x01, 0x00, 
0xab, 0x26, 0x40, 0x00, 0x00, 0x00, 0x00, 0x00, 0x1a, 0x02, 0x00, 0x00, 0x00, 0x00, 0x00, 0x00, 
0x10, 0x02, 0x00, 0x00, 0x12, 0x00, 0x01, 0x00, 0xd6, 0x3a, 0x40, 0x00, 0x00, 0x00, 0x00, 0x00, 
0x53, 0x00, 0x00, 0x00, 0x00, 0x00, 0x00, 0x00, 0x17, 0x02, 0x00, 0x00, 0x12, 0x00, 0x01, 0x00, 
0x77, 0x14, 0x40, 0x00, 0x00, 0x00, 0x00, 0x00, 0xb3, 0x00, 0x00, 0x00, 0x00, 0x00, 0x00, 0x00, 
0x1d, 0x02, 0x00, 0x00, 0x12, 0x00, 0x01, 0x00, 0xa1, 0x2f, 0x40, 0x00, 0x00, 0x00, 0x00, 0x00, 
0x5a, 0x00, 0x00, 0x00, 0x00, 0x00, 0x00, 0x00, 0x24, 0x02, 0x00, 0x00, 0x12, 0x00, 0x01, 0x00, 
0xeb, 0x17, 0x40, 0x00, 0x00, 0x00, 0x00, 0x00, 0x6c, 0x00, 0x00, 0x00, 0x00, 0x00, 0x00, 0x00, 
0x35, 0x04, 0x00, 0x00, 0x12, 0x00, 0x01, 0x00, 0x54, 0x11, 0x40, 0x00, 0x00, 0x00, 0x00, 0x00, 
0x4e, 0x00, 0x00, 0x00, 0x00, 0x00, 0x00, 0x00, 0x2b, 0x02, 0x00, 0x00, 0x12, 0x00, 0x01, 0x00, 
0x78, 0x35, 0x40, 0x00, 0x00, 0x00, 0x00, 0x00, 0x4f, 0x00, 0x00, 0x00, 0x00, 0x00, 0x00, 0x00, 
0x30, 0x02, 0x00, 0x00, 0x12, 0x00, 0x01, 0x00, 0x3f, 0x38, 0x40, 0x00, 0x00, 0x00, 0x00, 0x00, 
0x15, 0x00, 0x00, 0x00, 0x00, 0x00, 0x00, 0x00, 0x37, 0x02, 0x00, 0x00, 0x12, 0x00, 0x01, 0x00, 
0x0e, 0x19, 0x40, 0x00, 0x00, 0x00, 0x00, 0x00, 0x0f, 0x01, 0x00, 0x00, 0x00, 0x00, 0x00, 0x00, 
0x3e, 0x02, 0x00, 0x00, 0x12, 0x00, 0x01, 0x00, 0x63, 0x3c, 0x40, 0x00, 0x00, 0x00, 0x00, 0x00, 
0x25, 0x00, 0x00, 0x00, 0x00, 0x00, 0x00, 0x00, 0x96, 0x02, 0x00, 0x00, 0x12, 0x00, 0x01, 0x00, 
0xd1, 0x3b, 0x40, 0x00, 0x00, 0x00, 0x00, 0x00, 0x32, 0x00, 0x00, 0x00, 0x00, 0x00, 0x00, 0x00, 
0x45, 0x02, 0x00, 0x00, 0x12, 0x00, 0x01, 0x00, 0xe3, 0x03, 0x40, 0x00, 0x00, 0x00, 0x00, 0x00, 
0xf9, 0x0a, 0x00, 0x00, 0x00, 0x00, 0x00, 0x00, 0x4f, 0x02, 0x00, 0x00, 0x12, 0x00, 0x01, 0x00, 
0x69, 0x20, 0x40, 0x00, 0x00, 0x00, 0x00, 0x00, 0x41, 0x01, 0x00, 0x00, 0x00, 0x00, 0x00, 0x00, 
0x57, 0x02, 0x00, 0x00, 0x12, 0x00, 0x01, 0x00, 0x1e, 0x17, 0x40, 0x00, 0x00, 0x00, 0x00, 0x00, 
0x13, 0x00, 0x00, 0x00, 0x00, 0x00, 0x00, 0x00, 0x5e, 0x02, 0x00, 0x00, 0x12, 0x00, 0x01, 0x00, 
0xd9, 0x34, 0x40, 0x00, 0x00, 0x00, 0x00, 0x00, 0x59, 0x00, 0x00, 0x00, 0x00, 0x00, 0x00, 0x00, 
0x11, 0x02, 0x00, 0x00, 0x12, 0x00, 0x01, 0x00, 0x83, 0x3a, 0x40, 0x00, 0x00, 0x00, 0x00, 0x00, 
0x53, 0x00, 0x00, 0x00, 0x00, 0x00, 0x00, 0x00, 0x64, 0x02, 0x00, 0x00, 0x12, 0x00, 0x01, 0x00, 
0xea, 0x2a, 0x40, 0x00, 0x00, 0x00, 0x00, 0x00, 0x9e, 0x00, 0x00, 0x00, 0x00, 0x00, 0x00, 0x00, 
0x70, 0x02, 0x00, 0x00, 0x12, 0x00, 0x01, 0x00, 0xe0, 0x1c, 0x40, 0x00, 0x00, 0x00, 0x00, 0x00, 
0x1f, 0x00, 0x00, 0x00, 0x00, 0x00, 0x00, 0x00, 0xe1, 0x01, 0x00, 0x00, 0x12, 0x00, 0x01, 0x00, 
0xd2, 0x40, 0x40, 0x00, 0x00, 0x00, 0x00, 0x00, 0x4d, 0x00, 0x00, 0x00, 0x00, 0x00, 0x00, 0x00, 
0x76, 0x02, 0x00, 0x00, 0x12, 0x00, 0x01, 0x00, 0x02, 0x1f, 0x40, 0x00, 0x00, 0x00, 0x00, 0x00, 
0x67, 0x01, 0x00, 0x00, 0x00, 0x00, 0x00, 0x00, 0x7d, 0x02, 0x00, 0x00, 0x12, 0x00, 0x01, 0x00, 
0xc7, 0x35, 0x40, 0x00, 0x00, 0x00, 0x00, 0x00, 0x47, 0x00, 0x00, 0x00, 0x00, 0x00, 0x00, 0x00, 
0x82, 0x02, 0x00, 0x00, 0x12, 0x00, 0x01, 0x00, 0x65, 0x29, 0x40, 0x00, 0x00, 0x00, 0x00, 0x00, 
0x41, 0x00, 0x00, 0x00, 0x00, 0x00, 0x00, 0x00, 0x8a, 0x02, 0x00, 0x00, 0x12, 0x00, 0x01, 0x00, 
0x71, 0x2d, 0x40, 0x00, 0x00, 0x00, 0x00, 0x00, 0x55, 0x00, 0x00, 0x00, 0x00, 0x00, 0x00, 0x00, 
0x92, 0x02, 0x00, 0x00, 0x12, 0x00, 0x01, 0x00, 0x6c, 0x41, 0x40, 0x00, 0x00, 0x00, 0x00, 0x00, 
0x4f, 0x00, 0x00, 0x00, 0x00, 0x00, 0x00, 0x00, 0x9c, 0x02, 0x00, 0x00, 0x12, 0x00, 0x01, 0x00, 
0x1d, 0x1a, 0x40, 0x00, 0x00, 0x00, 0x00, 0x00, 0x4f, 0x00, 0x00, 0x00, 0x00, 0x00, 0x00, 0x00, 
0xfd, 0x03, 0x00, 0x00, 0x12, 0x00, 0x01, 0x00, 0x3a, 0x34, 0x40, 0x00, 0x00, 0x00, 0x00, 0x00, 
0x58, 0x00, 0x00, 0x00, 0x00, 0x00, 0x00, 0x00, 0xa3, 0x02, 0x00, 0x00, 0x12, 0x00, 0x01, 0x00, 
0xc7, 0x1d, 0x40, 0x00, 0x00, 0x00, 0x00, 0x00, 0x3b, 0x01, 0x00, 0x00, 0x00, 0x00, 0x00, 0x00, 
0xa8, 0x02, 0x00, 0x00, 0x11, 0x00, 0x05, 0x00, 0x00, 0x70, 0x40, 0x00, 0x00, 0x00, 0x00, 0x00, 
0x00, 0x00, 0x00, 0x00, 0x00, 0x00, 0x00, 0x00, 0xb0, 0x02, 0x00, 0x00, 0x12, 0x00, 0x01, 0x00, 
0x36, 0x40, 0x40, 0x00, 0x00, 0x00, 0x00, 0x00, 0x4f, 0x00, 0x00, 0x00, 0x00, 0x00, 0x00, 0x00, 
0xb6, 0x02, 0x00, 0x00, 0x12, 0x00, 0x01, 0x00, 0x34, 0x16, 0x40, 0x00, 0x00, 0x00, 0x00, 0x00, 
0xea, 0x00, 0x00, 0x00, 0x00, 0x00, 0x00, 0x00, 0xbe, 0x02, 0x00, 0x00, 0x12, 0x00, 0x01, 0x00, 
0x45, 0x3e, 0x40, 0x00, 0x00, 0x00, 0x00, 0x00, 0x50, 0x00, 0x00, 0x00, 0x00, 0x00, 0x00, 0x00, 
0x94, 0x01, 0x00, 0x00, 0x12, 0x00, 0x01, 0x00, 0x4b, 0x46, 0x40, 0x00, 0x00, 0x00, 0x00, 0x00, 
0x22, 0x00, 0x00, 0x00, 0x00, 0x00, 0x00, 0x00, 0xc3, 0x02, 0x00, 0x00, 0x12, 0x00, 0x01, 0x00, 
0x4a, 0x2c, 0x40, 0x00, 0x00, 0x00, 0x00, 0x00, 0x55, 0x00, 0x00, 0x00, 0x00, 0x00, 0x00, 0x00, 
0xca, 0x02, 0x00, 0x00, 0x12, 0x00, 0x01, 0x00, 0x4a, 0x10, 0x40, 0x00, 0x00, 0x00, 0x00, 0x00, 
0x5d, 0x00, 0x00, 0x00, 0x00, 0x00, 0x00, 0x00, 0xd2, 0x02, 0x00, 0x00, 0x12, 0x00, 0x01, 0x00, 
0xd1, 0x3d, 0x40, 0x00, 0x00, 0x00, 0x00, 0x00, 0x5a, 0x00, 0x00, 0x00, 0x00, 0x00, 0x00, 0x00, 
0xd9, 0x02, 0x00, 0x00, 0x12, 0x00, 0x01, 0x00, 0xf5, 0x39, 0x40, 0x00, 0x00, 0x00, 0x00, 0x00, 
0x47, 0x00, 0x00, 0x00, 0x00, 0x00, 0x00, 0x00, 0xdf, 0x02, 0x00, 0x00, 0x12, 0x00, 0x01, 0x00, 
0x31, 0x17, 0x40, 0x00, 0x00, 0x00, 0x00, 0x00, 0x51, 0x00, 0x00, 0x00, 0x00, 0x00, 0x00, 0x00, 
0xe5, 0x02, 0x00, 0x00, 0x12, 0x00, 0x01, 0x00, 0x65, 0x31, 0x40, 0x00, 0x00, 0x00, 0x00, 0x00, 
0x52, 0x00, 0x00, 0x00, 0x00, 0x00, 0x00, 0x00, 0xec, 0x02, 0x00, 0x00, 0x11, 0x00, 0x05, 0x00, 
0x18, 0x70, 0x40, 0x00, 0x00, 0x00, 0x00, 0x00, 0x08, 0x00, 0x00, 0x00, 0x00, 0x00, 0x00, 0x00, 
0x7b, 0x03, 0x00, 0x00, 0x12, 0x00, 0x01, 0x00, 0x00, 0x00, 0x40, 0x00, 0x00, 0x00, 0x00, 0x00, 
0x00, 0x00, 0x00, 0x00, 0x00, 0x00, 0x00, 0x00, 0xf2, 0x02, 0x00, 0x00, 0x12, 0x00, 0x01, 0x00, 
0xc6, 0x2d, 0x40, 0x00, 0x00, 0x00, 0x00, 0x00, 0x9f, 0x00, 0x00, 0x00, 0x00, 0x00, 0x00, 0x00, 
0xc6, 0x00, 0x00, 0x00, 0x12, 0x00, 0x01, 0x00, 0xc5, 0x28, 0x40, 0x00, 0x00, 0x00, 0x00, 0x00, 
0x31, 0x00, 0x00, 0x00, 0x00, 0x00, 0x00, 0x00, 0xf9, 0x02, 0x00, 0x00, 0x12, 0x00, 0x01, 0x00, 
0xd8, 0x38, 0x40, 0x00, 0x00, 0x00, 0x00, 0x00, 0x45, 0x00, 0x00, 0x00, 0x00, 0x00, 0x00, 0x00, 
0x00, 0x03, 0x00, 0x00, 0x12, 0x00, 0x01, 0x00, 0x95, 0x3e, 0x40, 0x00, 0x00, 0x00, 0x00, 0x00, 
0x16, 0x00, 0x00, 0x00, 0x00, 0x00, 0x00, 0x00, 0x52, 0x03, 0x00, 0x00, 0x12, 0x00, 0x01, 0x00, 
0xe2, 0x33, 0x40, 0x00, 0x00, 0x00, 0x00, 0x00, 0x58, 0x00, 0x00, 0x00, 0x00, 0x00, 0x00, 0x00, 
0x07, 0x03, 0x00, 0x00, 0x12, 0x00, 0x01, 0x00, 0xf9, 0x29, 0x40, 0x00, 0x00, 0x00, 0x00, 0x00, 
0x71, 0x00, 0x00, 0x00, 0x00, 0x00, 0x00, 0x00, 0x0f, 0x03, 0x00, 0x00, 0x12, 0x00, 0x01, 0x00, 
0xcb, 0x2b, 0x40, 0x00, 0x00, 0x00, 0x00, 0x00, 0x7f, 0x00, 0x00, 0x00, 0x00, 0x00, 0x00, 0x00, 
0x17, 0x03, 0x00, 0x00, 0x12, 0x00, 0x01, 0x00, 0x3c, 0x3a, 0x40, 0x00, 0x00, 0x00, 0x00, 0x00, 
0x47, 0x00, 0x00, 0x00, 0x00, 0x00, 0x00, 0x00, 0x1e, 0x03, 0x00, 0x00, 0x12, 0x00, 0x01, 0x00, 
0xbb, 0x3d, 0x40, 0x00, 0x00, 0x00, 0x00, 0x00, 0x16, 0x00, 0x00, 0x00, 0x00, 0x00, 0x00, 0x00, 
0xa6, 0x01, 0x00, 0x00, 0x12, 0x00, 0x01, 0x00, 0x4c, 0x22, 0x40, 0x00, 0x00, 0x00, 0x00, 0x00, 
0x1b, 0x03, 0x00, 0x00, 0x00, 0x00, 0x00, 0x00, 0x23, 0x03, 0x00, 0x00, 0x12, 0x00, 0x01, 0x00, 
0x6a, 0x2a, 0x40, 0x00, 0x00, 0x00, 0x00, 0x00, 0x80, 0x00, 0x00, 0x00, 0x00, 0x00, 0x00, 0x00, 
0x2e, 0x03, 0x00, 0x00, 0x12, 0x00, 0x01, 0x00, 0x81, 0x1b, 0x40, 0x00, 0x00, 0x00, 0x00, 0x00, 
0xa1, 0x00, 0x00, 0x00, 0x00, 0x00, 0x00, 0x00, 0x36, 0x03, 0x00, 0x00, 0x12, 0x00, 0x01, 0x00, 
0xb9, 0x2e, 0x40, 0x00, 0x00, 0x00, 0x00, 0x00, 0xe8, 0x00, 0x00, 0x00, 0x00, 0x00, 0x00, 0x00, 
0x3d, 0x03, 0x00, 0x00, 0x12, 0x00, 0x01, 0x00, 0xf1, 0x30, 0x40, 0x00, 0x00, 0x00, 0x00, 0x00, 
0x74, 0x00, 0x00, 0x00, 0x00, 0x00, 0x00, 0x00, 0x44, 0x03, 0x00, 0x00, 0x12, 0x00, 0x01, 0x00, 
0x0e, 0x36, 0x40, 0x00, 0x00, 0x00, 0x00, 0x00, 0x3b, 0x00, 0x00, 0x00, 0x00, 0x00, 0x00, 0x00, 
0x49, 0x03, 0x00, 0x00, 0x12, 0x00, 0x01, 0x00, 0x9f, 0x2c, 0x40, 0x00, 0x00, 0x00, 0x00, 0x00, 
0x86, 0x00, 0x00, 0x00, 0x00, 0x00, 0x00, 0x00, 0x51, 0x03, 0x00, 0x00, 0x12, 0x00, 0x01, 0x00, 
0x8d, 0x13, 0x40, 0x00, 0x00, 0x00, 0x00, 0x00, 0x75, 0x00, 0x00, 0x00, 0x00, 0x00, 0x00, 0x00, 
0x57, 0x03, 0x00, 0x00, 0x12, 0x00, 0x01, 0x00, 0x29, 0x3b, 0x40, 0x00, 0x00, 0x00, 0x00, 0x00, 
0xa8, 0x00, 0x00, 0x00, 0x00, 0x00, 0x00, 0x00, 0x5c, 0x03, 0x00, 0x00, 0x12, 0x00, 0x01, 0x00, 
0x65, 0x2e, 0x40, 0x00, 0x00, 0x00, 0x00, 0x00, 0x54, 0x00, 0x00, 0x00, 0x00, 0x00, 0x00, 0x00, 
0x63, 0x03, 0x00, 0x00, 0x12, 0x00, 0x01, 0x00, 0xbb, 0x41, 0x40, 0x00, 0x00, 0x00, 0x00, 0x00, 
0x4f, 0x00, 0x00, 0x00, 0x00, 0x00, 0x00, 0x00, 0x70, 0x03, 0x00, 0x00, 0x12, 0x00, 0x01, 0x00, 
0x07, 0x12, 0x40, 0x00, 0x00, 0x00, 0x00, 0x00, 0x15, 0x01, 0x00, 0x00, 0x00, 0x00, 0x00, 0x00, 
0x76, 0x03, 0x00, 0x00, 0x10, 0x00, 0x06, 0x00, 0x40, 0x70, 0x40, 0x00, 0x00, 0x00, 0x00, 0x00, 
0x00, 0x00, 0x00, 0x00, 0x00, 0x00, 0x00, 0x00, 0x82, 0x03, 0x00, 0x00, 0x12, 0x00, 0x01, 0x00, 
0x6c, 0x45, 0x40, 0x00, 0x00, 0x00, 0x00, 0x00, 0x1a, 0x00, 0x00, 0x00, 0x00, 0x00, 0x00, 0x00, 
0x8c, 0x03, 0x00, 0x00, 0x12, 0x00, 0x01, 0x00, 0xa5, 0x30, 0x40, 0x00, 0x00, 0x00, 0x00, 0x00, 
0x4c, 0x00, 0x00, 0x00, 0x00, 0x00, 0x00, 0x00, 0x93, 0x03, 0x00, 0x00, 0x12, 0x00, 0x01, 0x00, 
0x27, 0x00, 0x40, 0x00, 0x00, 0x00, 0x00, 0x00, 0x54, 0x01, 0x00, 0x00, 0x00, 0x00, 0x00, 0x00, 
0x98, 0x03, 0x00, 0x00, 0x12, 0x00, 0x01, 0x00, 0x82, 0x17, 0x40, 0x00, 0x00, 0x00, 0x00, 0x00, 
0x3d, 0x00, 0x00, 0x00, 0x00, 0x00, 0x00, 0x00, 0x9e, 0x03, 0x00, 0x00, 0x12, 0x00, 0x01, 0x00, 
0xf6, 0x28, 0x40, 0x00, 0x00, 0x00, 0x00, 0x00, 0x18, 0x00, 0x00, 0x00, 0x00, 0x00, 0x00, 0x00, 
0xa4, 0x03, 0x00, 0x00, 0x12, 0x00, 0x01, 0x00, 0x1c, 0x13, 0x40, 0x00, 0x00, 0x00, 0x00, 0x00, 
0x71, 0x00, 0x00, 0x00, 0x00, 0x00, 0x00, 0x00, 0xab, 0x03, 0x00, 0x00, 0x12, 0x00, 0x01, 0x00, 
0xce, 0x11, 0x40, 0x00, 0x00, 0x00, 0x00, 0x00, 0x39, 0x00, 0x00, 0x00, 0x00, 0x00, 0x00, 0x00, 
0xb3, 0x03, 0x00, 0x00, 0x12, 0x00, 0x01, 0x00, 0x2a, 0x38, 0x40, 0x00, 0x00, 0x00, 0x00, 0x00, 
0x15, 0x00, 0x00, 0x00, 0x00, 0x00, 0x00, 0x00, 0x95, 0x01, 0x00, 0x00, 0x12, 0x00, 0x01, 0x00, 
0x59, 0x42, 0x40, 0x00, 0x00, 0x00, 0x00, 0x00, 0x42, 0x00, 0x00, 0x00, 0x00, 0x00, 0x00, 0x00, 
0xbb, 0x03, 0x00, 0x00, 0x12, 0x00, 0x01, 0x00, 0x1d, 0x39, 0x40, 0x00, 0x00, 0x00, 0x00, 0x00, 
0x45, 0x00, 0x00, 0x00, 0x00, 0x00, 0x00, 0x00, 0xc3, 0x03, 0x00, 0x00, 0x12, 0x00, 0x01, 0x00, 
0xa6, 0x29, 0x40, 0x00, 0x00, 0x00, 0x00, 0x00, 0x53, 0x00, 0x00, 0x00, 0x00, 0x00, 0x00, 0x00, 
0x5f, 0x03, 0x00, 0x00, 0x12, 0x00, 0x01, 0x00, 0x32, 0x35, 0x40, 0x00, 0x00, 0x00, 0x00, 0x00, 
0x46, 0x00, 0x00, 0x00, 0x00, 0x00, 0x00, 0x00, 0xca, 0x03, 0x00, 0x00, 0x12, 0x00, 0x01, 0x00, 
0xa7, 0x39, 0x40, 0x00, 0x00, 0x00, 0x00, 0x00, 0x4e, 0x00, 0x00, 0x00, 0x00, 0x00, 0x00, 0x00, 
0xd1, 0x03, 0x00, 0x00, 0x12, 0x00, 0x01, 0x00, 0xe6, 0x15, 0x40, 0x00, 0x00, 0x00, 0x00, 0x00, 
0x4e, 0x00, 0x00, 0x00, 0x00, 0x00, 0x00, 0x00, 0xd7, 0x03, 0x00, 0x00, 0x12, 0x00, 0x01, 0x00, 
0x94, 0x0f, 0x40, 0x00, 0x00, 0x00, 0x00, 0x00, 0xb6, 0x00, 0x00, 0x00, 0x00, 0x00, 0x00, 0x00, 
0xdf, 0x03, 0x00, 0x00, 0x12, 0x00, 0x01, 0x00, 0x22, 0x1c, 0x40, 0x00, 0x00, 0x00, 0x00, 0x00, 
0x49, 0x00, 0x00, 0x00, 0x00, 0x00, 0x00, 0x00, 0xe6, 0x03, 0x00, 0x00, 0x11, 0x00, 0x05, 0x00, 
0x28, 0x70, 0x40, 0x00, 0x00, 0x00, 0x00, 0x00, 0x08, 0x00, 0x00, 0x00, 0x00, 0x00, 0x00, 0x00, 
0xed, 0x03, 0x00, 0x00, 0x12, 0x00, 0x01, 0x00, 0x93, 0x15, 0x40, 0x00, 0x00, 0x00, 0x00, 0x00, 
0x53, 0x00, 0x00, 0x00, 0x00, 0x00, 0x00, 0x00, 0xf3, 0x03, 0x00, 0x00, 0x12, 0x00, 0x01, 0x00, 
0x6d, 0x46, 0x40, 0x00, 0x00, 0x00, 0x00, 0x00, 0xca, 0x06, 0x00, 0x00, 0x00, 0x00, 0x00, 0x00, 
0xb1, 0x02, 0x00, 0x00, 0x12, 0x00, 0x01, 0x00, 0xe7, 0x3f, 0x40, 0x00, 0x00, 0x00, 0x00, 0x00, 
0x4f, 0x00, 0x00, 0x00, 0x00, 0x00, 0x00, 0x00, 0xfc, 0x03, 0x00, 0x00, 0x12, 0x00, 0x01, 0x00, 
0x02, 0x14, 0x40, 0x00, 0x00, 0x00, 0x00, 0x00, 0x75, 0x00, 0x00, 0x00, 0x00, 0x00, 0x00, 0x00, 
0x03, 0x04, 0x00, 0x00, 0x10, 0x00, 0x05, 0x00, 0x38, 0x70, 0x40, 0x00, 0x00, 0x00, 0x00, 0x00, 
0x00, 0x00, 0x00, 0x00, 0x00, 0x00, 0x00, 0x00, 0x0a, 0x04, 0x00, 0x00, 0x10, 0x00, 0x06, 0x00, 
0x00, 0x72, 0x40, 0x00, 0x00, 0x00, 0x00, 0x00, 0x00, 0x00, 0x00, 0x00, 0x00, 0x00, 0x00, 0x00, 
0x0f, 0x04, 0x00, 0x00, 0x12, 0x00, 0x01, 0x00, 0xbf, 0x17, 0x40, 0x00, 0x00, 0x00, 0x00, 0x00, 
0x2c, 0x00, 0x00, 0x00, 0x00, 0x00, 0x00, 0x00, 0xe1, 0x03, 0x00, 0x00, 0x12, 0x00, 0x01, 0x00, 
0x82, 0x1c, 0x40, 0x00, 0x00, 0x00, 0x00, 0x00, 0x5e, 0x00, 0x00, 0x00, 0x00, 0x00, 0x00, 0x00, 
0x16, 0x04, 0x00, 0x00, 0x12, 0x00, 0x01, 0x00, 0xff, 0x1c, 0x40, 0x00, 0x00, 0x00, 0x00, 0x00, 
0xa4, 0x00, 0x00, 0x00, 0x00, 0x00, 0x00, 0x00, 0x1b, 0x04, 0x00, 0x00, 0x12, 0x00, 0x01, 0x00, 
0x0d, 0x43, 0x40, 0x00, 0x00, 0x00, 0x00, 0x00, 0x5f, 0x02, 0x00, 0x00, 0x00, 0x00, 0x00, 0x00, 
0x22, 0x04, 0x00, 0x00, 0x12, 0x00, 0x01, 0x00, 0x32, 0x29, 0x40, 0x00, 0x00, 0x00, 0x00, 0x00, 
0x33, 0x00, 0x00, 0x00, 0x00, 0x00, 0x00, 0x00, 0x71, 0x03, 0x00, 0x00, 0x12, 0x00, 0x01, 0x00, 
0xab, 0x3e, 0x40, 0x00, 0x00, 0x00, 0x00, 0x00, 0x3c, 0x01, 0x00, 0x00, 0x00, 0x00, 0x00, 0x00, 
0x29, 0x04, 0x00, 0x00, 0x12, 0x00, 0x01, 0x00, 0x6b, 0x1c, 0x40, 0x00, 0x00, 0x00, 0x00, 0x00, 
0x17, 0x00, 0x00, 0x00, 0x00, 0x00, 0x00, 0x00, 0x2d, 0x04, 0x00, 0x00, 0x12, 0x00, 0x01, 0x00, 
0x25, 0x2d, 0x40, 0x00, 0x00, 0x00, 0x00, 0x00, 0x4c, 0x00, 0x00, 0x00, 0x00, 0x00, 0x00, 0x00, 
0x34, 0x04, 0x00, 0x00, 0x12, 0x00, 0x01, 0x00, 0x2a, 0x15, 0x40, 0x00, 0x00, 0x00, 0x00, 0x00, 
0x69, 0x00, 0x00, 0x00, 0x00, 0x00, 0x00, 0x00, 0x3a, 0x04, 0x00, 0x00, 0x12, 0x00, 0x01, 0x00, 
0x9f, 0x36, 0x40, 0x00, 0x00, 0x00, 0x00, 0x00, 0x76, 0x01, 0x00, 0x00, 0x00, 0x00, 0x00, 0x00, 
0x41, 0x04, 0x00, 0x00, 0x12, 0x00, 0x01, 0x00, 0x62, 0x39, 0x40, 0x00, 0x00, 0x00, 0x00, 0x00, 
0x45, 0x00, 0x00, 0x00, 0x00, 0x00, 0x00, 0x00, 0x49, 0x04, 0x00, 0x00, 0x12, 0x00, 0x01, 0x00, 
0x88, 0x3c, 0x40, 0x00, 0x00, 0x00, 0x00, 0x00, 0x33, 0x01, 0x00, 0x00, 0x00, 0x00, 0x00, 0x00, 
0x4f, 0x04, 0x00, 0x00, 0x12, 0x00, 0x01, 0x00, 0x93, 0x38, 0x40, 0x00, 0x00, 0x00, 0x00, 0x00, 
0x45, 0x00, 0x00, 0x00, 0x00, 0x00, 0x00, 0x00, 0x56, 0x04, 0x00, 0x00, 0x12, 0x00, 0x01, 0x00, 
0x85, 0x40, 0x40, 0x00, 0x00, 0x00, 0x00, 0x00, 0x4d, 0x00, 0x00, 0x00, 0x00, 0x00, 0x00, 0x00, 
0xa5, 0x03, 0x00, 0x00, 0x12, 0x00, 0x01, 0x00, 0x92, 0x34, 0x40, 0x00, 0x00, 0x00, 0x00, 0x00, 
0x47, 0x00, 0x00, 0x00, 0x00, 0x00, 0x00, 0x00, 0x5c, 0x04, 0x00, 0x00, 0x12, 0x00, 0x01, 0x00, 
0x6c, 0x1a, 0x40, 0x00, 0x00, 0x00, 0x00, 0x00, 0x15, 0x01, 0x00, 0x00, 0x00, 0x00, 0x00, 0x00, 
0x00, 0x63, 0x72, 0x74, 0x30, 0x2e, 0x6f, 0x00, 0x2e, 0x68, 0x61, 0x6e, 0x67, 0x00, 0x62, 0x61, 
0x73, 0x65, 0x6e, 0x61, 0x6d, 0x65, 0x2e, 0x63, 0x00, 0x73, 0x74, 0x64, 0x69, 0x6f, 0x2e, 0x63, 
0x00, 0x5f, 0x73, 0x74, 0x64, 0x69, 0x6e, 0x5f, 0x73, 0x74, 0x72, 0x75, 0x63, 0x74, 0x00, 0x5f, 
0x73, 0x74, 0x64, 0x6f, 0x75, 0x74, 0x5f, 0x73, 0x74, 0x72, 0x75, 0x63, 0x74, 0x00, 0x5f, 0x73, 
0x74, 0x64, 0x65, 0x72, 0x72, 0x5f, 0x73, 0x74, 0x72, 0x75, 0x63, 0x74, 0x00, 0x66, 0x6f, 0x72, 
0x6d, 0x61, 0x74, 0x5f, 0x75, 0x69, 0x6e, 0x74, 0x00, 0x66, 0x6f, 0x72, 0x6d, 0x61, 0x74, 0x5f, 
0x69, 0x6e, 0x74, 0x00, 0x73, 0x74, 0x64, 0x6c, 0x69, 0x62, 0x2e, 0x63, 0x00, 0x69, 0x73, 0x73, 
0x70, 0x61, 0x63, 0x65, 0x00, 0x69, 0x73, 0x64, 0x69, 0x67, 0x69, 0x74, 0x00, 0x69, 0x73, 0x61, 
0x6c, 0x70, 0x68, 0x61, 0x00, 0x74, 0x6f, 0x75, 0x70, 0x70, 0x65, 0x72, 0x00, 0x75, 0x73, 0x65, 
0x72, 0x5f, 0x68, 0x65, 0x61, 0x70, 0x5f, 0x68, 0x65, 0x61, 0x64, 0x00, 0x61, 0x74, 0x65, 0x78, 
0x69, 0x74, 0x5f, 0x66, 0x75, 0x6e, 0x63, 0x73, 0x00, 0x61, 0x74, 0x65, 0x78, 0x69, 0x74, 0x5f, 
0x63, 0x6f, 0x75, 0x6e, 0x74, 0x00, 0x73, 0x77, 0x61, 0x70, 0x5f, 0x62, 0x79, 0x74, 0x65, 0x73, 
0x00, 0x6e, 0x65, 0x78, 0x74, 0x5f, 0x72, 0x61, 0x6e, 0x64, 0x00, 0x73, 0x74, 0x72, 0x69, 0x6e, 
0x67, 0x2e, 0x63, 0x00, 0x74, 0x6f, 0x6c, 0x6f, 0x77, 0x65, 0x72, 0x00, 0x73, 0x74, 0x72, 0x74, 
0x6f, 0x6b, 0x5f, 0x6c, 0x61, 0x73, 0x74, 0x00, 0x75, 0x6e, 0x69, 0x73, 0x74, 0x64, 0x2e, 0x63, 
0x00, 0x63, 0x75, 0x72, 0x72, 0x65, 0x6e, 0x74, 0x5f, 0x62, 0x72, 0x6b, 0x2e, 0x30, 0x00, 0x65, 
0x72, 0x72, 0x6e, 0x6f, 0x2e, 0x63, 0x00, 0x73, 0x69, 0x67, 0x6e, 0x61, 0x6c, 0x2e, 0x63, 0x00, 
0x73, 0x74, 0x61, 0x74, 0x2e, 0x63, 0x00, 0x74, 0x69, 0x6d, 0x65, 0x2e, 0x63, 0x00, 0x67, 0x5f, 
0x74, 0x6d, 0x00, 0x67, 0x5f, 0x61, 0x73, 0x63, 0x5f, 0x62, 0x75, 0x66, 0x00, 0x73, 0x5f, 0x64, 
0x61, 0x79, 0x73, 0x5f, 0x73, 0x68, 0x6f, 0x72, 0x74, 0x00, 0x73, 0x5f, 0x64, 0x61, 0x79, 0x73, 
0x5f, 0x6c, 0x6f, 0x6e, 0x67, 0x00, 0x73, 0x5f, 0x6d, 0x6f, 0x6e, 0x5f, 0x73, 0x68, 0x6f, 0x72, 
0x74, 0x00, 0x73, 0x5f, 0x6d, 0x6f, 0x6e, 0x5f, 0x6c, 0x6f, 0x6e, 0x67, 0x00, 0x73, 0x5f, 0x64, 
0x61, 0x79, 0x73, 0x5f, 0x69, 0x6e, 0x5f, 0x6d, 0x6f, 0x6e, 0x74, 0x68, 0x00, 0x69, 0x73, 0x5f, 
0x6c, 0x65, 0x61, 0x70, 0x00, 0x70, 0x75, 0x74, 0x63, 0x68, 0x61, 0x72, 0x00, 0x63, 0x6c, 0x6f, 
0x63, 0x6b, 0x5f, 0x67, 0x65, 0x74, 0x74, 0x69, 0x6d, 0x65, 0x00, 0x73, 0x74, 0x72, 0x63, 0x70, 
0x79, 0x00, 0x61, 0x73, 0x63, 0x74, 0x69, 0x6d, 0x65, 0x00, 0x5f, 0x5f, 0x73, 0x79, 0x73, 0x63, 
0x61, 0x6c, 0x6c, 0x00, 0x75, 0x6e, 0x73, 0x65, 0x74, 0x65, 0x6e, 0x76, 0x00, 0x67, 0x65, 0x74, 
0x67, 0x69, 0x64, 0x00, 0x73, 0x74, 0x64, 0x6f, 0x75, 0x74, 0x00, 0x73, 0x74, 0x72, 0x65, 0x72, 
0x72, 0x6f, 0x72, 0x00, 0x67, 0x65, 0x74, 0x65, 0x75, 0x69, 0x64, 0x00, 0x6d, 0x65, 0x6d, 0x6d, 
0x6f, 0x76, 0x65, 0x00, 0x61, 0x74, 0x6f, 0x6c, 0x00, 0x67, 0x65, 0x74, 0x65, 0x6e, 0x76, 0x00, 
0x66, 0x63, 0x68, 0x6d, 0x6f, 0x64, 0x00, 0x65, 0x72, 0x72, 0x6e, 0x6f, 0x00, 0x67, 0x65, 0x74, 
0x65, 0x67, 0x69, 0x64, 0x00, 0x75, 0x73, 0x6c, 0x65, 0x65, 0x70, 0x00, 0x65, 0x78, 0x65, 0x63, 
0x76, 0x65, 0x00, 0x67, 0x65, 0x74, 0x70, 0x69, 0x64, 0x00, 0x71, 0x73, 0x6f, 0x72, 0x74, 0x00, 
0x66, 0x63, 0x68, 0x6f, 0x77, 0x6e, 0x00, 0x66, 0x67, 0x65, 0x74, 0x73, 0x00, 0x6d, 0x65, 0x6d, 
0x63, 0x70, 0x79, 0x00, 0x70, 0x65, 0x72, 0x72, 0x6f, 0x72, 0x00, 0x64, 0x75, 0x70, 0x32, 0x00, 
0x67, 0x65, 0x74, 0x75, 0x69, 0x64, 0x00, 0x6d, 0x61, 0x6c, 0x6c, 0x6f, 0x63, 0x00, 0x69, 0x73, 
0x61, 0x74, 0x74, 0x79, 0x00, 0x76, 0x73, 0x6e, 0x70, 0x72, 0x69, 0x6e, 0x74, 0x66, 0x00, 0x73, 
0x74, 0x72, 0x74, 0x6f, 0x75, 0x6c, 0x00, 0x66, 0x66, 0x6c, 0x75, 0x73, 0x68, 0x00, 0x6c, 0x73, 
0x65, 0x65, 0x6b, 0x00, 0x73, 0x74, 0x72, 0x6e, 0x63, 0x61, 0x73, 0x65, 0x63, 0x6d, 0x70, 0x00, 
0x61, 0x62, 0x6f, 0x72, 0x74, 0x00, 0x73, 0x74, 0x72, 0x74, 0x6f, 0x6c, 0x00, 0x70, 0x69, 0x70, 
0x65, 0x00, 0x73, 0x74, 0x72, 0x6e, 0x6c, 0x65, 0x6e, 0x00, 0x73, 0x74, 0x72, 0x72, 0x63, 0x68, 
0x72, 0x00, 0x6e, 0x61, 0x6e, 0x6f, 0x73, 0x6c, 0x65, 0x65, 0x70, 0x00, 0x63, 0x61, 0x6c, 0x6c, 
0x6f, 0x63, 0x00, 0x61, 0x74, 0x6f, 0x66, 0x00, 0x65, 0x6e, 0x76, 0x69, 0x72, 0x6f, 0x6e, 0x00, 
0x66, 0x73, 0x74, 0x61, 0x74, 0x00, 0x66, 0x70, 0x72, 0x69, 0x6e, 0x74, 0x66, 0x00, 0x6b, 0x69, 
0x6c, 0x6c, 0x00, 0x73, 0x74, 0x72, 0x63, 0x61, 0x74, 0x00, 0x76, 0x70, 0x72, 0x69, 0x6e, 0x74, 
0x66, 0x00, 0x72, 0x65, 0x62, 0x6f, 0x6f, 0x74, 0x00, 0x63, 0x68, 0x64, 0x69, 0x72, 0x00, 0x66, 
0x73, 0x65, 0x65, 0x6b, 0x00, 0x6d, 0x65, 0x6d, 0x63, 0x68, 0x72, 0x00, 0x73, 0x74, 0x64, 0x69, 
0x6e, 0x00, 0x73, 0x74, 0x72, 0x73, 0x74, 0x72, 0x00, 0x73, 0x65, 0x74, 0x67, 0x69, 0x64, 0x00, 
0x73, 0x69, 0x67, 0x6e, 0x61, 0x6c, 0x00, 0x73, 0x74, 0x72, 0x6e, 0x63, 0x6d, 0x70, 0x00, 0x73, 
0x74, 0x72, 0x6e, 0x63, 0x70, 0x79, 0x00, 0x75, 0x6e, 0x6c, 0x69, 0x6e, 0x6b, 0x00, 0x73, 0x79, 
0x6e, 0x63, 0x00, 0x73, 0x74, 0x72, 0x63, 0x61, 0x73, 0x65, 0x63, 0x6d, 0x70, 0x00, 0x72, 0x65, 
0x61, 0x6c, 0x6c, 0x6f, 0x63, 0x00, 0x73, 0x74, 0x72, 0x74, 0x6f, 0x6b, 0x00, 0x6d, 0x65, 0x6d, 
0x63, 0x6d, 0x70, 0x00, 0x66, 0x6f, 0x72, 0x6b, 0x00, 0x73, 0x74, 0x72, 0x6e, 0x63, 0x61, 0x74, 
0x00, 0x66, 0x72, 0x65, 0x61, 0x64, 0x00, 0x73, 0x62, 0x72, 0x6b, 0x00, 0x73, 0x74, 0x72, 0x64, 
0x75, 0x70, 0x00, 0x67, 0x65, 0x74, 0x74, 0x69, 0x6d, 0x65, 0x6f, 0x66, 0x64, 0x61, 0x79, 0x00, 
0x66, 0x6f, 0x70, 0x65, 0x6e, 0x00, 0x5f, 0x5f, 0x62, 0x73, 0x73, 0x5f, 0x73, 0x74, 0x61, 0x72, 
0x74, 0x00, 0x6c, 0x6f, 0x63, 0x61, 0x6c, 0x74, 0x69, 0x6d, 0x65, 0x00, 0x6d, 0x65, 0x6d, 0x73, 
0x65, 0x74, 0x00, 0x6d, 0x61, 0x69, 0x6e, 0x00, 0x66, 0x74, 0x65, 0x6c, 0x6c, 0x00, 0x73, 0x72, 
0x61, 0x6e, 0x64, 0x00, 0x66, 0x63, 0x6c, 0x6f, 0x73, 0x65, 0x00, 0x67, 0x65, 0x74, 0x63, 0x68, 
0x61, 0x72, 0x00, 0x67, 0x65, 0x74, 0x70, 0x70, 0x69, 0x64, 0x00, 0x73, 0x65, 0x74, 0x65, 0x75, 
0x69, 0x64, 0x00, 0x73, 0x74, 0x72, 0x63, 0x6d, 0x70, 0x00, 0x67, 0x65, 0x74, 0x63, 0x77, 0x64, 
0x00, 0x66, 0x67, 0x65, 0x74, 0x63, 0x00, 0x73, 0x70, 0x72, 0x69, 0x6e, 0x74, 0x66, 0x00, 0x61, 
0x74, 0x65, 0x78, 0x69, 0x74, 0x00, 0x73, 0x74, 0x64, 0x65, 0x72, 0x72, 0x00, 0x66, 0x70, 0x75, 
0x74, 0x63, 0x00, 0x73, 0x74, 0x72, 0x66, 0x74, 0x69, 0x6d, 0x65, 0x00, 0x66, 0x77, 0x72, 0x69, 
0x74, 0x65, 0x00, 0x5f, 0x65, 0x64, 0x61, 0x74, 0x61, 0x00, 0x5f, 0x65, 0x6e, 0x64, 0x00, 0x72, 
0x65, 0x77, 0x69, 0x6e, 0x64, 0x00, 0x61, 0x74, 0x6f, 0x69, 0x00, 0x67, 0x6d, 0x74, 0x69, 0x6d, 
0x65, 0x00, 0x73, 0x74, 0x72, 0x6c, 0x65, 0x6e, 0x00, 0x61, 0x62, 0x73, 0x00, 0x73, 0x74, 0x72, 
0x63, 0x68, 0x72, 0x00, 0x66, 0x70, 0x75, 0x74, 0x73, 0x00, 0x65, 0x78, 0x65, 0x63, 0x76, 0x70, 
0x00, 0x73, 0x65, 0x74, 0x65, 0x67, 0x69, 0x64, 0x00, 0x66, 0x63, 0x6e, 0x74, 0x6c, 0x00, 0x73, 
0x65, 0x74, 0x75, 0x69, 0x64, 0x00, 0x6d, 0x6b, 0x64, 0x69, 0x72, 0x00, 0x66, 0x72, 0x65, 0x65, 
0x00, 0x00, 0x2e, 0x73, 0x79, 0x6d, 0x74, 0x61, 0x62, 0x00, 0x2e, 0x73, 0x74, 0x72, 0x74, 0x61, 
0x62, 0x00, 0x2e, 0x73, 0x68, 0x73, 0x74, 0x72, 0x74, 0x61, 0x62, 0x00, 0x2e, 0x74, 0x65, 0x78, 
0x74, 0x00, 0x2e, 0x72, 0x6f, 0x64, 0x61, 0x74, 0x61, 0x00, 0x2e, 0x65, 0x68, 0x5f, 0x66, 0x72, 
0x61, 0x6d, 0x65, 0x00, 0x2e, 0x6e, 0x6f, 0x74, 0x65, 0x2e, 0x67, 0x6e, 0x75, 0x2e, 0x70, 0x72, 
0x6f, 0x70, 0x65, 0x72, 0x74, 0x79, 0x00, 0x2e, 0x64, 0x61, 0x74, 0x61, 0x00, 0x2e, 0x62, 0x73, 
0x73, 0x00, 0x2e, 0x63, 0x6f, 0x6d, 0x6d, 0x65, 0x6e, 0x74, 0x00, 0x00, 0x00, 0x00, 0x00, 0x00, 
0x00, 0x00, 0x00, 0x00, 0x00, 0x00, 0x00, 0x00, 0x00, 0x00, 0x00, 0x00, 0x00, 0x00, 0x00, 0x00, 
0x00, 0x00, 0x00, 0x00, 0x00, 0x00, 0x00, 0x00, 0x00, 0x00, 0x00, 0x00, 0x00, 0x00, 0x00, 0x00, 
0x00, 0x00, 0x00, 0x00, 0x00, 0x00, 0x00, 0x00, 0x00, 0x00, 0x00, 0x00, 0x00, 0x00, 0x00, 0x00, 
0x00, 0x00, 0x00, 0x00, 0x00, 0x00, 0x00, 0x00, 0x00, 0x00, 0x00, 0x00, 0x00, 0x00, 0x00, 0x00, 
0x1b, 0x00, 0x00, 0x00, 0x01, 0x00, 0x00, 0x00, 0x06, 0x00, 0x00, 0x00, 0x00, 0x00, 0x00, 0x00, 
0x00, 0x00, 0x40, 0x00, 0x00, 0x00, 0x00, 0x00, 0x00, 0x10, 0x00, 0x00, 0x00, 0x00, 0x00, 0x00, 
0x37, 0x4d, 0x00, 0x00, 0x00, 0x00, 0x00, 0x00, 0x00, 0x00, 0x00, 0x00, 0x00, 0x00, 0x00, 0x00, 
0x01, 0x00, 0x00, 0x00, 0x00, 0x00, 0x00, 0x00, 0x00, 0x00, 0x00, 0x00, 0x00, 0x00, 0x00, 0x00, 
0x21, 0x00, 0x00, 0x00, 0x01, 0x00, 0x00, 0x00, 0x02, 0x00, 0x00, 0x00, 0x00, 0x00, 0x00, 0x00, 
0x00, 0x50, 0x40, 0x00, 0x00, 0x00, 0x00, 0x00, 0x00, 0x60, 0x00, 0x00, 0x00, 0x00, 0x00, 0x00, 
0x32, 0x05, 0x00, 0x00, 0x00, 0x00, 0x00, 0x00, 0x00, 0x00, 0x00, 0x00, 0x00, 0x00, 0x00, 0x00, 
0x20, 0x00, 0x00, 0x00, 0x00, 0x00, 0x00, 0x00, 0x00, 0x00, 0x00, 0x00, 0x00, 0x00, 0x00, 0x00, 
0x29, 0x00, 0x00, 0x00, 0x01, 0x00, 0x00, 0x00, 0x02, 0x00, 0x00, 0x00, 0x00, 0x00, 0x00, 0x00, 
0x38, 0x55, 0x40, 0x00, 0x00, 0x00, 0x00, 0x00, 0x38, 0x65, 0x00, 0x00, 0x00, 0x00, 0x00, 0x00, 
0x38, 0x0f, 0x00, 0x00, 0x00, 0x00, 0x00, 0x00, 0x00, 0x00, 0x00, 0x00, 0x00, 0x00, 0x00, 0x00, 
0x08, 0x00, 0x00, 0x00, 0x00, 0x00, 0x00, 0x00, 0x00, 0x00, 0x00, 0x00, 0x00, 0x00, 0x00, 0x00, 
0x33, 0x00, 0x00, 0x00, 0x07, 0x00, 0x00, 0x00, 0x02, 0x00, 0x00, 0x00, 0x00, 0x00, 0x00, 0x00, 
0x70, 0x64, 0x40, 0x00, 0x00, 0x00, 0x00, 0x00, 0x70, 0x74, 0x00, 0x00, 0x00, 0x00, 0x00, 0x00, 
0x30, 0x00, 0x00, 0x00, 0x00, 0x00, 0x00, 0x00, 0x00, 0x00, 0x00, 0x00, 0x00, 0x00, 0x00, 0x00, 
0x08, 0x00, 0x00, 0x00, 0x00, 0x00, 0x00, 0x00, 0x00, 0x00, 0x00, 0x00, 0x00, 0x00, 0x00, 0x00, 
0x46, 0x00, 0x00, 0x00, 0x01, 0x00, 0x00, 0x00, 0x03, 0x00, 0x00, 0x00, 0x00, 0x00, 0x00, 0x00, 
0x00, 0x70, 0x40, 0x00, 0x00, 0x00, 0x00, 0x00, 0x00, 0x80, 0x00, 0x00, 0x00, 0x00, 0x00, 0x00, 
0x38, 0x00, 0x00, 0x00, 0x00, 0x00, 0x00, 0x00, 0x00, 0x00, 0x00, 0x00, 0x00, 0x00, 0x00, 0x00, 
0x08, 0x00, 0x00, 0x00, 0x00, 0x00, 0x00, 0x00, 0x00, 0x00, 0x00, 0x00, 0x00, 0x00, 0x00, 0x00, 
0x4c, 0x00, 0x00, 0x00, 0x08, 0x00, 0x00, 0x00, 0x03, 0x00, 0x00, 0x00, 0x00, 0x00, 0x00, 0x00, 
0x40, 0x70, 0x40, 0x00, 0x00, 0x00, 0x00, 0x00, 0x38, 0x80, 0x00, 0x00, 0x00, 0x00, 0x00, 0x00, 
0xc0, 0x01, 0x00, 0x00, 0x00, 0x00, 0x00, 0x00, 0x00, 0x00, 0x00, 0x00, 0x00, 0x00, 0x00, 0x00, 
0x20, 0x00, 0x00, 0x00, 0x00, 0x00, 0x00, 0x00, 0x00, 0x00, 0x00, 0x00, 0x00, 0x00, 0x00, 0x00, 
0x51, 0x00, 0x00, 0x00, 0x01, 0x00, 0x00, 0x00, 0x30, 0x00, 0x00, 0x00, 0x00, 0x00, 0x00, 0x00, 
0x00, 0x00, 0x00, 0x00, 0x00, 0x00, 0x00, 0x00, 0x38, 0x80, 0x00, 0x00, 0x00, 0x00, 0x00, 0x00, 
0x2e, 0x00, 0x00, 0x00, 0x00, 0x00, 0x00, 0x00, 0x00, 0x00, 0x00, 0x00, 0x00, 0x00, 0x00, 0x00, 
0x01, 0x00, 0x00, 0x00, 0x00, 0x00, 0x00, 0x00, 0x01, 0x00, 0x00, 0x00, 0x00, 0x00, 0x00, 0x00, 
0x01, 0x00, 0x00, 0x00, 0x02, 0x00, 0x00, 0x00, 0x00, 0x00, 0x00, 0x00, 0x00, 0x00, 0x00, 0x00, 
0x00, 0x00, 0x00, 0x00, 0x00, 0x00, 0x00, 0x00, 0x68, 0x80, 0x00, 0x00, 0x00, 0x00, 0x00, 0x00, 
0xe8, 0x0e, 0x00, 0x00, 0x00, 0x00, 0x00, 0x00, 0x09, 0x00, 0x00, 0x00, 0x25, 0x00, 0x00, 0x00, 
0x08, 0x00, 0x00, 0x00, 0x00, 0x00, 0x00, 0x00, 0x18, 0x00, 0x00, 0x00, 0x00, 0x00, 0x00, 0x00, 
0x09, 0x00, 0x00, 0x00, 0x03, 0x00, 0x00, 0x00, 0x00, 0x00, 0x00, 0x00, 0x00, 0x00, 0x00, 0x00, 
0x00, 0x00, 0x00, 0x00, 0x00, 0x00, 0x00, 0x00, 0x50, 0x8f, 0x00, 0x00, 0x00, 0x00, 0x00, 0x00, 
0x61, 0x04, 0x00, 0x00, 0x00, 0x00, 0x00, 0x00, 0x00, 0x00, 0x00, 0x00, 0x00, 0x00, 0x00, 0x00, 
0x01, 0x00, 0x00, 0x00, 0x00, 0x00, 0x00, 0x00, 0x00, 0x00, 0x00, 0x00, 0x00, 0x00, 0x00, 0x00, 
0x11, 0x00, 0x00, 0x00, 0x03, 0x00, 0x00, 0x00, 0x00, 0x00, 0x00, 0x00, 0x00, 0x00, 0x00, 0x00, 
0x00, 0x00, 0x00, 0x00, 0x00, 0x00, 0x00, 0x00, 0xb1, 0x93, 0x00, 0x00, 0x00, 0x00, 0x00, 0x00, 
0x5a, 0x00, 0x00, 0x00, 0x00, 0x00, 0x00, 0x00, 0x00, 0x00, 0x00, 0x00, 0x00, 0x00, 0x00, 0x00, 
0x01, 0x00, 0x00, 0x00, 0x00, 0x00, 0x00, 0x00, 0x00, 0x00, 0x00, 0x00, 0x00, 0x00, 0x00, 0x00, 
};

const size_t bin_basename_data_len = 38608;
