/* Auto-generated by bin2c from build/bin/firefox */
#if defined(__has_include)
  #if __has_include(<dunix/types.h>)
    #include <dunix/types.h>
  #else
    #include <stdint.h>
    #include <stddef.h>
  #endif
#else
  #include <stdint.h>
  #include <stddef.h>
#endif

const uint8_t bin_firefox_data[] __attribute__((aligned(16))) = {
0x7f, 0x45, 0x4c, 0x46, 0x02, 0x01, 0x01, 0x00, 0x00, 0x00, 0x00, 0x00, 0x00, 0x00, 0x00, 0x00, 
0x02, 0x00, 0x3e, 0x00, 0x01, 0x00, 0x00, 0x00, 0x00, 0x02, 0x40, 0x00, 0x00, 0x00, 0x00, 0x00, 
0x40, 0x00, 0x00, 0x00, 0x00, 0x00, 0x00, 0x00, 0xf8, 0x79, 0x00, 0x00, 0x00, 0x00, 0x00, 0x00, 
0x00, 0x00, 0x00, 0x00, 0x40, 0x00, 0x38, 0x00, 0x07, 0x00, 0x40, 0x00, 0x0c, 0x00, 0x0b, 0x00, 
0x01, 0x00, 0x00, 0x00, 0x05, 0x00, 0x00, 0x00, 0x00, 0x00, 0x00, 0x00, 0x00, 0x00, 0x00, 0x00, 
0x00, 0x00, 0x40, 0x00, 0x00, 0x00, 0x00, 0x00, 0x00, 0x00, 0x40, 0x00, 0x00, 0x00, 0x00, 0x00, 
0x14, 0x42, 0x00, 0x00, 0x00, 0x00, 0x00, 0x00, 0x14, 0x42, 0x00, 0x00, 0x00, 0x00, 0x00, 0x00, 
0x00, 0x10, 0x00, 0x00, 0x00, 0x00, 0x00, 0x00, 0x01, 0x00, 0x00, 0x00, 0x04, 0x00, 0x00, 0x00, 
0x00, 0x50, 0x00, 0x00, 0x00, 0x00, 0x00, 0x00, 0x00, 0x50, 0x40, 0x00, 0x00, 0x00, 0x00, 0x00, 
0x00, 0x50, 0x40, 0x00, 0x00, 0x00, 0x00, 0x00, 0x88, 0x12, 0x00, 0x00, 0x00, 0x00, 0x00, 0x00, 
0x88, 0x12, 0x00, 0x00, 0x00, 0x00, 0x00, 0x00, 0x00, 0x10, 0x00, 0x00, 0x00, 0x00, 0x00, 0x00, 
0x01, 0x00, 0x00, 0x00, 0x06, 0x00, 0x00, 0x00, 0x00, 0x70, 0x00, 0x00, 0x00, 0x00, 0x00, 0x00, 
0x00, 0x70, 0x40, 0x00, 0x00, 0x00, 0x00, 0x00, 0x00, 0x70, 0x40, 0x00, 0x00, 0x00, 0x00, 0x00, 
0xe4, 0x02, 0x00, 0x00, 0x00, 0x00, 0x00, 0x00, 0xa8, 0xc4, 0x00, 0x00, 0x00, 0x00, 0x00, 0x00, 
0x00, 0x10, 0x00, 0x00, 0x00, 0x00, 0x00, 0x00, 0x04, 0x00, 0x00, 0x00, 0x04, 0x00, 0x00, 0x00, 
0xc8, 0x01, 0x00, 0x00, 0x00, 0x00, 0x00, 0x00, 0xc8, 0x01, 0x40, 0x00, 0x00, 0x00, 0x00, 0x00, 
0xc8, 0x01, 0x40, 0x00, 0x00, 0x00, 0x00, 0x00, 0x24, 0x00, 0x00, 0x00, 0x00, 0x00, 0x00, 0x00, 
0x24, 0x00, 0x00, 0x00, 0x00, 0x00, 0x00, 0x00, 0x04, 0x00, 0x00, 0x00, 0x00, 0x00, 0x00, 0x00, 
0x04, 0x00, 0x00, 0x00, 0x04, 0x00, 0x00, 0x00, 0x58, 0x62, 0x00, 0x00, 0x00, 0x00, 0x00, 0x00, 
0x58, 0x62, 0x40, 0x00, 0x00, 0x00, 0x00, 0x00, 0x58, 0x62, 0x40, 0x00, 0x00, 0x00, 0x00, 0x00, 
0x30, 0x00, 0x00, 0x00, 0x00, 0x00, 0x00, 0x00, 0x30, 0x00, 0x00, 0x00, 0x00, 0x00, 0x00, 0x00, 
0x08, 0x00, 0x00, 0x00, 0x00, 0x00, 0x00, 0x00, 0x53, 0xe5, 0x74, 0x64, 0x04, 0x00, 0x00, 0x00, 
0x58, 0x62, 0x00, 0x00, 0x00, 0x00, 0x00, 0x00, 0x58, 0x62, 0x40, 0x00, 0x00, 0x00, 0x00, 0x00, 
0x58, 0x62, 0x40, 0x00, 0x00, 0x00, 0x00, 0x00, 0x30, 0x00, 0x00, 0x00, 0x00, 0x00, 0x00, 0x00, 
0x30, 0x00, 0x00, 0x00, 0x00, 0x00, 0x00, 0x00, 0x08, 0x00, 0x00, 0x00, 0x00, 0x00, 0x00, 0x00, 
0x51, 0xe5, 0x74, 0x64, 0x06, 0x00, 0x00, 0x00, 0x00, 0x00, 0x00, 0x00, 0x00, 0x00, 0x00, 0x00, 
0x00, 0x00, 0x00, 0x00, 0x00, 0x00, 0x00, 0x00, 0x00, 0x00, 0x00, 0x00, 0x00, 0x00, 0x00, 0x00, 
0x00, 0x00, 0x00, 0x00, 0x00, 0x00, 0x00, 0x00, 0x00, 0x00, 0x00, 0x00, 0x00, 0x00, 0x00, 0x00, 
0x10, 0x00, 0x00, 0x00, 0x00, 0x00, 0x00, 0x00, 0x04, 0x00, 0x00, 0x00, 0x14, 0x00, 0x00, 0x00, 
0x03, 0x00, 0x00, 0x00, 0x47, 0x4e, 0x55, 0x00, 0x76, 0xa5, 0x6c, 0x62, 0xf9, 0x79, 0x40, 0x51, 
0x96, 0xa2, 0x11, 0x80, 0x2f, 0xa7, 0xc7, 0x1d, 0xe0, 0xd8, 0x26, 0x44, 0x00, 0x00, 0x00, 0x00, 
0x00, 0x00, 0x00, 0x00, 0x00, 0x00, 0x00, 0x00, 0x00, 0x00, 0x00, 0x00, 0x00, 0x00, 0x00, 0x00, 
0x48, 0x8b, 0x3c, 0x24, 0x48, 0x8d, 0x74, 0x24, 0x08, 0x48, 0x8d, 0x54, 0xfc, 0x10, 0x48, 0x83, 
0xe4, 0xf0, 0xe8, 0x99, 0x32, 0x00, 0x00, 0x48, 0x89, 0xc7, 0x48, 0xc7, 0xc0, 0xe7, 0x00, 0x00, 
0x00, 0x0f, 0x05, 0x66, 0x90, 0x66, 0x66, 0x2e, 0x0f, 0x1f, 0x84, 0x00, 0x00, 0x00, 0x00, 0x00, 
0x48, 0x81, 0xec, 0x90, 0x00, 0x00, 0x00, 0x41, 0x89, 0xf0, 0x66, 0x0f, 0xef, 0xc0, 0x41, 0x89, 
0xf9, 0x48, 0x8d, 0x74, 0x24, 0x88, 0x48, 0x89, 0xd7, 0x48, 0x89, 0xf0, 0x66, 0x0f, 0x1f, 0x84, 
0x00, 0x00, 0x00, 0x00, 0x00, 0x66, 0x66, 0x2e, 0x0f, 0x1f, 0x84, 0x00, 0x00, 0x00, 0x00, 0x00, 
0x0f, 0x29, 0x00, 0x48, 0x8d, 0x94, 0x24, 0x88, 0x00, 0x00, 0x00, 0x48, 0x83, 0xc0, 0x20, 0x0f, 
0x29, 0x40, 0xf0, 0x48, 0x39, 0xd0, 0x75, 0xe8, 0x8b, 0x05, 0x22, 0x32, 0x01, 0x00, 0xc7, 0x44, 
0x24, 0x88, 0x13, 0x00, 0x00, 0x00, 0x44, 0x89, 0x4c, 0x24, 0x90, 0x89, 0x44, 0x24, 0x8c, 0x31, 
0xc0, 0x44, 0x89, 0x44, 0x24, 0x94, 0x89, 0x4c, 0x24, 0x98, 0x80, 0x3f, 0x00, 0x0f, 0x84, 0x05, 
0x01, 0x00, 0x00, 0x66, 0x90, 0x66, 0x66, 0x2e, 0x0f, 0x1f, 0x84, 0x00, 0x00, 0x00, 0x00, 0x00, 
0x48, 0x83, 0xc0, 0x01, 0x80, 0x3c, 0x07, 0x00, 0x75, 0xf6, 0x83, 0xf8, 0x7f, 0x0f, 0x86, 0xcd, 
0x00, 0x00, 0x00, 0xc7, 0x44, 0x24, 0x9c, 0x7f, 0x00, 0x00, 0x00, 0xba, 0x7f, 0x00, 0x00, 0x00, 
0x31, 0xc0, 0xeb, 0x1d, 0x90, 0x66, 0x66, 0x2e, 0x0f, 0x1f, 0x84, 0x00, 0x00, 0x00, 0x00, 0x00, 
0x88, 0x4c, 0x04, 0xa0, 0x48, 0x83, 0xc0, 0x01, 0x48, 0x39, 0xc2, 0x0f, 0x84, 0x7d, 0x00, 0x00, 
0x00, 0x0f, 0xb6, 0x0c, 0x07, 0x84, 0xc9, 0x75, 0xe7, 0x48, 0x39, 0xd0, 0x73, 0x70, 0x48, 0x8d, 
0x4a, 0xff, 0x48, 0x29, 0xc1, 0x48, 0x83, 0xf9, 0x0e, 0x76, 0x55, 0x49, 0x89, 0xd1, 0x48, 0x8d, 
0x4c, 0x06, 0x18, 0x66, 0x0f, 0xef, 0xc0, 0x49, 0x29, 0xc1, 0x4c, 0x89, 0xcf, 0x48, 0x83, 0xe7, 
0xf0, 0x4c, 0x8d, 0x04, 0x39, 0x40, 0xf6, 0xc7, 0x10, 0x74, 0x15, 0x0f, 0x11, 0x01, 0x48, 0x83, 
0xc1, 0x10, 0x49, 0x39, 0xc8, 0x74, 0x19, 0x66, 0x0f, 0x1f, 0x84, 0x00, 0x00, 0x00, 0x00, 0x00, 
0x0f, 0x11, 0x01, 0x48, 0x83, 0xc1, 0x20, 0x0f, 0x11, 0x41, 0xf0, 0x49, 0x39, 0xc8, 0x75, 0xf0, 
0x4c, 0x39, 0xcf, 0x74, 0x19, 0x48, 0x01, 0xf8, 0x0f, 0x1f, 0x84, 0x00, 0x00, 0x00, 0x00, 0x00, 
0xc6, 0x44, 0x04, 0xa0, 0x00, 0x48, 0x83, 0xc0, 0x01, 0x48, 0x39, 0xd0, 0x72, 0xf2, 0x8b, 0x3d, 
0x6c, 0x6f, 0x00, 0x00, 0x85, 0xff, 0x78, 0x0c, 0xb8, 0x01, 0x00, 0x00, 0x00, 0xba, 0x00, 0x01, 
0x00, 0x00, 0x0f, 0x05, 0x48, 0x81, 0xc4, 0x90, 0x00, 0x00, 0x00, 0xc3, 0x0f, 0x1f, 0x40, 0x00, 
0x89, 0x44, 0x24, 0x9c, 0x83, 0xe0, 0xff, 0x48, 0x89, 0xc2, 0x0f, 0x85, 0x30, 0xff, 0xff, 0xff, 
0xeb, 0xcc, 0x66, 0x0f, 0x1f, 0x44, 0x00, 0x00, 0xc7, 0x44, 0x24, 0x9c, 0x00, 0x00, 0x00, 0x00, 
0xeb, 0xbc, 0x0f, 0x1f, 0x00, 0x66, 0x66, 0x2e, 0x0f, 0x1f, 0x84, 0x00, 0x00, 0x00, 0x00, 0x00, 
0x48, 0x63, 0x05, 0x5d, 0x7f, 0x00, 0x00, 0x83, 0xf8, 0x1f, 0x7f, 0x06, 0x41, 0x80, 0x38, 0x00, 
0x75, 0x06, 0xc3, 0x0f, 0x1f, 0x44, 0x00, 0x00, 0x44, 0x8d, 0x48, 0x01, 0x48, 0x8d, 0x04, 0xc0, 
0x44, 0x89, 0x0d, 0x3d, 0x7f, 0x00, 0x00, 0x48, 0xc1, 0xe0, 0x04, 0x89, 0xb8, 0x40, 0x83, 0x40, 
0x00, 0x48, 0x8d, 0x78, 0x10, 0x89, 0x88, 0x4c, 0x83, 0x40, 0x00, 0x48, 0x8d, 0x88, 0x50, 0x83, 
0x40, 0x00, 0x89, 0xb0, 0x44, 0x83, 0x40, 0x00, 0x89, 0x90, 0x48, 0x83, 0x40, 0x00, 0x31, 0xc0, 
0x0f, 0x1f, 0x44, 0x00, 0x00, 0x66, 0x66, 0x2e, 0x0f, 0x1f, 0x84, 0x00, 0x00, 0x00, 0x00, 0x00, 
0x41, 0x0f, 0xb6, 0x14, 0x00, 0x84, 0xd2, 0x74, 0x17, 0x88, 0x14, 0x01, 0x48, 0x83, 0xc0, 0x01, 
0x48, 0x83, 0xf8, 0x7f, 0x75, 0xea, 0xc3, 0x66, 0x0f, 0x1f, 0x84, 0x00, 0x00, 0x00, 0x00, 0x00, 
0x48, 0x8d, 0x50, 0x90, 0x48, 0x83, 0xfa, 0x0e, 0x76, 0x52, 0xbe, 0x7f, 0x00, 0x00, 0x00, 0x48, 
0x8d, 0x94, 0x38, 0x40, 0x83, 0x40, 0x00, 0x66, 0x0f, 0xef, 0xc0, 0x48, 0x29, 0xc6, 0x48, 0x89, 
0xf7, 0x48, 0x83, 0xe7, 0xf0, 0x4c, 0x8d, 0x04, 0x3a, 0x40, 0xf6, 0xc7, 0x10, 0x74, 0x11, 0x0f, 
0x11, 0x02, 0x48, 0x83, 0xc2, 0x10, 0x4c, 0x39, 0xc2, 0x74, 0x15, 0x0f, 0x1f, 0x44, 0x00, 0x00, 
0x0f, 0x11, 0x02, 0x48, 0x83, 0xc2, 0x20, 0x0f, 0x11, 0x42, 0xf0, 0x4c, 0x39, 0xc2, 0x75, 0xf0, 
0x48, 0x39, 0xfe, 0x0f, 0x84, 0x39, 0xff, 0xff, 0xff, 0x48, 0x01, 0xf8, 0x48, 0x01, 0xc8, 0x48, 
0x83, 0xc1, 0x7f, 0x48, 0x89, 0xca, 0x48, 0x29, 0xc2, 0x83, 0xe2, 0x01, 0x74, 0x12, 0xc6, 0x00, 
0x00, 0x48, 0x83, 0xc0, 0x01, 0x48, 0x39, 0xc8, 0x74, 0x17, 0x66, 0x0f, 0x1f, 0x44, 0x00, 0x00, 
0xc6, 0x00, 0x00, 0x48, 0x83, 0xc0, 0x02, 0xc6, 0x40, 0xff, 0x00, 0x48, 0x39, 0xc8, 0x75, 0xf0, 
0xc3, 0xc3, 0x0f, 0x1f, 0x00, 0x66, 0x66, 0x2e, 0x0f, 0x1f, 0x84, 0x00, 0x00, 0x00, 0x00, 0x00, 
0x48, 0x63, 0x05, 0x99, 0x9b, 0x00, 0x00, 0x41, 0x89, 0xfa, 0x89, 0xf7, 0x48, 0x89, 0xd6, 0x3d, 
0xff, 0x00, 0x00, 0x00, 0x7f, 0x05, 0x80, 0x3a, 0x00, 0x75, 0x05, 0xc3, 0x0f, 0x1f, 0x40, 0x00, 
0x8d, 0x50, 0x01, 0x48, 0x69, 0xc0, 0x94, 0x00, 0x00, 0x00, 0x89, 0x15, 0x70, 0x9b, 0x00, 0x00, 
0x89, 0xb8, 0xa4, 0xa0, 0x40, 0x00, 0x48, 0x8d, 0x78, 0x08, 0x89, 0x88, 0x28, 0xa1, 0x40, 0x00, 
0x48, 0x8d, 0x88, 0xa8, 0xa0, 0x40, 0x00, 0x44, 0x89, 0x90, 0xa0, 0xa0, 0x40, 0x00, 0x44, 0x89, 
0x80, 0x2c, 0xa1, 0x40, 0x00, 0x44, 0x89, 0x88, 0x30, 0xa1, 0x40, 0x00, 0x31, 0xc0, 0x66, 0x90, 
0x0f, 0xb6, 0x14, 0x06, 0x84, 0xd2, 0x74, 0x18, 0x88, 0x14, 0x01, 0x48, 0x83, 0xc0, 0x01, 0x48, 
0x83, 0xf8, 0x7f, 0x75, 0xeb, 0xc3, 0x66, 0x2e, 0x0f, 0x1f, 0x84, 0x00, 0x00, 0x00, 0x00, 0x00, 
0x48, 0x8d, 0x50, 0x90, 0x48, 0x83, 0xfa, 0x0e, 0x76, 0x52, 0xbe, 0x7f, 0x00, 0x00, 0x00, 0x48, 
0x8d, 0x94, 0x38, 0xa0, 0xa0, 0x40, 0x00, 0x66, 0x0f, 0xef, 0xc0, 0x48, 0x29, 0xc6, 0x48, 0x89, 
0xf7, 0x48, 0x83, 0xe7, 0xf0, 0x4c, 0x8d, 0x04, 0x3a, 0x40, 0xf6, 0xc7, 0x10, 0x74, 0x11, 0x0f, 
0x11, 0x02, 0x48, 0x83, 0xc2, 0x10, 0x4c, 0x39, 0xc2, 0x74, 0x15, 0x0f, 0x1f, 0x44, 0x00, 0x00, 
0x0f, 0x11, 0x02, 0x48, 0x83, 0xc2, 0x20, 0x0f, 0x11, 0x42, 0xf0, 0x4c, 0x39, 0xc2, 0x75, 0xf0, 
0x48, 0x39, 0xfe, 0x0f, 0x84, 0x42, 0xff, 0xff, 0xff, 0x48, 0x01, 0xf8, 0x48, 0x01, 0xc8, 0x48, 
0x83, 0xc1, 0x7f, 0x48, 0x89, 0xca, 0x48, 0x29, 0xc2, 0x83, 0xe2, 0x01, 0x74, 0x12, 0xc6, 0x00, 
0x00, 0x48, 0x83, 0xc0, 0x01, 0x48, 0x39, 0xc8, 0x74, 0x17, 0x66, 0x0f, 0x1f, 0x44, 0x00, 0x00, 
0xc6, 0x00, 0x00, 0x48, 0x83, 0xc0, 0x02, 0xc6, 0x40, 0xff, 0x00, 0x48, 0x39, 0xc8, 0x75, 0xf0, 
0xc3, 0xc3, 0x0f, 0x1f, 0x00, 0x66, 0x66, 0x2e, 0x0f, 0x1f, 0x84, 0x00, 0x00, 0x00, 0x00, 0x00, 
0x48, 0x63, 0x05, 0x79, 0x9a, 0x00, 0x00, 0x41, 0x89, 0xf8, 0x89, 0xf7, 0x48, 0x89, 0xd6, 0x3d, 
0xff, 0x00, 0x00, 0x00, 0x7f, 0x05, 0x80, 0x3a, 0x00, 0x75, 0x05, 0xc3, 0x0f, 0x1f, 0x40, 0x00, 
0x8d, 0x50, 0x01, 0x48, 0x69, 0xc0, 0x94, 0x00, 0x00, 0x00, 0x89, 0x15, 0x50, 0x9a, 0x00, 0x00, 
0x89, 0xb8, 0xa4, 0xa0, 0x40, 0x00, 0x48, 0x8d, 0x78, 0x08, 0x89, 0x88, 0x28, 0xa1, 0x40, 0x00, 
0x48, 0x8d, 0x88, 0xa8, 0xa0, 0x40, 0x00, 0x44, 0x89, 0x80, 0xa0, 0xa0, 0x40, 0x00, 0x48, 0xc7, 
0x80, 0x2c, 0xa1, 0x40, 0x00, 0x00, 0x00, 0x00, 0x00, 0x31, 0xc0, 0x0f, 0x1f, 0x44, 0x00, 0x00, 
0x0f, 0xb6, 0x14, 0x06, 0x84, 0xd2, 0x74, 0x18, 0x88, 0x14, 0x01, 0x48, 0x83, 0xc0, 0x01, 0x48, 
0x83, 0xf8, 0x7f, 0x75, 0xeb, 0xc3, 0x66, 0x2e, 0x0f, 0x1f, 0x84, 0x00, 0x00, 0x00, 0x00, 0x00, 
0x48, 0x8d, 0x50, 0x90, 0x48, 0x83, 0xfa, 0x0e, 0x76, 0x52, 0xbe, 0x7f, 0x00, 0x00, 0x00, 0x48, 
0x8d, 0x94, 0x38, 0xa0, 0xa0, 0x40, 0x00, 0x66, 0x0f, 0xef, 0xc0, 0x48, 0x29, 0xc6, 0x48, 0x89, 
0xf7, 0x48, 0x83, 0xe7, 0xf0, 0x4c, 0x8d, 0x04, 0x3a, 0x40, 0xf6, 0xc7, 0x10, 0x74, 0x11, 0x0f, 
0x11, 0x02, 0x48, 0x83, 0xc2, 0x10, 0x4c, 0x39, 0xc2, 0x74, 0x15, 0x0f, 0x1f, 0x44, 0x00, 0x00, 
0x0f, 0x11, 0x02, 0x48, 0x83, 0xc2, 0x20, 0x0f, 0x11, 0x42, 0xf0, 0x4c, 0x39, 0xc2, 0x75, 0xf0, 
0x48, 0x39, 0xfe, 0x0f, 0x84, 0x42, 0xff, 0xff, 0xff, 0x48, 0x01, 0xf8, 0x48, 0x01, 0xc8, 0x48, 
0x83, 0xc1, 0x7f, 0x48, 0x89, 0xca, 0x48, 0x29, 0xc2, 0x83, 0xe2, 0x01, 0x74, 0x12, 0xc6, 0x00, 
0x00, 0x48, 0x83, 0xc0, 0x01, 0x48, 0x39, 0xc8, 0x74, 0x17, 0x66, 0x0f, 0x1f, 0x44, 0x00, 0x00, 
0xc6, 0x00, 0x00, 0x48, 0x83, 0xc0, 0x02, 0xc6, 0x40, 0xff, 0x00, 0x48, 0x39, 0xc8, 0x75, 0xf0, 
0xc3, 0xc3, 0x0f, 0x1f, 0x00, 0x66, 0x66, 0x2e, 0x0f, 0x1f, 0x84, 0x00, 0x00, 0x00, 0x00, 0x00, 
0x48, 0x63, 0x05, 0x59, 0x99, 0x00, 0x00, 0x41, 0x89, 0xf8, 0x89, 0xf7, 0x48, 0x89, 0xd6, 0x3d, 
0xff, 0x00, 0x00, 0x00, 0x7f, 0x05, 0x80, 0x3a, 0x00, 0x75, 0x05, 0xc3, 0x0f, 0x1f, 0x40, 0x00, 
0x8d, 0x50, 0x01, 0x48, 0x69, 0xc0, 0x94, 0x00, 0x00, 0x00, 0x89, 0x15, 0x30, 0x99, 0x00, 0x00, 
0x89, 0xb8, 0xa4, 0xa0, 0x40, 0x00, 0x48, 0x8d, 0x78, 0x08, 0x89, 0x88, 0x28, 0xa1, 0x40, 0x00, 
0x48, 0x8d, 0x88, 0xa8, 0xa0, 0x40, 0x00, 0x44, 0x89, 0x80, 0xa0, 0xa0, 0x40, 0x00, 0x48, 0xc7, 
0x80, 0x2c, 0xa1, 0x40, 0x00, 0x01, 0x00, 0x00, 0x00, 0x31, 0xc0, 0x0f, 0x1f, 0x44, 0x00, 0x00, 
0x0f, 0xb6, 0x14, 0x06, 0x84, 0xd2, 0x74, 0x18, 0x88, 0x14, 0x01, 0x48, 0x83, 0xc0, 0x01, 0x48, 
0x83, 0xf8, 0x7f, 0x75, 0xeb, 0xc3, 0x66, 0x2e, 0x0f, 0x1f, 0x84, 0x00, 0x00, 0x00, 0x00, 0x00, 
0x48, 0x8d, 0x50, 0x90, 0x48, 0x83, 0xfa, 0x0e, 0x76, 0x52, 0xbe, 0x7f, 0x00, 0x00, 0x00, 0x48, 
0x8d, 0x94, 0x38, 0xa0, 0xa0, 0x40, 0x00, 0x66, 0x0f, 0xef, 0xc0, 0x48, 0x29, 0xc6, 0x48, 0x89, 
0xf7, 0x48, 0x83, 0xe7, 0xf0, 0x4c, 0x8d, 0x04, 0x3a, 0x40, 0xf6, 0xc7, 0x10, 0x74, 0x11, 0x0f, 
0x11, 0x02, 0x48, 0x83, 0xc2, 0x10, 0x4c, 0x39, 0xc2, 0x74, 0x15, 0x0f, 0x1f, 0x44, 0x00, 0x00, 
0x0f, 0x11, 0x02, 0x48, 0x83, 0xc2, 0x20, 0x0f, 0x11, 0x42, 0xf0, 0x4c, 0x39, 0xc2, 0x75, 0xf0, 
0x48, 0x39, 0xfe, 0x0f, 0x84, 0x42, 0xff, 0xff, 0xff, 0x48, 0x01, 0xf8, 0x48, 0x01, 0xc8, 0x48, 
0x83, 0xc1, 0x7f, 0x48, 0x89, 0xca, 0x48, 0x29, 0xc2, 0x83, 0xe2, 0x01, 0x74, 0x12, 0xc6, 0x00, 
0x00, 0x48, 0x83, 0xc0, 0x01, 0x48, 0x39, 0xc8, 0x74, 0x17, 0x66, 0x0f, 0x1f, 0x44, 0x00, 0x00, 
0xc6, 0x00, 0x00, 0x48, 0x83, 0xc0, 0x02, 0xc6, 0x40, 0xff, 0x00, 0x48, 0x39, 0xc8, 0x75, 0xf0, 
0xc3, 0xc3, 0x0f, 0x1f, 0x00, 0x66, 0x66, 0x2e, 0x0f, 0x1f, 0x84, 0x00, 0x00, 0x00, 0x00, 0x00, 
0x66, 0x0f, 0x6f, 0x05, 0x18, 0x56, 0x00, 0x00, 0x49, 0x89, 0xf9, 0xc7, 0x05, 0x2b, 0x98, 0x00, 
0x00, 0x00, 0x00, 0x00, 0x00, 0xb8, 0x10, 0x00, 0x00, 0x00, 0xc7, 0x05, 0xdc, 0x8c, 0x00, 0x00, 
0x00, 0x00, 0x00, 0x00, 0xc7, 0x05, 0xb6, 0x7a, 0x00, 0x00, 0x00, 0x00, 0x00, 0x00, 0xc6, 0x05, 
0x2b, 0x68, 0x00, 0x00, 0x53, 0x0f, 0x11, 0x05, 0x25, 0x68, 0x00, 0x00, 0x0f, 0x1f, 0x40, 0x00, 
0x0f, 0xb6, 0x90, 0x01, 0x50, 0x40, 0x00, 0x48, 0x83, 0xc0, 0x01, 0x88, 0x90, 0xa0, 0x70, 0x40, 
0x00, 0x48, 0x83, 0xf8, 0x1a, 0x75, 0xe9, 0xb9, 0x39, 0x12, 0x9f, 0x00, 0xba, 0x68, 0x52, 0x40, 
0x00, 0xbe, 0x32, 0x00, 0x00, 0x00, 0x66, 0x0f, 0x6f, 0x05, 0xc2, 0x55, 0x00, 0x00, 0x48, 0xb8, 
0xf2, 0xf1, 0xff, 0x00, 0x48, 0x1d, 0xe1, 0x00, 0xbf, 0x3c, 0x00, 0x00, 0x00, 0x48, 0x89, 0x05, 
0xcc, 0x91, 0x00, 0x00, 0x0f, 0x29, 0x05, 0xb5, 0x91, 0x00, 0x00, 0xe8, 0x50, 0xfe, 0xff, 0xff, 
0xb9, 0x69, 0x55, 0x47, 0x00, 0xba, 0x98, 0x52, 0x40, 0x00, 0xbe, 0x50, 0x00, 0x00, 0x00, 0xbf, 
0x3c, 0x00, 0x00, 0x00, 0xe8, 0x17, 0xfd, 0xff, 0xff, 0xb9, 0x69, 0x55, 0x47, 0x00, 0xba, 0x1b, 
0x50, 0x40, 0x00, 0xbe, 0x64, 0x00, 0x00, 0x00, 0xbf, 0x3c, 0x00, 0x00, 0x00, 0xe8, 0xfe, 0xfc, 
0xff, 0xff, 0x4c, 0x89, 0xca, 0xb9, 0x2a, 0x17, 0x0f, 0x00, 0xbe, 0x64, 0x00, 0x00, 0x00, 0xbf, 
0xb4, 0x00, 0x00, 0x00, 0xe8, 0x07, 0xfe, 0xff, 0xff, 0xb9, 0xff, 0xff, 0xff, 0x00, 0xba, 0x2b, 
0x50, 0x40, 0x00, 0x66, 0x0f, 0x6f, 0x05, 0x55, 0x55, 0x00, 0x00, 0x48, 0xb8, 0xdf, 0x60, 0x00, 
0x00, 0xdf, 0x60, 0x00, 0x00, 0xbe, 0x96, 0x00, 0x00, 0x00, 0xbf, 0x55, 0x00, 0x00, 0x00, 0x48, 
0x89, 0x05, 0x62, 0x91, 0x00, 0x00, 0x0f, 0x11, 0x05, 0x4b, 0x91, 0x00, 0x00, 0xe8, 0xce, 0xfd, 
0xff, 0xff, 0x4d, 0x89, 0xc8, 0xb9, 0xae, 0x00, 0x00, 0x00, 0xba, 0xb4, 0x00, 0x00, 0x00, 0xbe, 
0x8c, 0x00, 0x00, 0x00, 0xbf, 0x3c, 0x00, 0x00, 0x00, 0xe8, 0x52, 0xfa, 0xff, 0xff, 0xb9, 0x3b, 
0x29, 0x1e, 0x00, 0xba, 0x35, 0x50, 0x40, 0x00, 0x66, 0x0f, 0x6f, 0x05, 0x10, 0x55, 0x00, 0x00, 
0x48, 0xb8, 0xf0, 0xe8, 0xe2, 0x00, 0xe1, 0xd5, 0xcb, 0x00, 0xbe, 0x96, 0x00, 0x00, 0x00, 0xbf, 
0xdc, 0x00, 0x00, 0x00, 0xc7, 0x05, 0xc2, 0x90, 0x00, 0x00, 0x03, 0x00, 0x00, 0x00, 0x48, 0x89, 
0x05, 0x1b, 0x91, 0x00, 0x00, 0x0f, 0x29, 0x05, 0x04, 0x91, 0x00, 0x00, 0xe8, 0x6f, 0xfd, 0xff, 
0xff, 0x41, 0xb8, 0x42, 0x50, 0x40, 0x00, 0xb9, 0xae, 0x00, 0x00, 0x00, 0xba, 0x68, 0x01, 0x00, 
0x00, 0xbe, 0x8c, 0x00, 0x00, 0x00, 0xbf, 0xc8, 0x00, 0x00, 0x00, 0xe9, 0xf0, 0xf9, 0xff, 0xff, 
0x66, 0x0f, 0x6f, 0x05, 0xc8, 0x54, 0x00, 0x00, 0xc6, 0x05, 0xc1, 0x66, 0x00, 0x00, 0x4d, 0xb8, 
0x10, 0x00, 0x00, 0x00, 0xc7, 0x05, 0x92, 0x96, 0x00, 0x00, 0x00, 0x00, 0x00, 0x00, 0xc7, 0x05, 
0x2c, 0x79, 0x00, 0x00, 0x00, 0x00, 0x00, 0x00, 0x0f, 0x11, 0x05, 0xa2, 0x66, 0x00, 0x00, 0x90, 
0x0f, 0xb6, 0x90, 0x51, 0x50, 0x40, 0x00, 0x48, 0x83, 0xc0, 0x01, 0x88, 0x90, 0xa0, 0x70, 0x40, 
0x00, 0x48, 0x83, 0xf8, 0x1c, 0x75, 0xe9, 0xb9, 0x39, 0x71, 0xff, 0x00, 0xba, 0x6d, 0x50, 0x40, 
0x00, 0xbe, 0x20, 0x00, 0x00, 0x00, 0x66, 0x0f, 0x6f, 0x05, 0x82, 0x54, 0x00, 0x00, 0x48, 0xb8, 
0xfc, 0xfa, 0xf8, 0x00, 0xf0, 0xe8, 0xe2, 0x00, 0xbf, 0x3c, 0x00, 0x00, 0x00, 0x49, 0xbb, 0xfc, 
0xfa, 0xf8, 0x00, 0xe1, 0xd5, 0xcb, 0x00, 0x48, 0x89, 0x05, 0x42, 0x90, 0x00, 0x00, 0x0f, 0x29, 
0x05, 0x2b, 0x90, 0x00, 0x00, 0xe8, 0xc6, 0xfc, 0xff, 0xff, 0xb9, 0x69, 0x55, 0x47, 0x00, 0xba, 
0xd0, 0x52, 0x40, 0x00, 0xbe, 0x38, 0x00, 0x00, 0x00, 0xbf, 0x3c, 0x00, 0x00, 0x00, 0xe8, 0x8d, 
0xfb, 0xff, 0xff, 0xb9, 0x6e, 0x76, 0x0f, 0x00, 0xba, 0x18, 0x53, 0x40, 0x00, 0xbe, 0x4a, 0x00, 
0x00, 0x00, 0xbf, 0x3c, 0x00, 0x00, 0x00, 0xe8, 0x74, 0xfb, 0xff, 0xff, 0xb9, 0xb8, 0xa3, 0x94, 
0x00, 0xba, 0x60, 0x53, 0x40, 0x00, 0x66, 0x0f, 0x6f, 0x05, 0x22, 0x54, 0x00, 0x00, 0x48, 0xb8, 
0xf9, 0xf5, 0xf1, 0x00, 0xdf, 0x60, 0x00, 0x00, 0xbe, 0x82, 0x00, 0x00, 0x00, 0xbf, 0x64, 0x00, 
0x00, 0x00, 0x48, 0x89, 0x05, 0xef, 0x8f, 0x00, 0x00, 0x0f, 0x11, 0x05, 0xd8, 0x8f, 0x00, 0x00, 
0xe8, 0x3b, 0xfb, 0xff, 0xff, 0xb9, 0xff, 0xff, 0xff, 0x00, 0xba, 0x83, 0x50, 0x40, 0x00, 0x66, 
0x0f, 0x6f, 0x05, 0xf9, 0x53, 0x00, 0x00, 0x48, 0xb8, 0xdf, 0x60, 0x00, 0x00, 0xdf, 0x60, 0x00, 
0x00, 0xbe, 0x82, 0x00, 0x00, 0x00, 0xbf, 0x62, 0x02, 0x00, 0x00, 0x48, 0x89, 0x05, 0xce, 0x8f, 
0x00, 0x00, 0x0f, 0x29, 0x05, 0xb7, 0x8f, 0x00, 0x00, 0xe8, 0x22, 0xfc, 0xff, 0xff, 0x41, 0xb8, 
0x8a, 0x50, 0x40, 0x00, 0xb9, 0x99, 0x00, 0x00, 0x00, 0xba, 0xad, 0x02, 0x00, 0x00, 0xbe, 0x79, 
0x00, 0x00, 0x00, 0xbf, 0x4e, 0x02, 0x00, 0x00, 0xe8, 0xa3, 0xf8, 0xff, 0xff, 0x41, 0xb9, 0x01, 
0x00, 0x00, 0x00, 0x41, 0xb8, 0x01, 0x00, 0x00, 0x00, 0x66, 0x0f, 0x6f, 0x05, 0xaf, 0x53, 0x00, 
0x00, 0xb9, 0x8a, 0x3a, 0x1e, 0x00, 0xba, 0xa1, 0x50, 0x40, 0x00, 0xbe, 0xbf, 0x00, 0x00, 0x00, 
0xbf, 0x5f, 0x00, 0x00, 0x00, 0x0f, 0x11, 0x05, 0x7c, 0x8f, 0x00, 0x00, 0x4c, 0x89, 0x1d, 0x85, 
0x8f, 0x00, 0x00, 0xe8, 0x88, 0xf9, 0xff, 0xff, 0x41, 0xb8, 0x8a, 0x50, 0x40, 0x00, 0xb9, 0xdf, 
0x00, 0x00, 0x00, 0xba, 0xe1, 0x00, 0x00, 0x00, 0xbe, 0xaf, 0x00, 0x00, 0x00, 0xbf, 0x50, 0x00, 
0x00, 0x00, 0xe8, 0x49, 0xf8, 0xff, 0xff, 0x41, 0xb9, 0x01, 0x00, 0x00, 0x00, 0x41, 0xb8, 0x01, 
0x00, 0x00, 0x00, 0x66, 0x0f, 0x6f, 0x05, 0x65, 0x53, 0x00, 0x00, 0xb9, 0x6e, 0x76, 0x0f, 0x00, 
0xba, 0xa8, 0x50, 0x40, 0x00, 0xbe, 0xbf, 0x00, 0x00, 0x00, 0xbf, 0x04, 0x01, 0x00, 0x00, 0x0f, 
0x29, 0x05, 0x3a, 0x8f, 0x00, 0x00, 0x4c, 0x89, 0x1d, 0x43, 0x8f, 0x00, 0x00, 0xe8, 0x2e, 0xf9, 
0xff, 0xff, 0x41, 0xb8, 0xb2, 0x50, 0x40, 0x00, 0xb9, 0xdf, 0x00, 0x00, 0x00, 0xba, 0x86, 0x01, 
0x00, 0x00, 0xbe, 0xaf, 0x00, 0x00, 0x00, 0xbf, 0xf5, 0x00, 0x00, 0x00, 0xe8, 0xef, 0xf7, 0xff, 
0xff, 0x41, 0xb9, 0x01, 0x00, 0x00, 0x00, 0x41, 0xb8, 0x01, 0x00, 0x00, 0x00, 0x66, 0x0f, 0x6f, 
0x05, 0x1b, 0x53, 0x00, 0x00, 0xb9, 0xf6, 0x82, 0x3b, 0x00, 0xba, 0xcc, 0x50, 0x40, 0x00, 0xbe, 
0xbf, 0x00, 0x00, 0x00, 0xbf, 0xa9, 0x01, 0x00, 0x00, 0x0f, 0x11, 0x05, 0xf8, 0x8e, 0x00, 0x00, 
0x4c, 0x89, 0x1d, 0x01, 0x8f, 0x00, 0x00, 0xe8, 0xd4, 0xf8, 0xff, 0xff, 0x41, 0xb8, 0xd5, 0x50, 
0x40, 0x00, 0xb9, 0xdf, 0x00, 0x00, 0x00, 0xba, 0x2b, 0x02, 0x00, 0x00, 0xbe, 0xaf, 0x00, 0x00, 
0x00, 0xbf, 0x9a, 0x01, 0x00, 0x00, 0xe8, 0x95, 0xf7, 0xff, 0xff, 0x41, 0xb9, 0x01, 0x00, 0x00, 
0x00, 0x41, 0xb8, 0x01, 0x00, 0x00, 0x00, 0x66, 0x0f, 0x6f, 0x05, 0xd1, 0x52, 0x00, 0x00, 0xb9, 
0x06, 0x77, 0xd9, 0x00, 0xba, 0xe1, 0x50, 0x40, 0x00, 0xbe, 0xbf, 0x00, 0x00, 0x00, 0xbf, 0x4e, 
0x02, 0x00, 0x00, 0x0f, 0x29, 0x05, 0xb6, 0x8e, 0x00, 0x00, 0x4c, 0x89, 0x1d, 0xbf, 0x8e, 0x00, 
0x00, 0xe8, 0x7a, 0xf8, 0xff, 0xff, 0x41, 0xb8, 0xed, 0x50, 0x40, 0x00, 0xb9, 0xdf, 0x00, 0x00, 
0x00, 0xba, 0xd0, 0x02, 0x00, 0x00, 0xbe, 0xaf, 0x00, 0x00, 0x00, 0xbf, 0x3f, 0x02, 0x00, 0x00, 
0xe8, 0x3b, 0xf7, 0xff, 0xff, 0xb9, 0xff, 0xdd, 0x00, 0x00, 0xba, 0x88, 0x53, 0x40, 0x00, 0x66, 
0x0f, 0x6f, 0x05, 0x89, 0x52, 0x00, 0x00, 0x48, 0xb8, 0x2a, 0x22, 0x1e, 0x00, 0x48, 0x3b, 0x33, 
0x00, 0xbe, 0x05, 0x01, 0x00, 0x00, 0xbf, 0x3c, 0x00, 0x00, 0x00, 0xc7, 0x05, 0xab, 0x8d, 0x00, 
0x00, 0x08, 0x00, 0x00, 0x00, 0x48, 0x89, 0x05, 0x7c, 0x8e, 0x00, 0x00, 0x0f, 0x11, 0x05, 0x65, 
0x8e, 0x00, 0x00, 0xe8, 0x58, 0xfa, 0xff, 0xff, 0xb9, 0xf0, 0xe8, 0xe2, 0x00, 0xba, 0xc0, 0x53, 
0x40, 0x00, 0x66, 0x0f, 0x6f, 0x05, 0x56, 0x52, 0x00, 0x00, 0xbe, 0x23, 0x01, 0x00, 0x00, 0xbf, 
0x3c, 0x00, 0x00, 0x00, 0xc7, 0x05, 0x52, 0x88, 0x00, 0x00, 0x01, 0x00, 0x00, 0x00, 0x0f, 0x29, 
0x05, 0x6b, 0x88, 0x00, 0x00, 0xc7, 0x05, 0x71, 0x88, 0x00, 0x00, 0x48, 0x3b, 0x33, 0x00, 0xe8, 
0xfc, 0xf8, 0xff, 0xff, 0xb9, 0xf0, 0xe8, 0xe2, 0x00, 0xba, 0x08, 0x54, 0x40, 0x00, 0xbe, 0x37, 
0x01, 0x00, 0x00, 0xbf, 0x3c, 0x00, 0x00, 0x00, 0xe8, 0xe3, 0xf8, 0xff, 0xff, 0xb9, 0xf0, 0xe8, 
0xe2, 0x00, 0xba, 0x50, 0x54, 0x40, 0x00, 0xbe, 0x4b, 0x01, 0x00, 0x00, 0xbf, 0x3c, 0x00, 0x00, 
0x00, 0xe8, 0xca, 0xf8, 0xff, 0xff, 0xb9, 0xf0, 0xe8, 0xe2, 0x00, 0xba, 0x98, 0x54, 0x40, 0x00, 
0xbe, 0x5f, 0x01, 0x00, 0x00, 0xbf, 0x3c, 0x00, 0x00, 0x00, 0xe8, 0xb1, 0xf8, 0xff, 0xff, 0xb9, 
0x5e, 0xc5, 0x22, 0x00, 0xba, 0xe0, 0x54, 0x40, 0x00, 0xbe, 0x73, 0x01, 0x00, 0x00, 0xbf, 0x3c, 
0x00, 0x00, 0x00, 0xe9, 0xb8, 0xf9, 0xff, 0xff, 0x0f, 0x1f, 0x84, 0x00, 0x00, 0x00, 0x00, 0x00, 
0x41, 0x55, 0x66, 0x0f, 0xef, 0xc9, 0x41, 0x54, 0x66, 0x0f, 0x6f, 0xc1, 0x55, 0x53, 0x48, 0x81, 
0xec, 0x38, 0x01, 0x00, 0x00, 0x48, 0x8d, 0x6c, 0x24, 0x30, 0x48, 0x89, 0xe8, 0x0f, 0x1f, 0x84, 
0x00, 0x00, 0x00, 0x00, 0x00, 0x66, 0x66, 0x2e, 0x0f, 0x1f, 0x84, 0x00, 0x00, 0x00, 0x00, 0x00, 
0x0f, 0x29, 0x00, 0x48, 0x8d, 0x9c, 0x24, 0x30, 0x01, 0x00, 0x00, 0x48, 0x83, 0xc0, 0x20, 0x0f, 
0x29, 0x40, 0xf0, 0x48, 0x39, 0xc3, 0x75, 0xe8, 0x44, 0x8b, 0x25, 0xe1, 0x26, 0x01, 0x00, 0x44, 
0x8b, 0x15, 0x1a, 0x65, 0x00, 0x00, 0x48, 0xb8, 0x0c, 0x03, 0x00, 0x00, 0x08, 0x02, 0x00, 0x00, 
0xc7, 0x44, 0x24, 0x30, 0x10, 0x00, 0x00, 0x00, 0x48, 0xc7, 0x44, 0x24, 0x38, 0x00, 0x00, 0x00, 
0x00, 0x44, 0x89, 0x64, 0x24, 0x34, 0x48, 0x89, 0x44, 0x24, 0x40, 0xc7, 0x44, 0x24, 0x48, 0x33, 
0x2a, 0x2b, 0x00, 0x45, 0x85, 0xd2, 0x78, 0x20, 0x44, 0x89, 0xd7, 0xb8, 0x01, 0x00, 0x00, 0x00, 
0xba, 0x00, 0x01, 0x00, 0x00, 0x48, 0x89, 0xee, 0x0f, 0x05, 0x44, 0x8b, 0x25, 0x8f, 0x26, 0x01, 
0x00, 0x44, 0x8b, 0x15, 0xc8, 0x64, 0x00, 0x00, 0x48, 0x89, 0xe8, 0x66, 0x0f, 0x6f, 0xc1, 0x90, 
0x0f, 0x29, 0x00, 0x48, 0x8d, 0x94, 0x24, 0x30, 0x01, 0x00, 0x00, 0x48, 0x83, 0xc0, 0x20, 0x0f, 
0x29, 0x40, 0xf0, 0x48, 0x39, 0xc2, 0x75, 0xe8, 0x48, 0xb8, 0x0c, 0x03, 0x00, 0x00, 0x1e, 0x00, 
0x00, 0x00, 0x44, 0x89, 0x64, 0x24, 0x34, 0xc7, 0x44, 0x24, 0x30, 0x10, 0x00, 0x00, 0x00, 0x48, 
0xc7, 0x44, 0x24, 0x38, 0x00, 0x00, 0x00, 0x00, 0x48, 0x89, 0x44, 0x24, 0x40, 0xc7, 0x44, 0x24, 
0x48, 0x22, 0x1b, 0x1c, 0x00, 0x45, 0x85, 0xd2, 0x78, 0x20, 0x44, 0x89, 0xd7, 0xb8, 0x01, 0x00, 
0x00, 0x00, 0xba, 0x00, 0x01, 0x00, 0x00, 0x48, 0x89, 0xee, 0x0f, 0x05, 0x44, 0x8b, 0x25, 0x1d, 
0x26, 0x01, 0x00, 0x44, 0x8b, 0x15, 0x56, 0x64, 0x00, 0x00, 0x48, 0x89, 0xe8, 0x66, 0x0f, 0x6f, 
0xc1, 0x0f, 0x1f, 0x40, 0x00, 0x66, 0x66, 0x2e, 0x0f, 0x1f, 0x84, 0x00, 0x00, 0x00, 0x00, 0x00, 
0x0f, 0x29, 0x00, 0x48, 0x8d, 0xb4, 0x24, 0x30, 0x01, 0x00, 0x00, 0x48, 0x83, 0xc0, 0x20, 0x0f, 
0x29, 0x40, 0xf0, 0x48, 0x39, 0xf0, 0x75, 0xe8, 0x48, 0xb8, 0x08, 0x00, 0x00, 0x00, 0x02, 0x00, 
0x00, 0x00, 0xc7, 0x44, 0x24, 0x30, 0x10, 0x00, 0x00, 0x00, 0x48, 0x89, 0x44, 0x24, 0x38, 0x48, 
0xb8, 0x04, 0x01, 0x00, 0x00, 0x1c, 0x00, 0x00, 0x00, 0x44, 0x89, 0x64, 0x24, 0x34, 0x48, 0x89, 
0x44, 0x24, 0x40, 0xc7, 0x44, 0x24, 0x48, 0x33, 0x2a, 0x2b, 0x00, 0x45, 0x85, 0xd2, 0x78, 0x20, 
0x44, 0x89, 0xd7, 0xb8, 0x01, 0x00, 0x00, 0x00, 0xba, 0x00, 0x01, 0x00, 0x00, 0x48, 0x89, 0xee, 
0x0f, 0x05, 0x44, 0x8b, 0x25, 0x97, 0x25, 0x01, 0x00, 0x44, 0x8b, 0x15, 0xd0, 0x63, 0x00, 0x00, 
0x48, 0x89, 0xe8, 0x66, 0x0f, 0x6f, 0xc1, 0x66, 0x0f, 0x1f, 0x84, 0x00, 0x00, 0x00, 0x00, 0x00, 
0x0f, 0x29, 0x00, 0x48, 0x8d, 0x9c, 0x24, 0x30, 0x01, 0x00, 0x00, 0x48, 0x83, 0xc0, 0x20, 0x0f, 
0x29, 0x40, 0xf0, 0x48, 0x39, 0xd8, 0x75, 0xe8, 0x66, 0x0f, 0x6f, 0x05, 0x00, 0x50, 0x00, 0x00, 
0xc7, 0x44, 0x24, 0x30, 0x12, 0x00, 0x00, 0x00, 0x44, 0x89, 0x64, 0x24, 0x34, 0xc7, 0x44, 0x24, 
0x48, 0x39, 0x71, 0xff, 0x00, 0x0f, 0x11, 0x44, 0x24, 0x38, 0x45, 0x85, 0xd2, 0x78, 0x20, 0x44, 
0x89, 0xd7, 0xb8, 0x01, 0x00, 0x00, 0x00, 0xba, 0x00, 0x01, 0x00, 0x00, 0x48, 0x89, 0xee, 0x0f, 
0x05, 0x44, 0x8b, 0x25, 0x28, 0x25, 0x01, 0x00, 0x44, 0x8b, 0x15, 0x61, 0x63, 0x00, 0x00, 0x31, 
0xc0, 0x66, 0x0f, 0x1f, 0x84, 0x00, 0x00, 0x00, 0x00, 0x00, 0x66, 0x66, 0x2e, 0x0f, 0x1f, 0x84, 
0x00, 0x00, 0x00, 0x00, 0x00, 0x66, 0x66, 0x2e, 0x0f, 0x1f, 0x84, 0x00, 0x00, 0x00, 0x00, 0x00, 
0x0f, 0xb6, 0x90, 0xa0, 0x70, 0x40, 0x00, 0x84, 0xd2, 0x0f, 0x84, 0x21, 0x0e, 0x00, 0x00, 0x88, 
0x14, 0x04, 0x48, 0x83, 0xc0, 0x01, 0x48, 0x83, 0xf8, 0x18, 0x75, 0xe4, 0xb9, 0x39, 0x71, 0xff, 
0x00, 0xba, 0xfa, 0x50, 0x40, 0x00, 0xbe, 0x08, 0x00, 0x00, 0x00, 0xbf, 0x10, 0x00, 0x00, 0x00, 
0xc6, 0x44, 0x24, 0x18, 0x00, 0xe8, 0x56, 0xf2, 0xff, 0xff, 0xb9, 0xff, 0xff, 0xff, 0x00, 0x48, 
0x89, 0xe2, 0xbe, 0x08, 0x00, 0x00, 0x00, 0xbf, 0x34, 0x00, 0x00, 0x00, 0xe8, 0x3f, 0xf2, 0xff, 
0xff, 0xb9, 0x99, 0x99, 0x99, 0x00, 0xba, 0xdf, 0x50, 0x40, 0x00, 0xbe, 0x08, 0x00, 0x00, 0x00, 
0xbf, 0xfa, 0x00, 0x00, 0x00, 0xe8, 0x26, 0xf2, 0xff, 0xff, 0xb9, 0xaa, 0xaa, 0xaa, 0x00, 0xba, 
0xff, 0x50, 0x40, 0x00, 0xbe, 0x08, 0x00, 0x00, 0x00, 0xbf, 0x16, 0x01, 0x00, 0x00, 0xe8, 0x0d, 
0xf2, 0xff, 0xff, 0x48, 0x89, 0xe8, 0x66, 0x0f, 0x6f, 0xc1, 0x66, 0x66, 0x2e, 0x0f, 0x1f, 0x84, 
0x00, 0x00, 0x00, 0x00, 0x00, 0x66, 0x66, 0x2e, 0x0f, 0x1f, 0x84, 0x00, 0x00, 0x00, 0x00, 0x00, 
0x0f, 0x29, 0x00, 0x48, 0x8d, 0x94, 0x24, 0x30, 0x01, 0x00, 0x00, 0x48, 0x83, 0xc0, 0x20, 0x0f, 
0x29, 0x40, 0xf0, 0x48, 0x39, 0xd0, 0x75, 0xe8, 0x48, 0xb8, 0x00, 0x00, 0x00, 0x00, 0x1e, 0x00, 
0x00, 0x00, 0xc7, 0x44, 0x24, 0x30, 0x10, 0x00, 0x00, 0x00, 0x48, 0x89, 0x44, 0x24, 0x38, 0x48, 
0xb8, 0x0c, 0x03, 0x00, 0x00, 0x26, 0x00, 0x00, 0x00, 0x44, 0x89, 0x64, 0x24, 0x34, 0x48, 0x89, 
0x44, 0x24, 0x40, 0xc7, 0x44, 0x24, 0x48, 0x33, 0x2a, 0x2b, 0x00, 0x45, 0x85, 0xd2, 0x78, 0x20, 
0x44, 0x89, 0xd7, 0xb8, 0x01, 0x00, 0x00, 0x00, 0xba, 0x00, 0x01, 0x00, 0x00, 0x48, 0x89, 0xee, 
0x0f, 0x05, 0x44, 0x8b, 0x25, 0xf7, 0x23, 0x01, 0x00, 0x44, 0x8b, 0x15, 0x30, 0x62, 0x00, 0x00, 
0x48, 0x89, 0xe8, 0x66, 0x0f, 0x6f, 0xc1, 0x66, 0x0f, 0x1f, 0x84, 0x00, 0x00, 0x00, 0x00, 0x00, 
0x0f, 0x29, 0x00, 0x48, 0x8d, 0xb4, 0x24, 0x30, 0x01, 0x00, 0x00, 0x48, 0x83, 0xc0, 0x20, 0x0f, 
0x29, 0x40, 0xf0, 0x48, 0x39, 0xf0, 0x75, 0xe8, 0x66, 0x0f, 0x6f, 0x05, 0x70, 0x4e, 0x00, 0x00, 
0xc7, 0x44, 0x24, 0x30, 0x12, 0x00, 0x00, 0x00, 0x44, 0x89, 0x64, 0x24, 0x34, 0xc7, 0x44, 0x24, 
0x48, 0x42, 0x37, 0x38, 0x00, 0x0f, 0x11, 0x44, 0x24, 0x38, 0x45, 0x85, 0xd2, 0x78, 0x20, 0x44, 
0x89, 0xd7, 0xb8, 0x01, 0x00, 0x00, 0x00, 0xba, 0x00, 0x01, 0x00, 0x00, 0x48, 0x89, 0xee, 0x0f, 
0x05, 0x44, 0x8b, 0x25, 0x88, 0x23, 0x01, 0x00, 0x44, 0x8b, 0x15, 0xc1, 0x61, 0x00, 0x00, 0x48, 
0x89, 0xe8, 0x66, 0x0f, 0x6f, 0xc1, 0x0f, 0x1f, 0x40, 0x00, 0x66, 0x66, 0x2e, 0x0f, 0x1f, 0x84, 
0x00, 0x00, 0x00, 0x00, 0x00, 0x66, 0x66, 0x2e, 0x0f, 0x1f, 0x84, 0x00, 0x00, 0x00, 0x00, 0x00, 
0x0f, 0x29, 0x00, 0x48, 0x8d, 0x9c, 0x24, 0x30, 0x01, 0x00, 0x00, 0x48, 0x83, 0xc0, 0x20, 0x0f, 
0x29, 0x40, 0xf0, 0x48, 0x39, 0xd8, 0x75, 0xe8, 0x49, 0xb8, 0x08, 0x00, 0x00, 0x00, 0x23, 0x00, 
0x00, 0x00, 0xc7, 0x44, 0x24, 0x30, 0x10, 0x00, 0x00, 0x00, 0x48, 0xbb, 0x1a, 0x00, 0x00, 0x00, 
0x1a, 0x00, 0x00, 0x00, 0x44, 0x89, 0x64, 0x24, 0x34, 0x4c, 0x89, 0x44, 0x24, 0x38, 0x48, 0x89, 
0x5c, 0x24, 0x40, 0xc7, 0x44, 0x24, 0x48, 0x42, 0x37, 0x38, 0x00, 0x45, 0x85, 0xd2, 0x78, 0x20, 
0x44, 0x89, 0xd7, 0xb8, 0x01, 0x00, 0x00, 0x00, 0xba, 0x00, 0x01, 0x00, 0x00, 0x48, 0x89, 0xee, 
0x0f, 0x05, 0x44, 0x8b, 0x25, 0xf7, 0x22, 0x01, 0x00, 0x44, 0x8b, 0x15, 0x30, 0x61, 0x00, 0x00, 
0x48, 0x89, 0xe8, 0x66, 0x0f, 0x6f, 0xc1, 0x66, 0x0f, 0x1f, 0x84, 0x00, 0x00, 0x00, 0x00, 0x00, 
0x0f, 0x29, 0x00, 0x48, 0x8d, 0x8c, 0x24, 0x30, 0x01, 0x00, 0x00, 0x48, 0x83, 0xc0, 0x20, 0x0f, 
0x29, 0x40, 0xf0, 0x48, 0x39, 0xc1, 0x75, 0xe8, 0xc7, 0x44, 0x24, 0x30, 0x11, 0x00, 0x00, 0x00, 
0x44, 0x89, 0x64, 0x24, 0x34, 0x4c, 0x89, 0x44, 0x24, 0x38, 0x48, 0x89, 0x5c, 0x24, 0x40, 0xc7, 
0x44, 0x24, 0x48, 0x56, 0x49, 0x4a, 0x00, 0x45, 0x85, 0xd2, 0x78, 0x20, 0x44, 0x89, 0xd7, 0xb8, 
0x01, 0x00, 0x00, 0x00, 0xba, 0x00, 0x01, 0x00, 0x00, 0x48, 0x89, 0xee, 0x0f, 0x05, 0x44, 0x8b, 
0x25, 0x8b, 0x22, 0x01, 0x00, 0x44, 0x8b, 0x15, 0xc4, 0x60, 0x00, 0x00, 0x8b, 0x3d, 0xde, 0x5d, 
0x00, 0x00, 0xb8, 0xf0, 0xe8, 0xe2, 0x00, 0xb9, 0x66, 0x66, 0x66, 0x00, 0xba, 0x01, 0x51, 0x40, 
0x00, 0xbe, 0x28, 0x00, 0x00, 0x00, 0x85, 0xff, 0xbf, 0x10, 0x00, 0x00, 0x00, 0x0f, 0x4f, 0xc8, 
0xe8, 0xeb, 0xef, 0xff, 0xff, 0x48, 0x89, 0xe8, 0x66, 0x0f, 0x6f, 0xc1, 0x66, 0x0f, 0x1f, 0x84, 
0x00, 0x00, 0x00, 0x00, 0x00, 0x66, 0x66, 0x2e, 0x0f, 0x1f, 0x84, 0x00, 0x00, 0x00, 0x00, 0x00, 
0x0f, 0x29, 0x00, 0x48, 0x8d, 0x94, 0x24, 0x30, 0x01, 0x00, 0x00, 0x48, 0x83, 0xc0, 0x20, 0x0f, 
0x29, 0x40, 0xf0, 0x48, 0x39, 0xd0, 0x75, 0xe8, 0x49, 0xb8, 0x26, 0x00, 0x00, 0x00, 0x23, 0x00, 
0x00, 0x00, 0xc7, 0x44, 0x24, 0x30, 0x10, 0x00, 0x00, 0x00, 0x44, 0x89, 0x64, 0x24, 0x34, 0x4c, 
0x89, 0x44, 0x24, 0x38, 0x48, 0x89, 0x5c, 0x24, 0x40, 0xc7, 0x44, 0x24, 0x48, 0x42, 0x37, 0x38, 
0x00, 0x45, 0x85, 0xd2, 0x78, 0x20, 0x44, 0x89, 0xd7, 0xb8, 0x01, 0x00, 0x00, 0x00, 0xba, 0x00, 
0x01, 0x00, 0x00, 0x48, 0x89, 0xee, 0x0f, 0x05, 0x44, 0x8b, 0x25, 0xe1, 0x21, 0x01, 0x00, 0x44, 
0x8b, 0x15, 0x1a, 0x60, 0x00, 0x00, 0x48, 0x89, 0xe8, 0x66, 0x0f, 0x6f, 0xc1, 0x0f, 0x1f, 0x84, 
0x00, 0x00, 0x00, 0x00, 0x00, 0x66, 0x66, 0x2e, 0x0f, 0x1f, 0x84, 0x00, 0x00, 0x00, 0x00, 0x00, 
0x0f, 0x29, 0x00, 0x48, 0x8d, 0xb4, 0x24, 0x30, 0x01, 0x00, 0x00, 0x48, 0x83, 0xc0, 0x20, 0x0f, 
0x29, 0x40, 0xf0, 0x48, 0x39, 0xf0, 0x75, 0xe8, 0xc7, 0x44, 0x24, 0x30, 0x11, 0x00, 0x00, 0x00, 
0x44, 0x89, 0x64, 0x24, 0x34, 0x4c, 0x89, 0x44, 0x24, 0x38, 0x48, 0x89, 0x5c, 0x24, 0x40, 0xc7, 
0x44, 0x24, 0x48, 0x56, 0x49, 0x4a, 0x00, 0x45, 0x85, 0xd2, 0x78, 0x20, 0x44, 0x89, 0xd7, 0xb8, 
0x01, 0x00, 0x00, 0x00, 0xba, 0x00, 0x01, 0x00, 0x00, 0x48, 0x89, 0xee, 0x0f, 0x05, 0x44, 0x8b, 
0x25, 0x6b, 0x21, 0x01, 0x00, 0x44, 0x8b, 0x15, 0xa4, 0x5f, 0x00, 0x00, 0x8b, 0x05, 0xd6, 0x5f, 
0x00, 0x00, 0xb9, 0x66, 0x66, 0x66, 0x00, 0xba, 0x03, 0x51, 0x40, 0x00, 0xbe, 0x28, 0x00, 0x00, 
0x00, 0xbf, 0x2e, 0x00, 0x00, 0x00, 0x83, 0xe8, 0x01, 0x3b, 0x05, 0xa1, 0x5c, 0x00, 0x00, 0xb8, 
0xf0, 0xe8, 0xe2, 0x00, 0x0f, 0x4f, 0xc8, 0xe8, 0xc4, 0xee, 0xff, 0xff, 0x48, 0x89, 0xe8, 0x66, 
0x0f, 0x6f, 0xc1, 0x66, 0x90, 0x66, 0x66, 0x2e, 0x0f, 0x1f, 0x84, 0x00, 0x00, 0x00, 0x00, 0x00, 
0x0f, 0x29, 0x00, 0x48, 0x8d, 0x8c, 0x24, 0x30, 0x01, 0x00, 0x00, 0x48, 0x83, 0xc0, 0x20, 0x0f, 
0x29, 0x40, 0xf0, 0x48, 0x39, 0xc1, 0x75, 0xe8, 0x49, 0xb8, 0x44, 0x00, 0x00, 0x00, 0x23, 0x00, 
0x00, 0x00, 0xc7, 0x44, 0x24, 0x30, 0x10, 0x00, 0x00, 0x00, 0x44, 0x89, 0x64, 0x24, 0x34, 0x4c, 
0x89, 0x44, 0x24, 0x38, 0x48, 0x89, 0x5c, 0x24, 0x40, 0xc7, 0x44, 0x24, 0x48, 0x42, 0x37, 0x38, 
0x00, 0x45, 0x85, 0xd2, 0x78, 0x20, 0x44, 0x89, 0xd7, 0xb8, 0x01, 0x00, 0x00, 0x00, 0xba, 0x00, 
0x01, 0x00, 0x00, 0x48, 0x89, 0xee, 0x0f, 0x05, 0x44, 0x8b, 0x25, 0xc1, 0x20, 0x01, 0x00, 0x44, 
0x8b, 0x15, 0xfa, 0x5e, 0x00, 0x00, 0x48, 0x89, 0xe8, 0x66, 0x0f, 0x6f, 0xc1, 0x0f, 0x1f, 0x84, 
0x00, 0x00, 0x00, 0x00, 0x00, 0x66, 0x66, 0x2e, 0x0f, 0x1f, 0x84, 0x00, 0x00, 0x00, 0x00, 0x00, 
0x0f, 0x29, 0x00, 0x48, 0x8d, 0xbc, 0x24, 0x30, 0x01, 0x00, 0x00, 0x48, 0x83, 0xc0, 0x20, 0x0f, 
0x29, 0x40, 0xf0, 0x48, 0x39, 0xf8, 0x75, 0xe8, 0xc7, 0x44, 0x24, 0x30, 0x11, 0x00, 0x00, 0x00, 
0x44, 0x89, 0x64, 0x24, 0x34, 0x4c, 0x89, 0x44, 0x24, 0x38, 0x48, 0x89, 0x5c, 0x24, 0x40, 0xc7, 
0x44, 0x24, 0x48, 0x56, 0x49, 0x4a, 0x00, 0x45, 0x85, 0xd2, 0x78, 0x20, 0x44, 0x89, 0xd7, 0xb8, 
0x01, 0x00, 0x00, 0x00, 0xba, 0x00, 0x01, 0x00, 0x00, 0x48, 0x89, 0xee, 0x0f, 0x05, 0x44, 0x8b, 
0x25, 0x4b, 0x20, 0x01, 0x00, 0x44, 0x8b, 0x15, 0x84, 0x5e, 0x00, 0x00, 0xb9, 0xf0, 0xe8, 0xe2, 
0x00, 0xba, 0x05, 0x51, 0x40, 0x00, 0xbe, 0x28, 0x00, 0x00, 0x00, 0xbf, 0x4c, 0x00, 0x00, 0x00, 
0xe8, 0xbb, 0xed, 0xff, 0xff, 0x48, 0x89, 0xe8, 0x66, 0x0f, 0x6f, 0xc1, 0x0f, 0x1f, 0x40, 0x00, 
0x0f, 0x29, 0x00, 0x48, 0x8d, 0x94, 0x24, 0x30, 0x01, 0x00, 0x00, 0x48, 0x83, 0xc0, 0x20, 0x0f, 
0x29, 0x40, 0xf0, 0x48, 0x39, 0xc2, 0x75, 0xe8, 0x49, 0xb8, 0x62, 0x00, 0x00, 0x00, 0x23, 0x00, 
0x00, 0x00, 0xc7, 0x44, 0x24, 0x30, 0x10, 0x00, 0x00, 0x00, 0x44, 0x89, 0x64, 0x24, 0x34, 0x4c, 
0x89, 0x44, 0x24, 0x38, 0x48, 0x89, 0x5c, 0x24, 0x40, 0xc7, 0x44, 0x24, 0x48, 0x42, 0x37, 0x38, 
0x00, 0x45, 0x85, 0xd2, 0x78, 0x20, 0x44, 0x89, 0xd7, 0xb8, 0x01, 0x00, 0x00, 0x00, 0xba, 0x00, 
0x01, 0x00, 0x00, 0x48, 0x89, 0xee, 0x0f, 0x05, 0x44, 0x8b, 0x25, 0xc1, 0x1f, 0x01, 0x00, 0x44, 
0x8b, 0x15, 0xfa, 0x5d, 0x00, 0x00, 0x48, 0x89, 0xe8, 0x66, 0x0f, 0x6f, 0xc1, 0x0f, 0x1f, 0x84, 
0x00, 0x00, 0x00, 0x00, 0x00, 0x66, 0x66, 0x2e, 0x0f, 0x1f, 0x84, 0x00, 0x00, 0x00, 0x00, 0x00, 
0x0f, 0x29, 0x00, 0x48, 0x8d, 0xb4, 0x24, 0x30, 0x01, 0x00, 0x00, 0x48, 0x83, 0xc0, 0x20, 0x0f, 
0x29, 0x40, 0xf0, 0x48, 0x39, 0xf0, 0x75, 0xe8, 0xc7, 0x44, 0x24, 0x30, 0x11, 0x00, 0x00, 0x00, 
0x44, 0x89, 0x64, 0x24, 0x34, 0x4c, 0x89, 0x44, 0x24, 0x38, 0x48, 0x89, 0x5c, 0x24, 0x40, 0xc7, 
0x44, 0x24, 0x48, 0x56, 0x49, 0x4a, 0x00, 0x45, 0x85, 0xd2, 0x78, 0x20, 0x44, 0x89, 0xd7, 0xb8, 
0x01, 0x00, 0x00, 0x00, 0xba, 0x00, 0x01, 0x00, 0x00, 0x48, 0x89, 0xee, 0x0f, 0x05, 0x44, 0x8b, 
0x25, 0x4b, 0x1f, 0x01, 0x00, 0x44, 0x8b, 0x15, 0x84, 0x5d, 0x00, 0x00, 0xb9, 0xf0, 0xe8, 0xe2, 
0x00, 0xba, 0x07, 0x51, 0x40, 0x00, 0xbe, 0x28, 0x00, 0x00, 0x00, 0xbf, 0x6a, 0x00, 0x00, 0x00, 
0xe8, 0xbb, 0xec, 0xff, 0xff, 0x48, 0x89, 0xe8, 0x66, 0x0f, 0x6f, 0xc1, 0x0f, 0x1f, 0x40, 0x00, 
0x0f, 0x29, 0x00, 0x48, 0x8d, 0x9c, 0x24, 0x30, 0x01, 0x00, 0x00, 0x48, 0x83, 0xc0, 0x20, 0x0f, 
0x29, 0x40, 0xf0, 0x48, 0x39, 0xc3, 0x75, 0xe8, 0x49, 0xb9, 0x84, 0x00, 0x00, 0x00, 0x23, 0x00, 
0x00, 0x00, 0xc7, 0x44, 0x24, 0x30, 0x10, 0x00, 0x00, 0x00, 0x49, 0xb8, 0x56, 0x02, 0x00, 0x00, 
0x1a, 0x00, 0x00, 0x00, 0x44, 0x89, 0x64, 0x24, 0x34, 0x4c, 0x89, 0x4c, 0x24, 0x38, 0x4c, 0x89, 
0x44, 0x24, 0x40, 0xc7, 0x44, 0x24, 0x48, 0x22, 0x1b, 0x1c, 0x00, 0x45, 0x85, 0xd2, 0x78, 0x20, 
0x44, 0x89, 0xd7, 0xb8, 0x01, 0x00, 0x00, 0x00, 0xba, 0x00, 0x01, 0x00, 0x00, 0x48, 0x89, 0xee, 
0x0f, 0x05, 0x44, 0x8b, 0x25, 0xb7, 0x1e, 0x01, 0x00, 0x44, 0x8b, 0x15, 0xf0, 0x5c, 0x00, 0x00, 
0x83, 0x3d, 0x29, 0x6d, 0x00, 0x00, 0x01, 0x48, 0x89, 0xe8, 0x66, 0x0f, 0x6f, 0xc1, 0x19, 0xd2, 
0x81, 0xe2, 0x6e, 0xe0, 0x41, 0x00, 0x81, 0xc2, 0xdf, 0x60, 0x00, 0x00, 0x66, 0x0f, 0x1f, 0x84, 
0x00, 0x00, 0x00, 0x00, 0x00, 0x66, 0x66, 0x2e, 0x0f, 0x1f, 0x84, 0x00, 0x00, 0x00, 0x00, 0x00, 
0x0f, 0x29, 0x00, 0x48, 0x8d, 0x9c, 0x24, 0x30, 0x01, 0x00, 0x00, 0x48, 0x83, 0xc0, 0x20, 0x0f, 
0x29, 0x40, 0xf0, 0x48, 0x39, 0xc3, 0x75, 0xe8, 0xc7, 0x44, 0x24, 0x30, 0x11, 0x00, 0x00, 0x00, 
0x44, 0x89, 0x64, 0x24, 0x34, 0x4c, 0x89, 0x4c, 0x24, 0x38, 0x4c, 0x89, 0x44, 0x24, 0x40, 0x89, 
0x54, 0x24, 0x48, 0x45, 0x85, 0xd2, 0x78, 0x20, 0x44, 0x89, 0xd7, 0xb8, 0x01, 0x00, 0x00, 0x00, 
0xba, 0x00, 0x01, 0x00, 0x00, 0x48, 0x89, 0xee, 0x0f, 0x05, 0x44, 0x8b, 0x25, 0x2f, 0x1e, 0x01, 
0x00, 0x44, 0x8b, 0x15, 0x68, 0x5c, 0x00, 0x00, 0xb9, 0xff, 0xdd, 0x00, 0x00, 0xba, 0x09, 0x51, 
0x40, 0x00, 0xbe, 0x28, 0x00, 0x00, 0x00, 0xbf, 0x8c, 0x00, 0x00, 0x00, 0xe8, 0x9f, 0xeb, 0xff, 
0xff, 0xb9, 0xfe, 0xfb, 0xfb, 0x00, 0xba, 0xe0, 0x70, 0x40, 0x00, 0xbe, 0x28, 0x00, 0x00, 0x00, 
0xbf, 0xa8, 0x00, 0x00, 0x00, 0xe8, 0x86, 0xeb, 0xff, 0xff, 0xb9, 0x00, 0xaa, 0xff, 0x00, 0xba, 
0x0d, 0x51, 0x40, 0x00, 0xbe, 0x28, 0x00, 0x00, 0x00, 0xbf, 0xb0, 0x02, 0x00, 0x00, 0xe8, 0x6d, 
0xeb, 0xff, 0xff, 0xb9, 0x99, 0x99, 0x99, 0x00, 0xba, 0x0f, 0x51, 0x40, 0x00, 0xbe, 0x28, 0x00, 
0x00, 0x00, 0xbf, 0xc6, 0x02, 0x00, 0x00, 0xe8, 0x54, 0xeb, 0xff, 0xff, 0xb9, 0xcc, 0xcc, 0xcc, 
0x00, 0xba, 0x11, 0x51, 0x40, 0x00, 0xbe, 0x28, 0x00, 0x00, 0x00, 0xbf, 0xec, 0x02, 0x00, 0x00, 
0xe8, 0x3b, 0xeb, 0xff, 0xff, 0x48, 0x89, 0xe8, 0x66, 0x0f, 0x6f, 0xc1, 0x0f, 0x1f, 0x40, 0x00, 
0x0f, 0x29, 0x00, 0x48, 0x8d, 0x8c, 0x24, 0x30, 0x01, 0x00, 0x00, 0x48, 0x83, 0xc0, 0x20, 0x0f, 
0x29, 0x40, 0xf0, 0x48, 0x39, 0xc1, 0x75, 0xe8, 0x48, 0xb8, 0x00, 0x00, 0x00, 0x00, 0x44, 0x00, 
0x00, 0x00, 0xc7, 0x44, 0x24, 0x30, 0x10, 0x00, 0x00, 0x00, 0x48, 0x89, 0x44, 0x24, 0x38, 0x48, 
0xb8, 0x0c, 0x03, 0x00, 0x00, 0x18, 0x00, 0x00, 0x00, 0x44, 0x89, 0x64, 0x24, 0x34, 0x48, 0x89, 
0x44, 0x24, 0x40, 0xc7, 0x44, 0x24, 0x48, 0x33, 0x2a, 0x2b, 0x00, 0x45, 0x85, 0xd2, 0x78, 0x20, 
0x44, 0x89, 0xd7, 0xb8, 0x01, 0x00, 0x00, 0x00, 0xba, 0x00, 0x01, 0x00, 0x00, 0x48, 0x89, 0xee, 
0x0f, 0x05, 0x44, 0x8b, 0x25, 0x37, 0x1d, 0x01, 0x00, 0x44, 0x8b, 0x15, 0x70, 0x5b, 0x00, 0x00, 
0x48, 0x89, 0xe8, 0x66, 0x0f, 0x6f, 0xc1, 0x66, 0x0f, 0x1f, 0x84, 0x00, 0x00, 0x00, 0x00, 0x00, 
0x0f, 0x29, 0x00, 0x48, 0x8d, 0xbc, 0x24, 0x30, 0x01, 0x00, 0x00, 0x48, 0x83, 0xc0, 0x20, 0x0f, 
0x29, 0x40, 0xf0, 0x48, 0x39, 0xc7, 0x75, 0xe8, 0x66, 0x0f, 0x6f, 0x05, 0xc0, 0x47, 0x00, 0x00, 
0xc7, 0x44, 0x24, 0x30, 0x12, 0x00, 0x00, 0x00, 0x44, 0x89, 0x64, 0x24, 0x34, 0xc7, 0x44, 0x24, 
0x48, 0x42, 0x37, 0x38, 0x00, 0x0f, 0x11, 0x44, 0x24, 0x38, 0x45, 0x85, 0xd2, 0x78, 0x20, 0x44, 
0x89, 0xd7, 0xb8, 0x01, 0x00, 0x00, 0x00, 0xba, 0x00, 0x01, 0x00, 0x00, 0x48, 0x89, 0xee, 0x0f, 
0x05, 0x44, 0x8b, 0x25, 0xc8, 0x1c, 0x01, 0x00, 0x44, 0x8b, 0x15, 0x01, 0x5b, 0x00, 0x00, 0xb9, 
0x39, 0x71, 0xff, 0x00, 0xba, 0x13, 0x51, 0x40, 0x00, 0xbe, 0x48, 0x00, 0x00, 0x00, 0xbf, 0x0c, 
0x00, 0x00, 0x00, 0xe8, 0x38, 0xea, 0xff, 0xff, 0xb9, 0xcc, 0xcc, 0xcc, 0x00, 0xba, 0x21, 0x51, 
0x40, 0x00, 0xbe, 0x48, 0x00, 0x00, 0x00, 0xbf, 0x82, 0x00, 0x00, 0x00, 0xe8, 0x1f, 0xea, 0xff, 
0xff, 0xb9, 0xcc, 0xcc, 0xcc, 0x00, 0xba, 0x2a, 0x51, 0x40, 0x00, 0xbe, 0x48, 0x00, 0x00, 0x00, 
0xbf, 0xcd, 0x00, 0x00, 0x00, 0xe8, 0x06, 0xea, 0xff, 0xff, 0xb9, 0xcc, 0xcc, 0xcc, 0x00, 0xba, 
0x36, 0x51, 0x40, 0x00, 0xbe, 0x48, 0x00, 0x00, 0x00, 0xbf, 0x2a, 0x01, 0x00, 0x00, 0xe8, 0xed, 
0xe9, 0xff, 0xff, 0xb9, 0xff, 0xdd, 0x00, 0x00, 0xba, 0x43, 0x51, 0x40, 0x00, 0xbe, 0x48, 0x00, 
0x00, 0x00, 0xbf, 0x90, 0x01, 0x00, 0x00, 0xe8, 0xd4, 0xe9, 0xff, 0xff, 0x48, 0x89, 0xe8, 0x66, 
0x0f, 0x6f, 0xc1, 0x0f, 0x1f, 0x80, 0x00, 0x00, 0x00, 0x00, 0x66, 0x66, 0x2e, 0x0f, 0x1f, 0x84, 
0x00, 0x00, 0x00, 0x00, 0x00, 0x66, 0x66, 0x2e, 0x0f, 0x1f, 0x84, 0x00, 0x00, 0x00, 0x00, 0x00, 
0x0f, 0x29, 0x00, 0x48, 0x8d, 0x94, 0x24, 0x30, 0x01, 0x00, 0x00, 0x48, 0x83, 0xc0, 0x20, 0x0f, 
0x29, 0x40, 0xf0, 0x48, 0x39, 0xc2, 0x75, 0xe8, 0x48, 0xb8, 0x00, 0x00, 0x00, 0x00, 0x5c, 0x00, 
0x00, 0x00, 0xc7, 0x44, 0x24, 0x30, 0x10, 0x00, 0x00, 0x00, 0x48, 0x89, 0x44, 0x24, 0x38, 0x48, 
0xb8, 0x0c, 0x03, 0x00, 0x00, 0x96, 0x01, 0x00, 0x00, 0x44, 0x89, 0x64, 0x24, 0x34, 0x48, 0x89, 
0x44, 0x24, 0x40, 0xc7, 0x44, 0x24, 0x48, 0xff, 0xff, 0xff, 0x00, 0x45, 0x85, 0xd2, 0x78, 0x20, 
0x44, 0x89, 0xd7, 0xb8, 0x01, 0x00, 0x00, 0x00, 0xba, 0x00, 0x01, 0x00, 0x00, 0x48, 0x89, 0xee, 
0x0f, 0x05, 0x44, 0x8b, 0x25, 0xb7, 0x1b, 0x01, 0x00, 0x44, 0x8b, 0x15, 0xf0, 0x59, 0x00, 0x00, 
0x8b, 0x35, 0x6a, 0x81, 0x00, 0x00, 0x85, 0xf6, 0x0f, 0x8e, 0xd7, 0x00, 0x00, 0x00, 0x41, 0xb8, 
0x80, 0x9a, 0x40, 0x00, 0x45, 0x31, 0xc9, 0x66, 0x0f, 0x6f, 0xc1, 0xbb, 0x01, 0x00, 0x00, 0x00, 
0xba, 0x00, 0x01, 0x00, 0x00, 0x66, 0x66, 0x2e, 0x0f, 0x1f, 0x84, 0x00, 0x00, 0x00, 0x00, 0x00, 
0x4c, 0x8d, 0xac, 0x24, 0x30, 0x01, 0x00, 0x00, 0x41, 0x8b, 0x40, 0x04, 0x41, 0x8b, 0x70, 0x10, 
0x49, 0x29, 0xed, 0x4d, 0x8b, 0x58, 0x08, 0x41, 0x8b, 0x38, 0x41, 0x83, 0xe5, 0x10, 0x8d, 0x48, 
0x5c, 0x48, 0x89, 0xe8, 0x74, 0x1a, 0x48, 0x8d, 0x44, 0x24, 0x40, 0x4c, 0x8d, 0xac, 0x24, 0x30, 
0x01, 0x00, 0x00, 0x49, 0x39, 0xc5, 0x74, 0x20, 0x0f, 0x1f, 0x84, 0x00, 0x00, 0x00, 0x00, 0x00, 
0x0f, 0x29, 0x00, 0x4c, 0x8d, 0xac, 0x24, 0x30, 0x01, 0x00, 0x00, 0x48, 0x83, 0xc0, 0x20, 0x0f, 
0x29, 0x40, 0xf0, 0x49, 0x39, 0xc5, 0x75, 0xe8, 0xc7, 0x44, 0x24, 0x30, 0x10, 0x00, 0x00, 0x00, 
0x44, 0x89, 0x64, 0x24, 0x34, 0x89, 0x7c, 0x24, 0x38, 0x89, 0x4c, 0x24, 0x3c, 0x4c, 0x89, 0x5c, 
0x24, 0x40, 0x89, 0x74, 0x24, 0x48, 0x45, 0x85, 0xd2, 0x78, 0x19, 0x44, 0x89, 0xd7, 0x48, 0x89, 
0xd8, 0x48, 0x89, 0xee, 0x0f, 0x05, 0x44, 0x8b, 0x25, 0xf3, 0x1a, 0x01, 0x00, 0x44, 0x8b, 0x15, 
0x2c, 0x59, 0x00, 0x00, 0x41, 0x8b, 0x48, 0x14, 0x85, 0xc9, 0x0f, 0x85, 0x40, 0x02, 0x00, 0x00, 
0x41, 0x83, 0xc1, 0x01, 0x49, 0x83, 0xc0, 0x18, 0x44, 0x39, 0x0d, 0x91, 0x80, 0x00, 0x00, 0x0f, 
0x8f, 0x4b, 0xff, 0xff, 0xff, 0x8b, 0x0d, 0x65, 0x7b, 0x00, 0x00, 0x85, 0xc9, 0x0f, 0x8e, 0xe0, 
0x00, 0x00, 0x00, 0x41, 0xb8, 0x60, 0x95, 0x40, 0x00, 0x45, 0x31, 0xc9, 0x66, 0x0f, 0x6f, 0xc1, 
0xba, 0x00, 0x01, 0x00, 0x00, 0x66, 0x66, 0x2e, 0x0f, 0x1f, 0x84, 0x00, 0x00, 0x00, 0x00, 0x00, 
0x41, 0x8b, 0x48, 0x0c, 0x41, 0x8b, 0x40, 0x04, 0x66, 0x41, 0x0f, 0x6e, 0x58, 0x08, 0x66, 0x41, 
0x0f, 0x6e, 0x10, 0x83, 0xc1, 0x5c, 0x83, 0xc0, 0x5c, 0x41, 0x8b, 0x70, 0x10, 0x66, 0x0f, 0x6e, 
0xe1, 0x48, 0x8d, 0x8c, 0x24, 0x30, 0x01, 0x00, 0x00, 0x66, 0x0f, 0x6e, 0xe8, 0x48, 0x89, 0xe8, 
0x48, 0x29, 0xe9, 0x66, 0x0f, 0x62, 0xdc, 0x66, 0x0f, 0x62, 0xd5, 0x83, 0xe1, 0x10, 0x66, 0x0f, 
0x6c, 0xd3, 0x74, 0x1c, 0x48, 0x8d, 0x44, 0x24, 0x40, 0x48, 0x8d, 0x8c, 0x24, 0x30, 0x01, 0x00, 
0x00, 0x48, 0x39, 0xc1, 0x74, 0x22, 0x66, 0x2e, 0x0f, 0x1f, 0x84, 0x00, 0x00, 0x00, 0x00, 0x00, 
0x0f, 0x29, 0x00, 0x48, 0x8d, 0xbc, 0x24, 0x30, 0x01, 0x00, 0x00, 0x48, 0x83, 0xc0, 0x20, 0x0f, 
0x29, 0x40, 0xf0, 0x48, 0x39, 0xc7, 0x75, 0xe8, 0xc7, 0x44, 0x24, 0x30, 0x12, 0x00, 0x00, 0x00, 
0x44, 0x89, 0x64, 0x24, 0x34, 0x89, 0x74, 0x24, 0x48, 0x0f, 0x11, 0x54, 0x24, 0x38, 0x45, 0x85, 
0xd2, 0x78, 0x1b, 0x44, 0x89, 0xd7, 0xb8, 0x01, 0x00, 0x00, 0x00, 0x48, 0x89, 0xee, 0x0f, 0x05, 
0x44, 0x8b, 0x25, 0xf9, 0x19, 0x01, 0x00, 0x44, 0x8b, 0x15, 0x32, 0x58, 0x00, 0x00, 0x41, 0x83, 
0xc1, 0x01, 0x49, 0x83, 0xc0, 0x14, 0x44, 0x39, 0x0d, 0x83, 0x7a, 0x00, 0x00, 0x0f, 0x8f, 0x3d, 
0xff, 0xff, 0xff, 0x8b, 0x15, 0xb7, 0x85, 0x00, 0x00, 0x85, 0xd2, 0x0f, 0x8e, 0xcf, 0x01, 0x00, 
0x00, 0xbb, 0xa8, 0xa0, 0x40, 0x00, 0x45, 0x31, 0xed, 0xeb, 0x1d, 0x0f, 0x1f, 0x44, 0x00, 0x00, 
0x41, 0x83, 0xc5, 0x01, 0x48, 0x81, 0xc3, 0x94, 0x00, 0x00, 0x00, 0x44, 0x39, 0x2d, 0x8e, 0x85, 
0x00, 0x00, 0x0f, 0x8e, 0xa8, 0x01, 0x00, 0x00, 0x8b, 0x43, 0xfc, 0x8b, 0x8b, 0x80, 0x00, 0x00, 
0x00, 0x48, 0x89, 0xda, 0x8b, 0x7b, 0xf8, 0x8d, 0x70, 0x5c, 0xe8, 0x21, 0xe7, 0xff, 0xff, 0x8b, 
0x83, 0x88, 0x00, 0x00, 0x00, 0x85, 0xc0, 0x74, 0xc7, 0x80, 0x3b, 0x00, 0x0f, 0x84, 0x27, 0x03, 
0x00, 0x00, 0x31, 0xc0, 0x90, 0x66, 0x66, 0x2e, 0x0f, 0x1f, 0x84, 0x00, 0x00, 0x00, 0x00, 0x00, 
0x48, 0x83, 0xc0, 0x01, 0x80, 0x3c, 0x03, 0x00, 0x75, 0xf6, 0xc1, 0xe0, 0x03, 0x8b, 0x53, 0xfc, 
0x8b, 0x8b, 0x80, 0x00, 0x00, 0x00, 0x8d, 0x72, 0x6a, 0x8b, 0x53, 0xf8, 0x66, 0x0f, 0x6e, 0xde, 
0x01, 0xd0, 0x66, 0x0f, 0x6e, 0xd2, 0x48, 0x8d, 0x94, 0x24, 0x30, 0x01, 0x00, 0x00, 0x66, 0x0f, 
0x6e, 0xc0, 0x48, 0x29, 0xea, 0x66, 0x0f, 0x62, 0xd3, 0x48, 0x89, 0xe8, 0x66, 0x0f, 0x62, 0xc3, 
0x83, 0xe2, 0x10, 0x66, 0x0f, 0x6c, 0xd0, 0x66, 0x0f, 0x6f, 0xc1, 0x74, 0x23, 0x48, 0x8d, 0x44, 
0x24, 0x40, 0x48, 0x8d, 0xb4, 0x24, 0x30, 0x01, 0x00, 0x00, 0x48, 0x39, 0xc6, 0x74, 0x29, 0x66, 
0x0f, 0x1f, 0x44, 0x00, 0x00, 0x66, 0x66, 0x2e, 0x0f, 0x1f, 0x84, 0x00, 0x00, 0x00, 0x00, 0x00, 
0x0f, 0x29, 0x00, 0x48, 0x8d, 0xbc, 0x24, 0x30, 0x01, 0x00, 0x00, 0x48, 0x83, 0xc0, 0x20, 0x0f, 
0x29, 0x40, 0xf0, 0x48, 0x39, 0xc7, 0x75, 0xe8, 0xc7, 0x44, 0x24, 0x30, 0x12, 0x00, 0x00, 0x00, 
0x44, 0x89, 0x64, 0x24, 0x34, 0x89, 0x4c, 0x24, 0x48, 0x0f, 0x11, 0x54, 0x24, 0x38, 0x45, 0x85, 
0xd2, 0x0f, 0x88, 0x09, 0xff, 0xff, 0xff, 0x44, 0x89, 0xd7, 0xb8, 0x01, 0x00, 0x00, 0x00, 0xba, 
0x00, 0x01, 0x00, 0x00, 0x48, 0x89, 0xee, 0x0f, 0x05, 0x44, 0x8b, 0x25, 0xb0, 0x18, 0x01, 0x00, 
0x44, 0x8b, 0x15, 0xe9, 0x56, 0x00, 0x00, 0xe9, 0xe4, 0xfe, 0xff, 0xff, 0x0f, 0x1f, 0x40, 0x00, 
0x4c, 0x8d, 0xac, 0x24, 0x30, 0x01, 0x00, 0x00, 0x41, 0x8b, 0x40, 0x04, 0x4d, 0x8b, 0x58, 0x08, 
0x49, 0x29, 0xed, 0x41, 0x8b, 0x38, 0x41, 0x83, 0xe5, 0x10, 0x8d, 0x70, 0x5c, 0x48, 0x89, 0xe8, 
0x74, 0x1e, 0x48, 0x8d, 0x44, 0x24, 0x40, 0x4c, 0x8d, 0xac, 0x24, 0x30, 0x01, 0x00, 0x00, 0x49, 
0x39, 0xc5, 0x74, 0x24, 0x90, 0x66, 0x66, 0x2e, 0x0f, 0x1f, 0x84, 0x00, 0x00, 0x00, 0x00, 0x00, 
0x0f, 0x29, 0x00, 0x4c, 0x8d, 0xac, 0x24, 0x30, 0x01, 0x00, 0x00, 0x48, 0x83, 0xc0, 0x20, 0x0f, 
0x29, 0x40, 0xf0, 0x49, 0x39, 0xc5, 0x75, 0xe8, 0xc7, 0x44, 0x24, 0x30, 0x11, 0x00, 0x00, 0x00, 
0x44, 0x89, 0x64, 0x24, 0x34, 0x89, 0x7c, 0x24, 0x38, 0x89, 0x74, 0x24, 0x3c, 0x4c, 0x89, 0x5c, 
0x24, 0x40, 0x89, 0x4c, 0x24, 0x48, 0x45, 0x85, 0xd2, 0x0f, 0x88, 0x41, 0xfd, 0xff, 0xff, 0x44, 
0x89, 0xd7, 0x48, 0x89, 0xd8, 0x48, 0x89, 0xee, 0x0f, 0x05, 0x44, 0x8b, 0x25, 0x0f, 0x18, 0x01, 
0x00, 0x44, 0x8b, 0x15, 0x48, 0x56, 0x00, 0x00, 0xe9, 0x23, 0xfd, 0xff, 0xff, 0x0f, 0x1f, 0x00, 
0x48, 0x89, 0xe8, 0x66, 0x0f, 0x6f, 0xc1, 0x0f, 0x1f, 0x00, 0x66, 0x66, 0x2e, 0x0f, 0x1f, 0x84, 
0x00, 0x00, 0x00, 0x00, 0x00, 0x66, 0x66, 0x2e, 0x0f, 0x1f, 0x84, 0x00, 0x00, 0x00, 0x00, 0x00, 
0x0f, 0x29, 0x00, 0x48, 0x8d, 0xb4, 0x24, 0x30, 0x01, 0x00, 0x00, 0x48, 0x83, 0xc0, 0x20, 0x0f, 
0x29, 0x40, 0xf0, 0x48, 0x39, 0xc6, 0x75, 0xe8, 0x48, 0xb8, 0x00, 0x00, 0x00, 0x00, 0xf2, 0x01, 
0x00, 0x00, 0xc7, 0x44, 0x24, 0x30, 0x10, 0x00, 0x00, 0x00, 0x48, 0x89, 0x44, 0x24, 0x38, 0x48, 
0xb8, 0x0c, 0x03, 0x00, 0x00, 0x16, 0x00, 0x00, 0x00, 0x44, 0x89, 0x64, 0x24, 0x34, 0x48, 0x89, 
0x44, 0x24, 0x40, 0xc7, 0x44, 0x24, 0x48, 0x22, 0x1b, 0x1c, 0x00, 0x45, 0x85, 0xd2, 0x78, 0x20, 
0x44, 0x89, 0xd7, 0xb8, 0x01, 0x00, 0x00, 0x00, 0xba, 0x00, 0x01, 0x00, 0x00, 0x48, 0x89, 0xee, 
0x0f, 0x05, 0x44, 0x8b, 0x25, 0x77, 0x17, 0x01, 0x00, 0x44, 0x8b, 0x15, 0xb0, 0x55, 0x00, 0x00, 
0x48, 0x89, 0xe8, 0x66, 0x90, 0x66, 0x66, 0x2e, 0x0f, 0x1f, 0x84, 0x00, 0x00, 0x00, 0x00, 0x00, 
0x0f, 0x29, 0x08, 0x48, 0x8d, 0x9c, 0x24, 0x30, 0x01, 0x00, 0x00, 0x48, 0x83, 0xc0, 0x20, 0x0f, 
0x29, 0x48, 0xf0, 0x48, 0x39, 0xc3, 0x75, 0xe8, 0x66, 0x0f, 0x6f, 0x05, 0x10, 0x42, 0x00, 0x00, 
0xc7, 0x44, 0x24, 0x30, 0x12, 0x00, 0x00, 0x00, 0x44, 0x89, 0x64, 0x24, 0x34, 0xc7, 0x44, 0x24, 
0x48, 0x42, 0x37, 0x38, 0x00, 0x0f, 0x11, 0x44, 0x24, 0x38, 0x45, 0x85, 0xd2, 0x78, 0x12, 0x44, 
0x89, 0xd7, 0xb8, 0x01, 0x00, 0x00, 0x00, 0xba, 0x00, 0x01, 0x00, 0x00, 0x48, 0x89, 0xee, 0x0f, 
0x05, 0xb9, 0xa6, 0x9f, 0x9f, 0x00, 0xba, 0x20, 0x70, 0x40, 0x00, 0xbe, 0xf5, 0x01, 0x00, 0x00, 
0xbf, 0x0a, 0x00, 0x00, 0x00, 0xe8, 0x86, 0xe4, 0xff, 0xff, 0xb9, 0x39, 0x71, 0xff, 0x00, 0xba, 
0x52, 0x51, 0x40, 0x00, 0x48, 0x81, 0xc4, 0x38, 0x01, 0x00, 0x00, 0x5b, 0xbe, 0xf5, 0x01, 0x00, 
0x00, 0x5d, 0xbf, 0x80, 0x02, 0x00, 0x00, 0x41, 0x5c, 0x41, 0x5d, 0xe9, 0x60, 0xe4, 0xff, 0xff, 
0x48, 0x8d, 0x50, 0xf7, 0x48, 0x83, 0xfa, 0x0e, 0x76, 0x12, 0x0f, 0x11, 0x0c, 0x04, 0x48, 0x83, 
0xf8, 0x08, 0x0f, 0x84, 0xd4, 0xf1, 0xff, 0xff, 0x48, 0x83, 0xc0, 0x10, 0x48, 0x8d, 0x14, 0x04, 
0x48, 0x8d, 0x4c, 0x24, 0x18, 0xa8, 0x01, 0x74, 0x27, 0xc6, 0x02, 0x00, 0x48, 0x83, 0xc2, 0x01, 
0x48, 0x39, 0xd1, 0x0f, 0x84, 0xb3, 0xf1, 0xff, 0xff, 0x90, 0x66, 0x66, 0x2e, 0x0f, 0x1f, 0x84, 
0x00, 0x00, 0x00, 0x00, 0x00, 0x66, 0x66, 0x2e, 0x0f, 0x1f, 0x84, 0x00, 0x00, 0x00, 0x00, 0x00, 
0xc6, 0x02, 0x00, 0x48, 0x83, 0xc2, 0x02, 0xc6, 0x42, 0xff, 0x00, 0x48, 0x39, 0xd1, 0x0f, 0x84, 
0x88, 0xf1, 0xff, 0xff, 0xc6, 0x02, 0x00, 0x48, 0x83, 0xc2, 0x02, 0xc6, 0x42, 0xff, 0x00, 0x48, 
0x39, 0xd1, 0x75, 0xdc, 0xe9, 0x73, 0xf1, 0xff, 0xff, 0x31, 0xc0, 0xe9, 0xed, 0xfc, 0xff, 0xff, 
0x48, 0x85, 0xd2, 0x74, 0x1b, 0x31, 0xc0, 0x66, 0x0f, 0x1f, 0x84, 0x00, 0x00, 0x00, 0x00, 0x00, 
0x0f, 0xb6, 0x0c, 0x06, 0x88, 0x0c, 0x07, 0x48, 0x83, 0xc0, 0x01, 0x48, 0x39, 0xc2, 0x75, 0xf0, 
0x48, 0x89, 0xf8, 0xc3, 0x90, 0x66, 0x66, 0x2e, 0x0f, 0x1f, 0x84, 0x00, 0x00, 0x00, 0x00, 0x00, 
0x48, 0x89, 0xd1, 0x48, 0x85, 0xd2, 0x0f, 0x84, 0xa6, 0x00, 0x00, 0x00, 0x48, 0x8d, 0x42, 0xff, 
0x48, 0x83, 0xf8, 0x0e, 0x0f, 0x86, 0x9c, 0x00, 0x00, 0x00, 0x66, 0x0f, 0x6e, 0xc6, 0x48, 0x89, 
0xc8, 0x48, 0x89, 0xfa, 0x66, 0x0f, 0x60, 0xc0, 0x48, 0x83, 0xe0, 0xf0, 0x66, 0x0f, 0x61, 0xc0, 
0x4c, 0x8d, 0x04, 0x07, 0x66, 0x0f, 0x70, 0xc0, 0x00, 0xa8, 0x10, 0x74, 0x13, 0x48, 0x8d, 0x57, 
0x10, 0x0f, 0x11, 0x07, 0x4c, 0x39, 0xc2, 0x74, 0x17, 0x0f, 0x1f, 0x80, 0x00, 0x00, 0x00, 0x00, 
0x0f, 0x11, 0x02, 0x48, 0x83, 0xc2, 0x20, 0x0f, 0x11, 0x42, 0xf0, 0x4c, 0x39, 0xc2, 0x75, 0xf0, 
0x48, 0x39, 0xc1, 0x74, 0x4d, 0x48, 0x89, 0xc2, 0x40, 0x88, 0x34, 0x07, 0x48, 0x83, 0xc0, 0x01, 
0x48, 0xf7, 0xd2, 0x48, 0x01, 0xca, 0x48, 0x39, 0xc8, 0x73, 0x37, 0x83, 0xe2, 0x01, 0x74, 0x20, 
0x40, 0x88, 0x34, 0x07, 0x48, 0x83, 0xc0, 0x01, 0x48, 0x39, 0xc8, 0x73, 0x25, 0x0f, 0x1f, 0x84, 
0x00, 0x00, 0x00, 0x00, 0x00, 0x66, 0x66, 0x2e, 0x0f, 0x1f, 0x84, 0x00, 0x00, 0x00, 0x00, 0x00, 
0x40, 0x88, 0x34, 0x07, 0x40, 0x88, 0x74, 0x07, 0x01, 0x48, 0x83, 0xc0, 0x02, 0x48, 0x39, 0xc8, 
0x72, 0xee, 0x48, 0x89, 0xf8, 0xc3, 0x31, 0xc0, 0xeb, 0xab, 0x66, 0x0f, 0x1f, 0x44, 0x00, 0x00, 
0x48, 0x39, 0xf7, 0x73, 0x23, 0x48, 0x85, 0xd2, 0x74, 0x16, 0x31, 0xc0, 0x0f, 0x1f, 0x40, 0x00, 
0x0f, 0xb6, 0x0c, 0x06, 0x88, 0x0c, 0x07, 0x48, 0x83, 0xc0, 0x01, 0x48, 0x39, 0xc2, 0x75, 0xf0, 
0x48, 0x89, 0xf8, 0xc3, 0x0f, 0x1f, 0x40, 0x00, 0x48, 0x39, 0xfe, 0x73, 0xf3, 0x48, 0x85, 0xd2, 
0x74, 0xee, 0x0f, 0x1f, 0x00, 0x66, 0x66, 0x2e, 0x0f, 0x1f, 0x84, 0x00, 0x00, 0x00, 0x00, 0x00, 
0x48, 0x83, 0xea, 0x01, 0x0f, 0xb6, 0x04, 0x16, 0x88, 0x04, 0x17, 0x75, 0xf3, 0x48, 0x89, 0xf8, 
0xc3, 0x0f, 0x1f, 0x40, 0x00, 0x66, 0x66, 0x2e, 0x0f, 0x1f, 0x84, 0x00, 0x00, 0x00, 0x00, 0x00, 
0x31, 0xc0, 0x48, 0x85, 0xff, 0x75, 0x09, 0xc3, 0x0f, 0x1f, 0x84, 0x00, 0x00, 0x00, 0x00, 0x00, 
0x80, 0x3f, 0x00, 0x74, 0xf2, 0x66, 0x66, 0x2e, 0x0f, 0x1f, 0x84, 0x00, 0x00, 0x00, 0x00, 0x00, 
0x48, 0x83, 0xc0, 0x01, 0x80, 0x3c, 0x07, 0x00, 0x75, 0xf6, 0xc3, 0x0f, 0x1f, 0x44, 0x00, 0x00, 
0x0f, 0xb6, 0x06, 0x88, 0x07, 0x84, 0xc0, 0x74, 0x16, 0x31, 0xc0, 0x0f, 0x1f, 0x44, 0x00, 0x00, 
0x48, 0x83, 0xc0, 0x01, 0x0f, 0xb6, 0x14, 0x06, 0x88, 0x14, 0x07, 0x84, 0xd2, 0x75, 0xf1, 0x48, 
0x89, 0xf8, 0xc3, 0x66, 0x90, 0x66, 0x66, 0x2e, 0x0f, 0x1f, 0x84, 0x00, 0x00, 0x00, 0x00, 0x00, 
0x48, 0x89, 0xd1, 0x31, 0xc0, 0x48, 0x85, 0xd2, 0x75, 0x26, 0xe9, 0xc3, 0x00, 0x00, 0x00, 0x66, 
0x0f, 0x1f, 0x44, 0x00, 0x00, 0x66, 0x66, 0x2e, 0x0f, 0x1f, 0x84, 0x00, 0x00, 0x00, 0x00, 0x00, 
0x88, 0x14, 0x07, 0x48, 0x83, 0xc0, 0x01, 0x48, 0x39, 0xc1, 0x0f, 0x84, 0xa2, 0x00, 0x00, 0x00, 
0x0f, 0xb6, 0x14, 0x06, 0x84, 0xd2, 0x75, 0xe8, 0x48, 0x39, 0xc8, 0x0f, 0x83, 0x91, 0x00, 0x00, 
0x00, 0x48, 0x8d, 0x51, 0xff, 0x48, 0x29, 0xc2, 0x48, 0x83, 0xfa, 0x0e, 0x76, 0x4a, 0x49, 0x89, 
0xc9, 0x48, 0x8d, 0x14, 0x07, 0x66, 0x0f, 0xef, 0xc0, 0x49, 0x29, 0xc1, 0x4d, 0x89, 0xc8, 0x49, 
0x83, 0xe0, 0xf0, 0x4a, 0x8d, 0x34, 0x02, 0x41, 0xf6, 0xc0, 0x10, 0x74, 0x13, 0x0f, 0x11, 0x02, 
0x48, 0x83, 0xc2, 0x10, 0x48, 0x39, 0xf2, 0x74, 0x17, 0x0f, 0x1f, 0x80, 0x00, 0x00, 0x00, 0x00, 
0x0f, 0x11, 0x02, 0x48, 0x83, 0xc2, 0x20, 0x0f, 0x11, 0x42, 0xf0, 0x48, 0x39, 0xf2, 0x75, 0xf0, 
0x4d, 0x39, 0xc1, 0x74, 0x3d, 0x4c, 0x01, 0xc0, 0x48, 0x89, 0xc2, 0xc6, 0x04, 0x07, 0x00, 0x48, 
0x83, 0xc0, 0x01, 0x48, 0xf7, 0xd2, 0x48, 0x01, 0xca, 0x48, 0x39, 0xc8, 0x73, 0x24, 0x83, 0xe2, 
0x01, 0x74, 0x0d, 0xc6, 0x04, 0x07, 0x00, 0x48, 0x83, 0xc0, 0x01, 0x48, 0x39, 0xc8, 0x73, 0x12, 
0xc6, 0x04, 0x07, 0x00, 0xc6, 0x44, 0x07, 0x01, 0x00, 0x48, 0x83, 0xc0, 0x02, 0x48, 0x39, 0xc8, 
0x72, 0xee, 0x48, 0x89, 0xf8, 0xc3, 0x66, 0x2e, 0x0f, 0x1f, 0x84, 0x00, 0x00, 0x00, 0x00, 0x00, 
0x48, 0x85, 0xff, 0x75, 0x23, 0x48, 0x89, 0xf9, 0x31, 0xc0, 0x66, 0x0f, 0x1f, 0x44, 0x00, 0x00, 
0x0f, 0xb6, 0x14, 0x06, 0x88, 0x14, 0x01, 0x48, 0x83, 0xc0, 0x01, 0x84, 0xd2, 0x75, 0xf1, 0x48, 
0x89, 0xf8, 0xc3, 0x0f, 0x1f, 0x44, 0x00, 0x00, 0x80, 0x3f, 0x00, 0x74, 0xd8, 0x48, 0x8d, 0x47, 
0x01, 0x0f, 0x1f, 0x40, 0x00, 0x66, 0x66, 0x2e, 0x0f, 0x1f, 0x84, 0x00, 0x00, 0x00, 0x00, 0x00, 
0x48, 0x89, 0xc1, 0x48, 0x83, 0xc0, 0x01, 0x80, 0x78, 0xff, 0x00, 0x75, 0xf3, 0xeb, 0xb9, 0x90, 
0xeb, 0x1a, 0x0f, 0x1f, 0x00, 0x66, 0x66, 0x2e, 0x0f, 0x1f, 0x84, 0x00, 0x00, 0x00, 0x00, 0x00, 
0x38, 0x06, 0x75, 0x11, 0x48, 0x83, 0xc7, 0x01, 0x48, 0x83, 0xc6, 0x01, 0x0f, 0xb6, 0x07, 0x84, 
0xc0, 0x75, 0xed, 0x31, 0xc0, 0x0f, 0xb6, 0x16, 0x29, 0xd0, 0xc3, 0x0f, 0x1f, 0x44, 0x00, 0x00, 
0x49, 0x89, 0xf8, 0x31, 0xc0, 0x48, 0x89, 0xf7, 0x48, 0x89, 0xd6, 0x48, 0x85, 0xd2, 0x75, 0x15, 
0xeb, 0x2e, 0x66, 0x0f, 0x1f, 0x44, 0x00, 0x00, 0x84, 0xd2, 0x74, 0x24, 0x48, 0x83, 0xc0, 0x01, 
0x48, 0x39, 0xc6, 0x74, 0x1b, 0x41, 0x0f, 0xb6, 0x14, 0x00, 0x0f, 0xb6, 0x0c, 0x07, 0x38, 0xca, 
0x74, 0xe6, 0x0f, 0xb6, 0xc2, 0x29, 0xc8, 0xc3, 0x0f, 0x1f, 0x84, 0x00, 0x00, 0x00, 0x00, 0x00, 
0x31, 0xc0, 0xc3, 0x66, 0x90, 0x66, 0x66, 0x2e, 0x0f, 0x1f, 0x84, 0x00, 0x00, 0x00, 0x00, 0x00, 
0x0f, 0xb6, 0x17, 0x48, 0x89, 0xf8, 0x84, 0xd2, 0x75, 0x12, 0xeb, 0x1c, 0x0f, 0x1f, 0x40, 0x00, 
0x0f, 0xb6, 0x50, 0x01, 0x48, 0x83, 0xc0, 0x01, 0x84, 0xd2, 0x74, 0x0c, 0x40, 0x38, 0xd6, 0x75, 
0xef, 0xc3, 0x66, 0x0f, 0x1f, 0x44, 0x00, 0x00, 0x31, 0xd2, 0x85, 0xf6, 0x48, 0x0f, 0x45, 0xc2, 
0xc3, 0x0f, 0x1f, 0x40, 0x00, 0x66, 0x66, 0x2e, 0x0f, 0x1f, 0x84, 0x00, 0x00, 0x00, 0x00, 0x00, 
0x44, 0x0f, 0xb6, 0x06, 0x48, 0x89, 0xf8, 0x45, 0x84, 0xc0, 0x75, 0x08, 0xc3, 0x0f, 0x1f, 0x00, 
0x48, 0x83, 0xc7, 0x01, 0x0f, 0xb6, 0x07, 0x84, 0xc0, 0x74, 0x35, 0x41, 0x38, 0xc0, 0x75, 0xf0, 
0x0f, 0xb6, 0x17, 0x44, 0x89, 0xc1, 0x31, 0xc0, 0x84, 0xd2, 0x74, 0xe4, 0x0f, 0x1f, 0x40, 0x00, 
0x38, 0xd1, 0x75, 0xdc, 0x0f, 0xb6, 0x54, 0x07, 0x01, 0x48, 0x83, 0xc0, 0x01, 0x0f, 0xb6, 0x0c, 
0x06, 0x84, 0xd2, 0x74, 0x13, 0x84, 0xc9, 0x75, 0xe7, 0x48, 0x89, 0xf8, 0xc3, 0x0f, 0x1f, 0x00, 
0x31, 0xc0, 0xc3, 0x0f, 0x1f, 0x44, 0x00, 0x00, 0x84, 0xc9, 0x75, 0xb4, 0xeb, 0xeb, 0x66, 0x90, 
0x48, 0x81, 0xec, 0x98, 0x12, 0x00, 0x00, 0x0f, 0xb6, 0x07, 0x49, 0x89, 0xf9, 0x49, 0x89, 0xf0, 
0xc7, 0x05, 0x16, 0x7e, 0x00, 0x00, 0x00, 0x00, 0x00, 0x00, 0xc7, 0x05, 0xec, 0x77, 0x00, 0x00, 
0x00, 0x00, 0x00, 0x00, 0xc7, 0x05, 0xc2, 0x72, 0x00, 0x00, 0x00, 0x00, 0x00, 0x00, 0xc7, 0x05, 
0x9c, 0x60, 0x00, 0x00, 0x00, 0x00, 0x00, 0x00, 0x88, 0x05, 0x12, 0x4e, 0x00, 0x00, 0x84, 0xc0, 
0x74, 0x21, 0x31, 0xc0, 0x90, 0x66, 0x66, 0x2e, 0x0f, 0x1f, 0x84, 0x00, 0x00, 0x00, 0x00, 0x00, 
0x48, 0x83, 0xc0, 0x01, 0x41, 0x0f, 0xb6, 0x14, 0x01, 0x88, 0x90, 0xa0, 0x70, 0x40, 0x00, 0x84, 
0xd2, 0x75, 0xed, 0xb8, 0x29, 0x00, 0x00, 0x00, 0xbf, 0x02, 0x00, 0x00, 0x00, 0xbe, 0x01, 0x00, 
0x00, 0x00, 0x31, 0xd2, 0x0f, 0x05, 0x85, 0xc0, 0x0f, 0x88, 0xe9, 0x03, 0x00, 0x00, 0x41, 0x0f, 
0xbe, 0x11, 0x4d, 0x89, 0xca, 0xbe, 0x64, 0x51, 0x40, 0x00, 0x89, 0xd1, 0x84, 0xd2, 0x75, 0x35, 
0xeb, 0x7e, 0x0f, 0x1f, 0x84, 0x00, 0x00, 0x00, 0x00, 0x00, 0x66, 0x66, 0x2e, 0x0f, 0x1f, 0x84, 
0x00, 0x00, 0x00, 0x00, 0x00, 0x66, 0x66, 0x2e, 0x0f, 0x1f, 0x84, 0x00, 0x00, 0x00, 0x00, 0x00, 
0x41, 0x0f, 0xb6, 0x4a, 0x01, 0x49, 0x83, 0xc2, 0x01, 0x48, 0x83, 0xc6, 0x01, 0x84, 0xc9, 0x0f, 
0x84, 0xbb, 0x03, 0x00, 0x00, 0x38, 0x0e, 0x74, 0xe7, 0x38, 0x0e, 0x74, 0x43, 0x89, 0xd1, 0x4c, 
0x89, 0xcf, 0xbe, 0x6e, 0x51, 0x40, 0x00, 0xeb, 0x2b, 0x90, 0x66, 0x66, 0x2e, 0x0f, 0x1f, 0x84, 
0x00, 0x00, 0x00, 0x00, 0x00, 0x66, 0x66, 0x2e, 0x0f, 0x1f, 0x84, 0x00, 0x00, 0x00, 0x00, 0x00, 
0x0f, 0xb6, 0x4f, 0x01, 0x48, 0x83, 0xc7, 0x01, 0x48, 0x83, 0xc6, 0x01, 0x84, 0xc9, 0x0f, 0x84, 
0x8c, 0x03, 0x00, 0x00, 0x38, 0x0e, 0x74, 0xe8, 0x38, 0x0e, 0x0f, 0x85, 0xe8, 0x02, 0x00, 0x00, 
0xba, 0x7f, 0x00, 0x00, 0x01, 0x66, 0x0f, 0xef, 0xc0, 0x89, 0xc7, 0x48, 0x89, 0xe6, 0xb8, 0x2a, 
0x00, 0x00, 0x00, 0x0f, 0x29, 0x04, 0x24, 0x89, 0x54, 0x24, 0x04, 0xba, 0x10, 0x00, 0x00, 0x00, 
0xc7, 0x04, 0x24, 0x02, 0x00, 0x00, 0x50, 0x0f, 0x05, 0x48, 0x85, 0xc0, 0x0f, 0x88, 0x1e, 0x03, 
0x00, 0x00, 0xc6, 0x84, 0x24, 0x90, 0x00, 0x00, 0x00, 0x47, 0x48, 0x8d, 0x94, 0x24, 0x91, 0x00, 
0x00, 0x00, 0xc7, 0x84, 0x24, 0x91, 0x00, 0x00, 0x00, 0x45, 0x54, 0x20, 0x00, 0x48, 0x89, 0xd0, 
0x48, 0x89, 0xc1, 0x48, 0x8d, 0x40, 0x01, 0x80, 0x39, 0x00, 0x75, 0xf4, 0x31, 0xc0, 0x66, 0x90, 
0x41, 0x0f, 0xb6, 0x34, 0x00, 0x40, 0x88, 0x34, 0x01, 0x48, 0x83, 0xc0, 0x01, 0x40, 0x84, 0xf6, 
0x75, 0xee, 0x80, 0xbc, 0x24, 0x90, 0x00, 0x00, 0x00, 0x00, 0x0f, 0x84, 0x9a, 0x03, 0x00, 0x00, 
0x48, 0x89, 0xd1, 0x66, 0x90, 0x66, 0x66, 0x2e, 0x0f, 0x1f, 0x84, 0x00, 0x00, 0x00, 0x00, 0x00, 
0x48, 0x89, 0xc8, 0x48, 0x83, 0xc1, 0x01, 0x80, 0x79, 0xff, 0x00, 0x75, 0xf3, 0x48, 0x8d, 0xb4, 
0x24, 0x90, 0x00, 0x00, 0x00, 0x31, 0xc9, 0x0f, 0x1f, 0x00, 0x66, 0x66, 0x2e, 0x0f, 0x1f, 0x84, 
0x00, 0x00, 0x00, 0x00, 0x00, 0x66, 0x66, 0x2e, 0x0f, 0x1f, 0x84, 0x00, 0x00, 0x00, 0x00, 0x00, 
0x44, 0x0f, 0xb6, 0x81, 0x78, 0x51, 0x40, 0x00, 0x44, 0x88, 0x04, 0x08, 0x48, 0x83, 0xc1, 0x01, 
0x48, 0x83, 0xf9, 0x12, 0x75, 0xea, 0x80, 0xbc, 0x24, 0x90, 0x00, 0x00, 0x00, 0x00, 0x0f, 0x84, 
0x2e, 0x03, 0x00, 0x00, 0x48, 0x89, 0xd1, 0x66, 0x0f, 0x1f, 0x84, 0x00, 0x00, 0x00, 0x00, 0x00, 
0x48, 0x89, 0xc8, 0x48, 0x83, 0xc1, 0x01, 0x80, 0x79, 0xff, 0x00, 0x75, 0xf3, 0x48, 0x89, 0xc1, 
0x31, 0xc0, 0x0f, 0x1f, 0x84, 0x00, 0x00, 0x00, 0x00, 0x00, 0x66, 0x66, 0x2e, 0x0f, 0x1f, 0x84, 
0x00, 0x00, 0x00, 0x00, 0x00, 0x66, 0x66, 0x2e, 0x0f, 0x1f, 0x84, 0x00, 0x00, 0x00, 0x00, 0x00, 
0x45, 0x0f, 0xb6, 0x04, 0x01, 0x44, 0x88, 0x04, 0x01, 0x48, 0x83, 0xc0, 0x01, 0x45, 0x84, 0xc0, 
0x75, 0xee, 0x80, 0xbc, 0x24, 0x90, 0x00, 0x00, 0x00, 0x00, 0x0f, 0x84, 0xca, 0x02, 0x00, 0x00, 
0x48, 0x89, 0xd0, 0x48, 0x83, 0xc2, 0x01, 0x80, 0x7a, 0xff, 0x00, 0x75, 0xf3, 0x31, 0xd2, 0x66, 
0x0f, 0x1f, 0x44, 0x00, 0x00, 0x66, 0x66, 0x2e, 0x0f, 0x1f, 0x84, 0x00, 0x00, 0x00, 0x00, 0x00, 
0x0f, 0xb6, 0x8a, 0x20, 0x55, 0x40, 0x00, 0x88, 0x0c, 0x10, 0x48, 0x83, 0xc2, 0x01, 0x48, 0x81, 
0xfa, 0x97, 0x00, 0x00, 0x00, 0x75, 0xe9, 0x31, 0xd2, 0x80, 0xbc, 0x24, 0x90, 0x00, 0x00, 0x00, 
0x00, 0x74, 0x1a, 0x66, 0x90, 0x66, 0x66, 0x2e, 0x0f, 0x1f, 0x84, 0x00, 0x00, 0x00, 0x00, 0x00, 
0x48, 0x83, 0xc2, 0x01, 0x80, 0x3c, 0x16, 0x00, 0x75, 0xf6, 0x48, 0x63, 0xd2, 0xb8, 0x01, 0x00, 
0x00, 0x00, 0x0f, 0x05, 0x31, 0xc0, 0xba, 0xff, 0x0f, 0x00, 0x00, 0x48, 0x8d, 0xb4, 0x24, 0x90, 
0x02, 0x00, 0x00, 0x0f, 0x05, 0x48, 0x89, 0xc2, 0xb8, 0x03, 0x00, 0x00, 0x00, 0x0f, 0x05, 0x85, 
0xd2, 0x0f, 0x8e, 0x90, 0x01, 0x00, 0x00, 0x89, 0xd2, 0xbe, 0x8a, 0x51, 0x40, 0x00, 0x48, 0x8d, 
0xbc, 0x24, 0x90, 0x02, 0x00, 0x00, 0xc6, 0x84, 0x14, 0x90, 0x02, 0x00, 0x00, 0x00, 0xe8, 0xad, 
0xfc, 0xff, 0xff, 0x4c, 0x8d, 0x50, 0x04, 0x48, 0x85, 0xc0, 0x48, 0x8d, 0x84, 0x24, 0x90, 0x02, 
0x00, 0x00, 0x4c, 0x0f, 0x44, 0xd0, 0x48, 0x63, 0x05, 0x03, 0x75, 0x00, 0x00, 0x83, 0xf8, 0x3f, 
0x0f, 0x8e, 0xaa, 0x00, 0x00, 0x00, 0xb9, 0x2a, 0x17, 0x0f, 0x00, 0x4c, 0x89, 0xca, 0xbe, 0x21, 
0x00, 0x00, 0x00, 0xbf, 0x2d, 0x00, 0x00, 0x00, 0xe8, 0xa3, 0xe1, 0xff, 0xff, 0x41, 0x0f, 0xb6, 
0x02, 0x84, 0xc0, 0x74, 0x7c, 0x49, 0x83, 0xc2, 0x01, 0x41, 0xbb, 0x55, 0x00, 0x00, 0x00, 0x45, 
0x31, 0xc9, 0xeb, 0x29, 0x0f, 0x1f, 0x40, 0x00, 0x41, 0x83, 0xf9, 0x50, 0x74, 0x23, 0x3c, 0x0d, 
0x74, 0x0b, 0x44, 0x89, 0xca, 0x41, 0x83, 0xc1, 0x01, 0x88, 0x44, 0x14, 0x10, 0x41, 0x0f, 0xb6, 
0x02, 0x84, 0xc0, 0x0f, 0x84, 0x37, 0x01, 0x00, 0x00, 0x49, 0x83, 0xc2, 0x01, 0x3c, 0x0a, 0x75, 
0xd7, 0x42, 0xc6, 0x44, 0x0c, 0x10, 0x00, 0x45, 0x31, 0xc9, 0x80, 0x7c, 0x24, 0x10, 0x00, 0x74, 
0xdc, 0x44, 0x89, 0xde, 0x48, 0x8d, 0x54, 0x24, 0x10, 0xb9, 0x55, 0x41, 0x33, 0x00, 0xbf, 0x2d, 
0x00, 0x00, 0x00, 0xe8, 0x18, 0xe0, 0xff, 0xff, 0x41, 0x0f, 0xb6, 0x02, 0x41, 0x83, 0xc3, 0x14, 
0x84, 0xc0, 0x0f, 0x84, 0xf8, 0x00, 0x00, 0x00, 0x41, 0x81, 0xfb, 0x6d, 0x01, 0x00, 0x00, 0x7e, 
0xb8, 0x48, 0x81, 0xc4, 0x98, 0x12, 0x00, 0x00, 0xc3, 0x0f, 0x1f, 0x80, 0x00, 0x00, 0x00, 0x00, 
0x8d, 0x50, 0x01, 0x66, 0x0f, 0x6f, 0x05, 0x65, 0x39, 0x00, 0x00, 0x48, 0x8d, 0x04, 0x40, 0x89, 
0x15, 0x3b, 0x74, 0x00, 0x00, 0x48, 0xba, 0xfc, 0xfa, 0xf8, 0x00, 0xe1, 0xd5, 0xcb, 0x00, 0x48, 
0x89, 0x14, 0xc5, 0x90, 0x9a, 0x40, 0x00, 0x0f, 0x11, 0x04, 0xc5, 0x80, 0x9a, 0x40, 0x00, 0xe9, 
0x22, 0xff, 0xff, 0xff, 0x0f, 0x1f, 0x40, 0x00, 0x4c, 0x89, 0xc9, 0xbf, 0x01, 0x00, 0x00, 0x00, 
0x44, 0x8d, 0x52, 0xd0, 0x31, 0xf6, 0x41, 0x80, 0xfa, 0x09, 0x77, 0x1c, 0x0f, 0x1f, 0x40, 0x00, 
0x8d, 0x34, 0xb6, 0x48, 0x83, 0xc1, 0x01, 0x8d, 0x74, 0x72, 0xd0, 0x0f, 0xbe, 0x11, 0x44, 0x8d, 
0x52, 0xd0, 0x41, 0x80, 0xfa, 0x09, 0x76, 0xe8, 0x89, 0xb4, 0xbc, 0x8c, 0x02, 0x00, 0x00, 0x48, 
0x83, 0xff, 0x05, 0x0f, 0x84, 0xd7, 0xfc, 0xff, 0xff, 0x80, 0xfa, 0x2e, 0x0f, 0x85, 0x99, 0x00, 
0x00, 0x00, 0x0f, 0xbe, 0x51, 0x01, 0x84, 0xd2, 0x0f, 0x84, 0x8d, 0x00, 0x00, 0x00, 0x48, 0x83, 
0xc7, 0x01, 0x48, 0x83, 0xc1, 0x01, 0xeb, 0xa8, 0x0f, 0x1f, 0x84, 0x00, 0x00, 0x00, 0x00, 0x00, 
0xb8, 0x03, 0x00, 0x00, 0x00, 0x0f, 0x05, 0x4c, 0x89, 0xcf, 0xe8, 0x81, 0xe1, 0xff, 0xff, 0x48, 
0x81, 0xc4, 0x98, 0x12, 0x00, 0x00, 0xc3, 0x66, 0x0f, 0x1f, 0x84, 0x00, 0x00, 0x00, 0x00, 0x00, 
0x31, 0xc9, 0xe9, 0x42, 0xfc, 0xff, 0xff, 0x66, 0x0f, 0x1f, 0x84, 0x00, 0x00, 0x00, 0x00, 0x00, 
0x31, 0xc9, 0x38, 0x0e, 0x0f, 0x84, 0x76, 0xfc, 0xff, 0xff, 0xe9, 0x59, 0xff, 0xff, 0xff, 0x90, 
0x45, 0x85, 0xc9, 0x0f, 0x84, 0x08, 0xff, 0xff, 0xff, 0x41, 0x81, 0xfb, 0x6d, 0x01, 0x00, 0x00, 
0x0f, 0x8f, 0xfb, 0xfe, 0xff, 0xff, 0x48, 0x8d, 0x54, 0x24, 0x10, 0xb9, 0x55, 0x41, 0x33, 0x00, 
0x44, 0x89, 0xde, 0xbf, 0x2d, 0x00, 0x00, 0x00, 0x42, 0xc6, 0x44, 0x0c, 0x10, 0x00, 0xe8, 0xdd, 
0xde, 0xff, 0xff, 0x48, 0x81, 0xc4, 0x98, 0x12, 0x00, 0x00, 0xc3, 0x83, 0xff, 0x04, 0x0f, 0x85, 
0x2c, 0xfc, 0xff, 0xff, 0x8b, 0x94, 0x24, 0x9c, 0x02, 0x00, 0x00, 0x8b, 0x8c, 0x24, 0x98, 0x02, 
0x00, 0x00, 0xc1, 0xe2, 0x18, 0xc1, 0xe1, 0x10, 0x09, 0xca, 0x8b, 0x8c, 0x24, 0x94, 0x02, 0x00, 
0x00, 0x0b, 0x94, 0x24, 0x90, 0x02, 0x00, 0x00, 0xc1, 0xe1, 0x08, 0x09, 0xca, 0xb9, 0x7f, 0x00, 
0x00, 0x01, 0x0f, 0x44, 0xd1, 0xe9, 0xfb, 0xfb, 0xff, 0xff, 0x48, 0x89, 0xf0, 0xe9, 0x3b, 0xfd, 
0xff, 0xff, 0x48, 0x89, 0xf1, 0xe9, 0xe6, 0xfc, 0xff, 0xff, 0x48, 0x8d, 0xb4, 0x24, 0x90, 0x00, 
0x00, 0x00, 0x48, 0x89, 0xf0, 0xe9, 0x7b, 0xfc, 0xff, 0xff, 0x66, 0x0f, 0x1f, 0x44, 0x00, 0x00, 
0x48, 0x81, 0xec, 0xc8, 0x00, 0x00, 0x00, 0x66, 0x0f, 0xef, 0xc9, 0x31, 0xc0, 0x0f, 0x1f, 0x00, 
0x0f, 0xb6, 0x14, 0x07, 0x84, 0xd2, 0x0f, 0x84, 0x73, 0x04, 0x00, 0x00, 0x88, 0x90, 0xe0, 0x71, 
0x40, 0x00, 0x48, 0x83, 0xc0, 0x01, 0x48, 0x3d, 0xff, 0x00, 0x00, 0x00, 0x75, 0xe2, 0x31, 0xc0, 
0x0f, 0xb6, 0x14, 0x07, 0x84, 0xd2, 0x0f, 0x84, 0xa6, 0x03, 0x00, 0x00, 0x88, 0x90, 0xe0, 0x70, 
0x40, 0x00, 0x48, 0x83, 0xc0, 0x01, 0x48, 0x3d, 0xff, 0x00, 0x00, 0x00, 0x75, 0xe2, 0x8b, 0x35, 
0x1c, 0x48, 0x00, 0x00, 0x85, 0xf6, 0x78, 0x58, 0x89, 0xf0, 0x48, 0x89, 0xfa, 0x48, 0xc1, 0xe0, 
0x08, 0x48, 0x8d, 0x88, 0x20, 0x73, 0x40, 0x00, 0x0f, 0xb6, 0x80, 0x20, 0x73, 0x40, 0x00, 0x84, 
0xc0, 0x75, 0x31, 0xeb, 0x33, 0x0f, 0x1f, 0x44, 0x00, 0x00, 0x66, 0x66, 0x2e, 0x0f, 0x1f, 0x84, 
0x00, 0x00, 0x00, 0x00, 0x00, 0x66, 0x66, 0x2e, 0x0f, 0x1f, 0x84, 0x00, 0x00, 0x00, 0x00, 0x00, 
0x0f, 0xb6, 0x41, 0x01, 0x48, 0x83, 0xc1, 0x01, 0x48, 0x83, 0xc2, 0x01, 0x84, 0xc0, 0x0f, 0x84, 
0x95, 0x05, 0x00, 0x00, 0x38, 0x02, 0x74, 0xe8, 0x3a, 0x02, 0x0f, 0x84, 0x88, 0x00, 0x00, 0x00, 
0x83, 0x3d, 0xd1, 0x4a, 0x00, 0x00, 0x0f, 0xb9, 0x20, 0x73, 0x40, 0x00, 0x0f, 0x8e, 0x23, 0x05, 
0x00, 0x00, 0x0f, 0x1f, 0x00, 0x66, 0x66, 0x2e, 0x0f, 0x1f, 0x84, 0x00, 0x00, 0x00, 0x00, 0x00, 
0x48, 0x89, 0xce, 0x48, 0x81, 0xc1, 0x00, 0x01, 0x00, 0x00, 0x0f, 0xb6, 0x86, 0x00, 0x01, 0x00, 
0x00, 0x88, 0x06, 0x84, 0xc0, 0x74, 0x18, 0x31, 0xc0, 0x0f, 0x1f, 0x80, 0x00, 0x00, 0x00, 0x00, 
0x48, 0x83, 0xc0, 0x01, 0x0f, 0xb6, 0x14, 0x01, 0x88, 0x14, 0x06, 0x84, 0xd2, 0x75, 0xf1, 0x48, 
0x81, 0xf9, 0x20, 0x82, 0x40, 0x00, 0x75, 0xc8, 0x31, 0xc0, 0x66, 0x0f, 0x1f, 0x44, 0x00, 0x00, 
0x0f, 0xb6, 0x14, 0x07, 0x84, 0xd2, 0x0f, 0x84, 0x13, 0x04, 0x00, 0x00, 0x88, 0x90, 0x20, 0x82, 
0x40, 0x00, 0x48, 0x83, 0xc0, 0x01, 0x48, 0x3d, 0xff, 0x00, 0x00, 0x00, 0x75, 0xe2, 0xc7, 0x05, 
0x38, 0x47, 0x00, 0x00, 0x0f, 0x00, 0x00, 0x00, 0x0f, 0xb6, 0x37, 0x48, 0x89, 0xf9, 0xba, 0x42, 
0x50, 0x40, 0x00, 0x89, 0xf0, 0x40, 0x84, 0xf6, 0x75, 0x1a, 0xe9, 0x5c, 0x0b, 0x00, 0x00, 0x90, 
0x0f, 0xb6, 0x41, 0x01, 0x48, 0x83, 0xc1, 0x01, 0x48, 0x83, 0xc2, 0x01, 0x84, 0xc0, 0x0f, 0x84, 
0x6b, 0x04, 0x00, 0x00, 0x38, 0x02, 0x74, 0xe8, 0x38, 0x02, 0x0f, 0x84, 0x66, 0x02, 0x00, 0x00, 
0x89, 0xf0, 0x48, 0x89, 0xf9, 0xba, 0x8f, 0x51, 0x40, 0x00, 0xeb, 0x28, 0x66, 0x0f, 0x1f, 0x84, 
0x00, 0x00, 0x00, 0x00, 0x00, 0x66, 0x66, 0x2e, 0x0f, 0x1f, 0x84, 0x00, 0x00, 0x00, 0x00, 0x00, 
0x0f, 0xb6, 0x41, 0x01, 0x48, 0x83, 0xc1, 0x01, 0x48, 0x83, 0xc2, 0x01, 0x84, 0xc0, 0x0f, 0x84, 
0x32, 0x04, 0x00, 0x00, 0x38, 0x02, 0x74, 0xe8, 0x38, 0x02, 0x0f, 0x84, 0x26, 0x02, 0x00, 0x00, 
0x89, 0xf0, 0x48, 0x89, 0xf9, 0xba, 0xed, 0x50, 0x40, 0x00, 0xeb, 0x28, 0x66, 0x0f, 0x1f, 0x84, 
0x00, 0x00, 0x00, 0x00, 0x00, 0x66, 0x66, 0x2e, 0x0f, 0x1f, 0x84, 0x00, 0x00, 0x00, 0x00, 0x00, 
0x0f, 0xb6, 0x41, 0x01, 0x48, 0x83, 0xc1, 0x01, 0x48, 0x83, 0xc2, 0x01, 0x84, 0xc0, 0x0f, 0x84, 
0x35, 0x05, 0x00, 0x00, 0x38, 0x02, 0x74, 0xe8, 0x38, 0x02, 0x0f, 0x84, 0x33, 0x05, 0x00, 0x00, 
0x89, 0xf0, 0x48, 0x89, 0xf9, 0xba, 0xd5, 0x50, 0x40, 0x00, 0xeb, 0x28, 0x66, 0x0f, 0x1f, 0x84, 
0x00, 0x00, 0x00, 0x00, 0x00, 0x66, 0x66, 0x2e, 0x0f, 0x1f, 0x84, 0x00, 0x00, 0x00, 0x00, 0x00, 
0x0f, 0xb6, 0x41, 0x01, 0x48, 0x83, 0xc1, 0x01, 0x48, 0x83, 0xc2, 0x01, 0x84, 0xc0, 0x0f, 0x84, 
0x35, 0x07, 0x00, 0x00, 0x38, 0x02, 0x74, 0xe8, 0x49, 0x89, 0xf8, 0xb9, 0x9a, 0x51, 0x40, 0x00, 
0x38, 0x02, 0x75, 0x32, 0xe9, 0x68, 0x08, 0x00, 0x00, 0x90, 0x66, 0x66, 0x2e, 0x0f, 0x1f, 0x84, 
0x00, 0x00, 0x00, 0x00, 0x00, 0x66, 0x66, 0x2e, 0x0f, 0x1f, 0x84, 0x00, 0x00, 0x00, 0x00, 0x00, 
0x41, 0x0f, 0xb6, 0x70, 0x01, 0x49, 0x83, 0xc0, 0x01, 0x48, 0x83, 0xc1, 0x01, 0x40, 0x84, 0xf6, 
0x0f, 0x84, 0xfa, 0x06, 0x00, 0x00, 0x40, 0x38, 0x31, 0x74, 0xe5, 0x31, 0xc0, 0x40, 0x38, 0x31, 
0x0f, 0x84, 0xf7, 0x06, 0x00, 0x00, 0x66, 0x2e, 0x0f, 0x1f, 0x84, 0x00, 0x00, 0x00, 0x00, 0x00, 
0x0f, 0xb6, 0x14, 0x07, 0x3a, 0x90, 0x0f, 0x52, 0x40, 0x00, 0x0f, 0x85, 0x1e, 0x07, 0x00, 0x00, 
0x84, 0xd2, 0x74, 0x0a, 0x48, 0x83, 0xc0, 0x01, 0x48, 0x83, 0xf8, 0x07, 0x75, 0xe2, 0x31, 0xc0, 
0x80, 0x7f, 0x04, 0x73, 0x0f, 0x94, 0xc0, 0x48, 0x8d, 0x74, 0x07, 0x07, 0x0f, 0xb6, 0x06, 0x84, 
0xc0, 0x0f, 0x84, 0xb8, 0x07, 0x00, 0x00, 0x48, 0x89, 0xf2, 0xeb, 0x14, 0x0f, 0x1f, 0x40, 0x00, 
0x0f, 0xb6, 0x42, 0x01, 0x48, 0x83, 0xc2, 0x01, 0x84, 0xc0, 0x0f, 0x84, 0x9f, 0x07, 0x00, 0x00, 
0x3c, 0x2f, 0x75, 0xec, 0x49, 0x89, 0xd0, 0xb8, 0x3f, 0x00, 0x00, 0x00, 0x48, 0x89, 0xe7, 0x49, 
0x29, 0xf0, 0x49, 0x39, 0xc0, 0x4c, 0x0f, 0x47, 0xc0, 0x31, 0xc0, 0x48, 0x39, 0xd6, 0x75, 0x2c, 
0xeb, 0x32, 0x0f, 0x1f, 0x84, 0x00, 0x00, 0x00, 0x00, 0x00, 0x66, 0x66, 0x2e, 0x0f, 0x1f, 0x84, 
0x00, 0x00, 0x00, 0x00, 0x00, 0x66, 0x66, 0x2e, 0x0f, 0x1f, 0x84, 0x00, 0x00, 0x00, 0x00, 0x00, 
0x88, 0x0c, 0x07, 0x48, 0x83, 0xc0, 0x01, 0x4c, 0x39, 0xc0, 0x73, 0x7e, 0x0f, 0xb6, 0x0c, 0x06, 
0x84, 0xc9, 0x75, 0xec, 0x4c, 0x39, 0xc0, 0x73, 0x71, 0x4d, 0x89, 0xc1, 0x49, 0x29, 0xc1, 0x49, 
0x8d, 0x49, 0xff, 0x48, 0x83, 0xf9, 0x0e, 0x76, 0x27, 0x4c, 0x89, 0xce, 0x48, 0x8d, 0x0c, 0x07, 
0x66, 0x0f, 0x6f, 0xc1, 0x48, 0x83, 0xe6, 0xf0, 0x4c, 0x8d, 0x14, 0x0e, 0x0f, 0x11, 0x01, 0x48, 
0x83, 0xc1, 0x10, 0x4c, 0x39, 0xd1, 0x75, 0xf4, 0x4c, 0x39, 0xce, 0x74, 0x3d, 0x48, 0x01, 0xf0, 
0x48, 0x89, 0xc1, 0xc6, 0x04, 0x07, 0x00, 0x48, 0x83, 0xc0, 0x01, 0x48, 0xf7, 0xd1, 0x4c, 0x01, 
0xc1, 0x4c, 0x39, 0xc0, 0x73, 0x24, 0x83, 0xe1, 0x01, 0x74, 0x0d, 0xc6, 0x04, 0x07, 0x00, 0x48, 
0x83, 0xc0, 0x01, 0x4c, 0x39, 0xc0, 0x73, 0x12, 0xc6, 0x04, 0x07, 0x00, 0xc6, 0x44, 0x07, 0x01, 
0x00, 0x48, 0x83, 0xc0, 0x02, 0x4c, 0x39, 0xc0, 0x72, 0xee, 0x42, 0xc6, 0x04, 0x04, 0x00, 0x31, 
0xc0, 0x48, 0x8d, 0x74, 0x24, 0x40, 0x66, 0x2e, 0x0f, 0x1f, 0x84, 0x00, 0x00, 0x00, 0x00, 0x00, 
0x0f, 0xb6, 0x0c, 0x02, 0x84, 0xc9, 0x0f, 0x84, 0x1b, 0x06, 0x00, 0x00, 0x88, 0x0c, 0x06, 0x48, 
0x83, 0xc0, 0x01, 0x48, 0x83, 0xf8, 0x7f, 0x75, 0xe7, 0xe8, 0xf2, 0xf6, 0xff, 0xff, 0x48, 0x81, 
0xc4, 0xc8, 0x00, 0x00, 0x00, 0xc3, 0x48, 0x81, 0xc4, 0xc8, 0x00, 0x00, 0x00, 0xe9, 0x5e, 0xde, 
0xff, 0xff, 0x48, 0x8d, 0x90, 0x10, 0xff, 0xff, 0xff, 0x48, 0x83, 0xfa, 0x0e, 0x76, 0x4d, 0xbe, 
0xff, 0x00, 0x00, 0x00, 0x48, 0x8d, 0x90, 0xe0, 0x70, 0x40, 0x00, 0x66, 0x0f, 0x6f, 0xc1, 0x48, 
0x29, 0xc6, 0x49, 0x89, 0xf0, 0x49, 0x83, 0xe0, 0xf0, 0x4a, 0x8d, 0x0c, 0x02, 0x41, 0xf6, 0xc0, 
0x10, 0x74, 0x0d, 0x0f, 0x11, 0x0a, 0x48, 0x83, 0xc2, 0x10, 0x48, 0x39, 0xd1, 0x74, 0x11, 0x90, 
0x0f, 0x11, 0x02, 0x48, 0x83, 0xc2, 0x20, 0x0f, 0x11, 0x42, 0xf0, 0x48, 0x39, 0xd1, 0x75, 0xf0, 
0x49, 0x39, 0xf0, 0x0f, 0x84, 0x15, 0xfc, 0xff, 0xff, 0x4c, 0x01, 0xc0, 0xa8, 0x01, 0x75, 0x30, 
0xc6, 0x80, 0xe0, 0x70, 0x40, 0x00, 0x00, 0x48, 0x83, 0xc0, 0x01, 0x48, 0x3d, 0xff, 0x00, 0x00, 
0x00, 0x0f, 0x84, 0xf7, 0xfb, 0xff, 0xff, 0x0f, 0x1f, 0x00, 0x66, 0x66, 0x2e, 0x0f, 0x1f, 0x84, 
0x00, 0x00, 0x00, 0x00, 0x00, 0x66, 0x66, 0x2e, 0x0f, 0x1f, 0x84, 0x00, 0x00, 0x00, 0x00, 0x00, 
0xc6, 0x80, 0xe0, 0x70, 0x40, 0x00, 0x00, 0x48, 0x83, 0xc0, 0x02, 0xc6, 0x80, 0xdf, 0x70, 0x40, 
0x00, 0x00, 0x48, 0x3d, 0xff, 0x00, 0x00, 0x00, 0x75, 0xe6, 0xe9, 0xbf, 0xfb, 0xff, 0xff, 0x48, 
0x8d, 0x90, 0x10, 0xff, 0xff, 0xff, 0x48, 0x83, 0xfa, 0x0e, 0x76, 0x50, 0xbe, 0xff, 0x00, 0x00, 
0x00, 0x48, 0x8d, 0x90, 0xe0, 0x71, 0x40, 0x00, 0x66, 0x0f, 0x6f, 0xc1, 0x48, 0x29, 0xc6, 0x49, 
0x89, 0xf0, 0x49, 0x83, 0xe0, 0xf0, 0x49, 0x8d, 0x0c, 0x10, 0x41, 0xf6, 0xc0, 0x10, 0x74, 0x10, 
0x0f, 0x11, 0x0a, 0x48, 0x83, 0xc2, 0x10, 0x48, 0x39, 0xca, 0x74, 0x14, 0x0f, 0x1f, 0x40, 0x00, 
0x0f, 0x11, 0x02, 0x48, 0x83, 0xc2, 0x20, 0x0f, 0x11, 0x42, 0xf0, 0x48, 0x39, 0xca, 0x75, 0xf0, 
0x49, 0x39, 0xf0, 0x0f, 0x84, 0x45, 0xfb, 0xff, 0xff, 0x4c, 0x01, 0xc0, 0xa8, 0x01, 0x75, 0x20, 
0xc6, 0x80, 0xe0, 0x71, 0x40, 0x00, 0x00, 0x48, 0x83, 0xc0, 0x01, 0x48, 0x3d, 0xff, 0x00, 0x00, 
0x00, 0x0f, 0x84, 0x27, 0xfb, 0xff, 0xff, 0x66, 0x0f, 0x1f, 0x84, 0x00, 0x00, 0x00, 0x00, 0x00, 
0xc6, 0x80, 0xe0, 0x71, 0x40, 0x00, 0x00, 0x48, 0x83, 0xc0, 0x02, 0xc6, 0x80, 0xdf, 0x71, 0x40, 
0x00, 0x00, 0x48, 0x3d, 0xff, 0x00, 0x00, 0x00, 0x75, 0xe6, 0xe9, 0xff, 0xfa, 0xff, 0xff, 0x48, 
0x8d, 0x90, 0x10, 0xff, 0xff, 0xff, 0x48, 0x83, 0xfa, 0x0e, 0x76, 0x50, 0x41, 0xb8, 0xff, 0x00, 
0x00, 0x00, 0x48, 0x8d, 0x90, 0x20, 0x82, 0x40, 0x00, 0x66, 0x0f, 0x6f, 0xc1, 0x49, 0x29, 0xc0, 
0x4c, 0x89, 0xc6, 0x48, 0x83, 0xe6, 0xf0, 0x48, 0x8d, 0x0c, 0x16, 0x40, 0xf6, 0xc6, 0x10, 0x74, 
0x0f, 0x0f, 0x11, 0x0a, 0x48, 0x83, 0xc2, 0x10, 0x48, 0x39, 0xca, 0x74, 0x13, 0x0f, 0x1f, 0x00, 
0x0f, 0x11, 0x02, 0x48, 0x83, 0xc2, 0x20, 0x0f, 0x11, 0x42, 0xf0, 0x48, 0x39, 0xca, 0x75, 0xf0, 
0x4c, 0x39, 0xc6, 0x0f, 0x84, 0xa5, 0xfb, 0xff, 0xff, 0x48, 0x01, 0xf0, 0xa8, 0x01, 0x75, 0x20, 
0xc6, 0x80, 0x20, 0x82, 0x40, 0x00, 0x00, 0x48, 0x83, 0xc0, 0x01, 0x48, 0x3d, 0xff, 0x00, 0x00, 
0x00, 0x0f, 0x84, 0x87, 0xfb, 0xff, 0xff, 0x66, 0x0f, 0x1f, 0x84, 0x00, 0x00, 0x00, 0x00, 0x00, 
0xc6, 0x80, 0x20, 0x82, 0x40, 0x00, 0x00, 0x48, 0x83, 0xc0, 0x02, 0xc6, 0x80, 0x1f, 0x82, 0x40, 
0x00, 0x00, 0x48, 0x3d, 0xff, 0x00, 0x00, 0x00, 0x75, 0xe6, 0xe9, 0x5f, 0xfb, 0xff, 0xff, 0x31, 
0xc0, 0xe9, 0x92, 0xfb, 0xff, 0xff, 0x31, 0xc0, 0x38, 0x02, 0x0f, 0x85, 0xd0, 0xfb, 0xff, 0xff, 
0xe9, 0xf1, 0xfd, 0xff, 0xff, 0x8d, 0x46, 0x01, 0x48, 0x63, 0xc8, 0x89, 0x05, 0x7f, 0x42, 0x00, 
0x00, 0x31, 0xc0, 0x48, 0xc1, 0xe1, 0x08, 0x0f, 0x1f, 0x00, 0x66, 0x66, 0x2e, 0x0f, 0x1f, 0x84, 
0x00, 0x00, 0x00, 0x00, 0x00, 0x66, 0x66, 0x2e, 0x0f, 0x1f, 0x84, 0x00, 0x00, 0x00, 0x00, 0x00, 
0x0f, 0xb6, 0x14, 0x07, 0x84, 0xd2, 0x74, 0x30, 0x88, 0x94, 0x08, 0x20, 0x73, 0x40, 0x00, 0x48, 
0x83, 0xc0, 0x01, 0x48, 0x3d, 0xff, 0x00, 0x00, 0x00, 0x75, 0xe5, 0x83, 0xc6, 0x02, 0x89, 0x35, 
0x54, 0x45, 0x00, 0x00, 0xe9, 0xff, 0xfa, 0xff, 0xff, 0x31, 0xc0, 0x3a, 0x02, 0x0f, 0x85, 0x6d, 
0xfa, 0xff, 0xff, 0xe9, 0xf0, 0xfa, 0xff, 0xff, 0x48, 0x8d, 0x90, 0x10, 0xff, 0xff, 0xff, 0x48, 
0x83, 0xfa, 0x0e, 0x76, 0x53, 0x41, 0xba, 0xff, 0x00, 0x00, 0x00, 0x48, 0x8d, 0x94, 0x08, 0x20, 
0x73, 0x40, 0x00, 0x66, 0x0f, 0x6f, 0xc1, 0x49, 0x29, 0xc2, 0x4d, 0x89, 0xd1, 0x49, 0x83, 0xe1, 
0xf0, 0x4d, 0x8d, 0x04, 0x11, 0x41, 0xf6, 0xc1, 0x10, 0x74, 0x15, 0x0f, 0x11, 0x0a, 0x48, 0x83, 
0xc2, 0x10, 0x49, 0x39, 0xd0, 0x74, 0x19, 0x66, 0x0f, 0x1f, 0x84, 0x00, 0x00, 0x00, 0x00, 0x00, 
0x0f, 0x11, 0x02, 0x48, 0x83, 0xc2, 0x20, 0x0f, 0x11, 0x42, 0xf0, 0x49, 0x39, 0xd0, 0x75, 0xf0, 
0x4d, 0x39, 0xd1, 0x74, 0x86, 0x4c, 0x01, 0xc8, 0x48, 0x8d, 0x84, 0x08, 0x20, 0x73, 0x40, 0x00, 
0x48, 0x81, 0xc1, 0x1f, 0x74, 0x40, 0x00, 0x48, 0x89, 0xca, 0x48, 0x29, 0xc2, 0x83, 0xe2, 0x01, 
0x74, 0x2e, 0xc6, 0x00, 0x00, 0x48, 0x83, 0xc0, 0x01, 0x48, 0x39, 0xc1, 0x0f, 0x84, 0x59, 0xff, 
0xff, 0xff, 0x0f, 0x1f, 0x84, 0x00, 0x00, 0x00, 0x00, 0x00, 0x66, 0x66, 0x2e, 0x0f, 0x1f, 0x84, 
0x00, 0x00, 0x00, 0x00, 0x00, 0x66, 0x66, 0x2e, 0x0f, 0x1f, 0x84, 0x00, 0x00, 0x00, 0x00, 0x00, 
0xc6, 0x00, 0x00, 0x48, 0x83, 0xc0, 0x02, 0xc6, 0x40, 0xff, 0x00, 0x48, 0x39, 0xc1, 0x0f, 0x84, 
0x27, 0xff, 0xff, 0xff, 0xc6, 0x00, 0x00, 0x48, 0x83, 0xc0, 0x02, 0xc6, 0x40, 0xff, 0x00, 0x48, 
0x39, 0xc1, 0x75, 0xdc, 0xe9, 0x12, 0xff, 0xff, 0xff, 0x31, 0xc0, 0x38, 0x02, 0x0f, 0x85, 0xcd, 
0xfa, 0xff, 0xff, 0xb9, 0xaf, 0x40, 0x1e, 0x00, 0xba, 0xb8, 0x55, 0x40, 0x00, 0xbe, 0x1c, 0x00, 
0x00, 0x00, 0x66, 0x0f, 0x6f, 0x05, 0xc6, 0x30, 0x00, 0x00, 0x48, 0xb8, 0xff, 0xf6, 0xef, 0x00, 
0xf6, 0x82, 0x3b, 0x00, 0xbf, 0x2d, 0x00, 0x00, 0x00, 0xc7, 0x05, 0x9d, 0x71, 0x00, 0x00, 0x00, 
0x00, 0x00, 0x00, 0x41, 0xb9, 0x01, 0x00, 0x00, 0x00, 0x0f, 0x11, 0x05, 0xb1, 0x41, 0x00, 0x00, 
0x66, 0x0f, 0x6f, 0x05, 0xa8, 0x30, 0x00, 0x00, 0x48, 0x89, 0x05, 0x91, 0x6b, 0x00, 0x00, 0x0f, 
0x11, 0x05, 0xab, 0x41, 0x00, 0x00, 0x66, 0x0f, 0x6f, 0x05, 0xa2, 0x30, 0x00, 0x00, 0xc7, 0x05, 
0x28, 0x66, 0x00, 0x00, 0x00, 0x00, 0x00, 0x00, 0x0f, 0x29, 0x05, 0x61, 0x6b, 0x00, 0x00, 0xc7, 
0x05, 0xfb, 0x53, 0x00, 0x00, 0x00, 0x00, 0x00, 0x00, 0xc6, 0x05, 0x70, 0x41, 0x00, 0x00, 0x61, 
0xe8, 0xeb, 0xd7, 0xff, 0xff, 0xb9, 0x2a, 0x17, 0x0f, 0x00, 0xba, 0xf0, 0x55, 0x40, 0x00, 0xbe, 
0x4b, 0x00, 0x00, 0x00, 0xbf, 0x28, 0x00, 0x00, 0x00, 0xe8, 0xd2, 0xd7, 0xff, 0xff, 0xb9, 0x55, 
0x41, 0x33, 0x00, 0xba, 0x20, 0x56, 0x40, 0x00, 0xbe, 0x61, 0x00, 0x00, 0x00, 0xbf, 0x28, 0x00, 
0x00, 0x00, 0xe8, 0x99, 0xd6, 0xff, 0xff, 0xb9, 0x55, 0x41, 0x33, 0x00, 0xba, 0x68, 0x56, 0x40, 
0x00, 0xbe, 0x73, 0x00, 0x00, 0x00, 0xbf, 0x28, 0x00, 0x00, 0x00, 0xe8, 0x80, 0xd6, 0xff, 0xff, 
0xb9, 0x55, 0x41, 0x33, 0x00, 0xba, 0xb0, 0x56, 0x40, 0x00, 0xbe, 0x85, 0x00, 0x00, 0x00, 0xbf, 
0x28, 0x00, 0x00, 0x00, 0xe8, 0x67, 0xd6, 0xff, 0xff, 0xb9, 0x55, 0x41, 0x33, 0x00, 0xba, 0xf8, 
0x56, 0x40, 0x00, 0xbe, 0x97, 0x00, 0x00, 0x00, 0xbf, 0x28, 0x00, 0x00, 0x00, 0xe8, 0x4e, 0xd6, 
0xff, 0xff, 0xb9, 0x55, 0x41, 0x33, 0x00, 0xba, 0x40, 0x57, 0x40, 0x00, 0xbe, 0xa9, 0x00, 0x00, 
0x00, 0xbf, 0x28, 0x00, 0x00, 0x00, 0xe8, 0x35, 0xd6, 0xff, 0xff, 0xb9, 0x55, 0x41, 0x33, 0x00, 
0xba, 0x90, 0x57, 0x40, 0x00, 0xbe, 0xbb, 0x00, 0x00, 0x00, 0xbf, 0x28, 0x00, 0x00, 0x00, 0xe8, 
0x1c, 0xd6, 0xff, 0xff, 0xb9, 0x55, 0x41, 0x33, 0x00, 0xba, 0xe0, 0x57, 0x40, 0x00, 0xbe, 0xcd, 
0x00, 0x00, 0x00, 0xbf, 0x28, 0x00, 0x00, 0x00, 0xe8, 0x03, 0xd6, 0xff, 0xff, 0xb9, 0x6e, 0x76, 
0x0f, 0x00, 0xba, 0x28, 0x58, 0x40, 0x00, 0x66, 0x0f, 0x6f, 0x05, 0xb1, 0x2f, 0x00, 0x00, 0x48, 
0xb8, 0xfc, 0xfa, 0xf8, 0x00, 0xe1, 0xd5, 0xcb, 0x00, 0xbe, 0xf6, 0x00, 0x00, 0x00, 0xbf, 0x2d, 
0x00, 0x00, 0x00, 0xc7, 0x05, 0x33, 0x6a, 0x00, 0x00, 0x02, 0x00, 0x00, 0x00, 0x48, 0x89, 0x05, 
0x74, 0x6a, 0x00, 0x00, 0x0f, 0x11, 0x05, 0x5d, 0x6a, 0x00, 0x00, 0xe8, 0xe0, 0xd6, 0xff, 0xff, 
0xb9, 0x69, 0x55, 0x47, 0x00, 0xba, 0x60, 0x58, 0x40, 0x00, 0xbe, 0x0a, 0x01, 0x00, 0x00, 0xbf, 
0x2d, 0x00, 0x00, 0x00, 0xe8, 0xa7, 0xd5, 0xff, 0xff, 0xb9, 0x69, 0x55, 0x47, 0x00, 0xba, 0x98, 
0x58, 0x40, 0x00, 0xbe, 0x1e, 0x01, 0x00, 0x00, 0xbf, 0x2d, 0x00, 0x00, 0x00, 0xe8, 0x8e, 0xd5, 
0xff, 0xff, 0xb9, 0x69, 0x55, 0x47, 0x00, 0xba, 0xe0, 0x58, 0x40, 0x00, 0xbe, 0x2d, 0x01, 0x00, 
0x00, 0xbf, 0x2d, 0x00, 0x00, 0x00, 0xe8, 0x75, 0xd5, 0xff, 0xff, 0xb9, 0x2a, 0x17, 0x0f, 0x00, 
0xba, 0xa6, 0x51, 0x40, 0x00, 0xbe, 0x50, 0x01, 0x00, 0x00, 0xbf, 0x28, 0x00, 0x00, 0x00, 0xe8, 
0x5c, 0xd5, 0xff, 0xff, 0x41, 0xb8, 0x01, 0x00, 0x00, 0x00, 0xb9, 0xdf, 0x60, 0x00, 0x00, 0xba, 
0xc4, 0x51, 0x40, 0x00, 0xbe, 0x50, 0x01, 0x00, 0x00, 0xbf, 0x04, 0x01, 0x00, 0x00, 0xe8, 0x1d, 
0xd4, 0xff, 0xff, 0x41, 0xb8, 0x42, 0x50, 0x40, 0x00, 0xb9, 0x60, 0x01, 0x00, 0x00, 0xba, 0x90, 
0x01, 0x00, 0x00, 0xbe, 0x4c, 0x01, 0x00, 0x00, 0xbf, 0x04, 0x01, 0x00, 0x00, 0x48, 0x81, 0xc4, 
0xc8, 0x00, 0x00, 0x00, 0xe9, 0xd7, 0xd2, 0xff, 0xff, 0x31, 0xc0, 0xe9, 0xc8, 0xf8, 0xff, 0xff, 
0x31, 0xf6, 0x31, 0xc0, 0x40, 0x38, 0x31, 0x0f, 0x85, 0x13, 0xf9, 0xff, 0xff, 0x48, 0xb8, 0x4e, 
0x65, 0x77, 0x20, 0x54, 0x61, 0x62, 0x00, 0xc7, 0x05, 0x6f, 0x6f, 0x00, 0x00, 0x00, 0x00, 0x00, 
0x00, 0xc7, 0x05, 0x45, 0x69, 0x00, 0x00, 0x00, 0x00, 0x00, 0x00, 0xc7, 0x05, 0x1b, 0x64, 0x00, 
0x00, 0x00, 0x00, 0x00, 0x00, 0xc7, 0x05, 0xf5, 0x51, 0x00, 0x00, 0x00, 0x00, 0x00, 0x00, 0x48, 
0x89, 0x05, 0x6a, 0x3f, 0x00, 0x00, 0x48, 0x81, 0xc4, 0xc8, 0x00, 0x00, 0x00, 0xc3, 0x31, 0xc0, 
0x0f, 0xb6, 0x14, 0x07, 0x3a, 0x90, 0x17, 0x52, 0x40, 0x00, 0x0f, 0x85, 0x16, 0xfa, 0xff, 0xff, 
0x84, 0xd2, 0x0f, 0x84, 0xd6, 0xf8, 0xff, 0xff, 0x48, 0x83, 0xc0, 0x01, 0x48, 0x83, 0xf8, 0x08, 
0x75, 0xde, 0xe9, 0xc7, 0xf8, 0xff, 0xff, 0x48, 0x8d, 0x50, 0x90, 0x48, 0x83, 0xfa, 0x0e, 0x76, 
0x45, 0xb9, 0x7f, 0x00, 0x00, 0x00, 0x48, 0x8d, 0x14, 0x06, 0x48, 0x29, 0xc1, 0x49, 0x89, 0xc8, 
0x49, 0x83, 0xe0, 0xf0, 0x4e, 0x8d, 0x0c, 0x02, 0x41, 0xf6, 0xc0, 0x10, 0x74, 0x0c, 0x0f, 0x11, 
0x0a, 0x48, 0x83, 0xc2, 0x10, 0x4c, 0x39, 0xca, 0x74, 0x10, 0x0f, 0x11, 0x0a, 0x48, 0x83, 0xc2, 
0x20, 0x0f, 0x11, 0x4a, 0xf0, 0x4c, 0x39, 0xca, 0x75, 0xf0, 0x4c, 0x39, 0xc1, 0x0f, 0x84, 0xa6, 
0xf9, 0xff, 0xff, 0x4c, 0x01, 0xc0, 0x48, 0x8d, 0x14, 0x06, 0x48, 0x8d, 0x8c, 0x24, 0xbf, 0x00, 
0x00, 0x00, 0xa8, 0x01, 0x75, 0x10, 0xc6, 0x02, 0x00, 0x48, 0x83, 0xc2, 0x01, 0x48, 0x39, 0xd1, 
0x0f, 0x84, 0x83, 0xf9, 0xff, 0xff, 0xc6, 0x02, 0x00, 0x48, 0x83, 0xc2, 0x02, 0xc6, 0x42, 0xff, 
0x00, 0x48, 0x39, 0xd1, 0x0f, 0x84, 0x6f, 0xf9, 0xff, 0xff, 0xc6, 0x02, 0x00, 0x48, 0x83, 0xc2, 
0x02, 0xc6, 0x42, 0xff, 0x00, 0x48, 0x39, 0xd1, 0x75, 0xdc, 0xe9, 0x5a, 0xf9, 0xff, 0xff, 0x31, 
0xc0, 0x48, 0x89, 0xe7, 0x0f, 0xb6, 0x14, 0x06, 0x84, 0xd2, 0x0f, 0x84, 0x32, 0x02, 0x00, 0x00, 
0x88, 0x14, 0x07, 0x48, 0x83, 0xc0, 0x01, 0x48, 0x83, 0xf8, 0x3f, 0x75, 0xe7, 0xb8, 0x2f, 0x00, 
0x00, 0x00, 0x48, 0x8d, 0x74, 0x24, 0x40, 0x66, 0x89, 0x44, 0x24, 0x40, 0xe9, 0x28, 0xf9, 0xff, 
0xff, 0x66, 0x0f, 0x6f, 0x05, 0x97, 0x2d, 0x00, 0x00, 0xb8, 0x10, 0x00, 0x00, 0x00, 0xc7, 0x05, 
0x38, 0x6e, 0x00, 0x00, 0x00, 0x00, 0x00, 0x00, 0xc7, 0x05, 0xee, 0x62, 0x00, 0x00, 0x00, 0x00, 
0x00, 0x00, 0xc7, 0x05, 0xc8, 0x50, 0x00, 0x00, 0x00, 0x00, 0x00, 0x00, 0xc6, 0x05, 0x3d, 0x3e, 
0x00, 0x00, 0x61, 0x0f, 0x11, 0x05, 0x37, 0x3e, 0x00, 0x00, 0x0f, 0xb6, 0x90, 0x29, 0x59, 0x40, 
0x00, 0x48, 0x83, 0xc0, 0x01, 0x88, 0x90, 0xa0, 0x70, 0x40, 0x00, 0x48, 0x83, 0xf8, 0x1f, 0x75, 
0xe9, 0xb9, 0x34, 0x65, 0x16, 0x00, 0xba, 0x48, 0x59, 0x40, 0x00, 0xbe, 0x1c, 0x00, 0x00, 0x00, 
0x66, 0x0f, 0x6f, 0x05, 0x18, 0x2d, 0x00, 0x00, 0x48, 0xb8, 0xf4, 0xfd, 0xf0, 0x00, 0x4a, 0xa3, 
0x16, 0x00, 0xbf, 0x2d, 0x00, 0x00, 0x00, 0x41, 0xb9, 0x01, 0x00, 0x00, 0x00, 0x48, 0x89, 0x05, 
0xdc, 0x67, 0x00, 0x00, 0x0f, 0x29, 0x05, 0xc5, 0x67, 0x00, 0x00, 0xe8, 0x60, 0xd4, 0xff, 0xff, 
0xb9, 0x2a, 0x17, 0x0f, 0x00, 0xba, 0x78, 0x59, 0x40, 0x00, 0xbe, 0x4b, 0x00, 0x00, 0x00, 0xbf, 
0x28, 0x00, 0x00, 0x00, 0xe8, 0x47, 0xd4, 0xff, 0xff, 0xb9, 0x55, 0x41, 0x33, 0x00, 0xba, 0xb0, 
0x59, 0x40, 0x00, 0xbe, 0x61, 0x00, 0x00, 0x00, 0xbf, 0x28, 0x00, 0x00, 0x00, 0xe8, 0x0e, 0xd3, 
0xff, 0xff, 0xb9, 0x55, 0x41, 0x33, 0x00, 0xba, 0xf8, 0x59, 0x40, 0x00, 0xbe, 0x73, 0x00, 0x00, 
0x00, 0xbf, 0x28, 0x00, 0x00, 0x00, 0xe8, 0xf5, 0xd2, 0xff, 0xff, 0xb9, 0x55, 0x41, 0x33, 0x00, 
0xba, 0x38, 0x5a, 0x40, 0x00, 0xbe, 0x85, 0x00, 0x00, 0x00, 0xbf, 0x28, 0x00, 0x00, 0x00, 0xe8, 
0xdc, 0xd2, 0xff, 0xff, 0xb9, 0x55, 0x41, 0x33, 0x00, 0xba, 0x78, 0x5a, 0x40, 0x00, 0xbe, 0x97, 
0x00, 0x00, 0x00, 0xbf, 0x28, 0x00, 0x00, 0x00, 0xe8, 0xc3, 0xd2, 0xff, 0xff, 0xb9, 0x3b, 0x29, 
0x1e, 0x00, 0xba, 0xc0, 0x5a, 0x40, 0x00, 0x66, 0x0f, 0x6f, 0x05, 0x91, 0x2c, 0x00, 0x00, 0x48, 
0xb8, 0xf9, 0xf5, 0xf1, 0x00, 0xe1, 0xd5, 0xcb, 0x00, 0xbe, 0xc2, 0x00, 0x00, 0x00, 0xbf, 0x2d, 
0x00, 0x00, 0x00, 0xc7, 0x05, 0xf3, 0x66, 0x00, 0x00, 0x02, 0x00, 0x00, 0x00, 0x48, 0x89, 0x05, 
0x34, 0x67, 0x00, 0x00, 0x0f, 0x11, 0x05, 0x1d, 0x67, 0x00, 0x00, 0xe8, 0xa0, 0xd3, 0xff, 0xff, 
0xb9, 0x8b, 0x74, 0x64, 0x00, 0xba, 0xf0, 0x5a, 0x40, 0x00, 0xbe, 0xd6, 0x00, 0x00, 0x00, 0xbf, 
0x2d, 0x00, 0x00, 0x00, 0xe8, 0x67, 0xd2, 0xff, 0xff, 0xb9, 0x2a, 0x17, 0x0f, 0x00, 0xba, 0xd7, 
0x51, 0x40, 0x00, 0xbe, 0x03, 0x01, 0x00, 0x00, 0xbf, 0x28, 0x00, 0x00, 0x00, 0xe8, 0x4e, 0xd2, 
0xff, 0xff, 0x41, 0xb8, 0x01, 0x00, 0x00, 0x00, 0xb9, 0xdf, 0x60, 0x00, 0x00, 0xba, 0xe2, 0x51, 
0x40, 0x00, 0xbe, 0x03, 0x01, 0x00, 0x00, 0xbf, 0x6e, 0x00, 0x00, 0x00, 0xe8, 0x0f, 0xd1, 0xff, 
0xff, 0x41, 0xb8, 0x42, 0x50, 0x40, 0x00, 0xb9, 0x13, 0x01, 0x00, 0x00, 0xba, 0xfa, 0x00, 0x00, 
0x00, 0xbe, 0xff, 0x00, 0x00, 0x00, 0xbf, 0x6e, 0x00, 0x00, 0x00, 0xe8, 0xd0, 0xcf, 0xff, 0xff, 
0x41, 0xb8, 0x01, 0x00, 0x00, 0x00, 0xb9, 0xdf, 0x60, 0x00, 0x00, 0xba, 0xf3, 0x51, 0x40, 0x00, 
0xbe, 0x03, 0x01, 0x00, 0x00, 0xbf, 0x04, 0x01, 0x00, 0x00, 0x41, 0xb9, 0x01, 0x00, 0x00, 0x00, 
0xe8, 0xcb, 0xd0, 0xff, 0xff, 0x41, 0xb8, 0xed, 0x50, 0x40, 0x00, 0xb9, 0x13, 0x01, 0x00, 0x00, 
0xba, 0xf4, 0x01, 0x00, 0x00, 0xbe, 0xff, 0x00, 0x00, 0x00, 0xbf, 0x04, 0x01, 0x00, 0x00, 0x48, 
0x81, 0xc4, 0xc8, 0x00, 0x00, 0x00, 0xe9, 0x85, 0xcf, 0xff, 0xff, 0x31, 0xc0, 0xe9, 0xce, 0xf5, 
0xff, 0xff, 0x48, 0x8d, 0x50, 0xd0, 0x48, 0x83, 0xfa, 0x0e, 0x76, 0x2f, 0xb9, 0x3f, 0x00, 0x00, 
0x00, 0x48, 0x8d, 0x14, 0x07, 0x48, 0x29, 0xc1, 0x48, 0x89, 0xce, 0x48, 0x83, 0xe6, 0xf0, 0x4c, 
0x8d, 0x04, 0x16, 0x0f, 0x11, 0x0a, 0x48, 0x83, 0xc2, 0x10, 0x49, 0x39, 0xd0, 0x75, 0xf4, 0x48, 
0x39, 0xce, 0x0f, 0x84, 0xa5, 0xfd, 0xff, 0xff, 0x48, 0x01, 0xf0, 0x48, 0x8d, 0x14, 0x07, 0x48, 
0x8d, 0x4c, 0x24, 0x3f, 0xa8, 0x01, 0x75, 0x10, 0xc6, 0x02, 0x00, 0x48, 0x83, 0xc2, 0x01, 0x48, 
0x39, 0xd1, 0x0f, 0x84, 0x85, 0xfd, 0xff, 0xff, 0xc6, 0x02, 0x00, 0x48, 0x83, 0xc2, 0x02, 0xc6, 
0x42, 0xff, 0x00, 0x48, 0x39, 0xd1, 0x75, 0xf0, 0xe9, 0x70, 0xfd, 0xff, 0xff, 0x0f, 0x1f, 0x00, 
0x48, 0x81, 0xec, 0x48, 0x03, 0x00, 0x00, 0x41, 0x89, 0xf8, 0x49, 0x89, 0xf1, 0x48, 0x89, 0x9c, 
0x24, 0x30, 0x03, 0x00, 0x00, 0x48, 0x89, 0xac, 0x24, 0x38, 0x03, 0x00, 0x00, 0x83, 0xff, 0x01, 
0x0f, 0x8e, 0x1a, 0x01, 0x00, 0x00, 0x48, 0x8b, 0x56, 0x08, 0xbe, 0x20, 0x52, 0x40, 0x00, 0x0f, 
0xb6, 0x02, 0x48, 0x89, 0xd7, 0x89, 0xc1, 0x84, 0xc0, 0x75, 0x29, 0xe9, 0x00, 0x01, 0x00, 0x00, 
0x0f, 0x1f, 0x44, 0x00, 0x00, 0x66, 0x66, 0x2e, 0x0f, 0x1f, 0x84, 0x00, 0x00, 0x00, 0x00, 0x00, 
0x0f, 0xb6, 0x4f, 0x01, 0x48, 0x83, 0xc7, 0x01, 0x48, 0x83, 0xc6, 0x01, 0x84, 0xc9, 0x0f, 0x84, 
0x9b, 0x0a, 0x00, 0x00, 0x38, 0x0e, 0x74, 0xe8, 0x38, 0x0e, 0x0f, 0x84, 0xab, 0x09, 0x00, 0x00, 
0x89, 0xc1, 0x48, 0x89, 0xd6, 0xbf, 0x2a, 0x52, 0x40, 0x00, 0xeb, 0x28, 0x66, 0x0f, 0x1f, 0x84, 
0x00, 0x00, 0x00, 0x00, 0x00, 0x66, 0x66, 0x2e, 0x0f, 0x1f, 0x84, 0x00, 0x00, 0x00, 0x00, 0x00, 
0x0f, 0xb6, 0x4e, 0x01, 0x48, 0x83, 0xc6, 0x01, 0x48, 0x83, 0xc7, 0x01, 0x84, 0xc9, 0x0f, 0x84, 
0x07, 0x0b, 0x00, 0x00, 0x38, 0x0f, 0x74, 0xe8, 0x89, 0xc6, 0x49, 0x89, 0xd2, 0x38, 0x0f, 0x0f, 
0x84, 0x66, 0x09, 0x00, 0x00, 0xb9, 0x2d, 0x52, 0x40, 0x00, 0xeb, 0x24, 0x66, 0x0f, 0x1f, 0x84, 
0x00, 0x00, 0x00, 0x00, 0x00, 0x66, 0x66, 0x2e, 0x0f, 0x1f, 0x84, 0x00, 0x00, 0x00, 0x00, 0x00, 
0x0f, 0xb6, 0x42, 0x01, 0x48, 0x83, 0xc2, 0x01, 0x48, 0x83, 0xc1, 0x01, 0x84, 0xc0, 0x74, 0x04, 
0x38, 0x01, 0x74, 0xec, 0x38, 0x01, 0x0f, 0x84, 0xd1, 0x08, 0x00, 0x00, 0xb8, 0x34, 0x52, 0x40, 
0x00, 0xeb, 0x33, 0x0f, 0x1f, 0x80, 0x00, 0x00, 0x00, 0x00, 0x66, 0x66, 0x2e, 0x0f, 0x1f, 0x84, 
0x00, 0x00, 0x00, 0x00, 0x00, 0x66, 0x66, 0x2e, 0x0f, 0x1f, 0x84, 0x00, 0x00, 0x00, 0x00, 0x00, 
0x41, 0x0f, 0xb6, 0x72, 0x01, 0x49, 0x83, 0xc2, 0x01, 0x48, 0x83, 0xc0, 0x01, 0x40, 0x84, 0xf6, 
0x0f, 0x84, 0x8c, 0x0a, 0x00, 0x00, 0x40, 0x38, 0x30, 0x74, 0xe5, 0x40, 0x38, 0x30, 0x0f, 0x84, 
0x89, 0x08, 0x00, 0x00, 0x90, 0x66, 0x66, 0x2e, 0x0f, 0x1f, 0x84, 0x00, 0x00, 0x00, 0x00, 0x00, 
0xb8, 0x01, 0x00, 0x00, 0x00, 0xbf, 0x01, 0x00, 0x00, 0x00, 0xbe, 0x38, 0x5c, 0x40, 0x00, 0xba, 
0x4d, 0x00, 0x00, 0x00, 0x0f, 0x05, 0x48, 0xb8, 0x3d, 0x80, 0x6e, 0x4f, 0x2b, 0xc9, 0x17, 0x5a, 
0x48, 0xc7, 0x05, 0xe5, 0x3c, 0x00, 0x00, 0x00, 0x73, 0x40, 0x00, 0x48, 0x89, 0x05, 0xe6, 0x3c, 
0x00, 0x00, 0xb8, 0xba, 0x00, 0x00, 0x00, 0x0f, 0x05, 0x89, 0x05, 0xe1, 0x3c, 0x00, 0x00, 0xb8, 
0x27, 0x00, 0x00, 0x00, 0x0f, 0x05, 0xbe, 0x00, 0x73, 0x40, 0x00, 0x89, 0x05, 0xd3, 0x3c, 0x00, 
0x00, 0xbf, 0x02, 0x10, 0x00, 0x00, 0xb8, 0x9e, 0x00, 0x00, 0x00, 0x0f, 0x05, 0xb8, 0x01, 0x00, 
0x00, 0x00, 0xbf, 0x01, 0x00, 0x00, 0x00, 0xbe, 0x88, 0x5c, 0x40, 0x00, 0xba, 0x2f, 0x00, 0x00, 
0x00, 0x0f, 0x05, 0x8b, 0x15, 0xab, 0x3c, 0x00, 0x00, 0x85, 0xd2, 0x0f, 0x84, 0xc7, 0x00, 0x00, 
0x00, 0xb9, 0x01, 0x00, 0x00, 0x00, 0x41, 0xba, 0xcd, 0xcc, 0xcc, 0xcc, 0x0f, 0x8e, 0xaa, 0x0a, 
0x00, 0x00, 0x0f, 0x1f, 0x80, 0x00, 0x00, 0x00, 0x00, 0x66, 0x66, 0x2e, 0x0f, 0x1f, 0x84, 0x00, 
0x00, 0x00, 0x00, 0x00, 0x66, 0x66, 0x2e, 0x0f, 0x1f, 0x84, 0x00, 0x00, 0x00, 0x00, 0x00, 0x66, 
0x66, 0x2e, 0x0f, 0x1f, 0x84, 0x00, 0x00, 0x00, 0x00, 0x00, 0x66, 0x66, 0x2e, 0x0f, 0x1f, 0x84, 
0x00, 0x00, 0x00, 0x00, 0x00, 0x66, 0x66, 0x2e, 0x0f, 0x1f, 0x84, 0x00, 0x00, 0x00, 0x00, 0x00, 
0x89, 0xd0, 0x89, 0xd6, 0x49, 0x0f, 0xaf, 0xc2, 0x48, 0xc1, 0xe8, 0x23, 0x8d, 0x3c, 0x80, 0x01, 
0xff, 0x29, 0xfe, 0x83, 0xc6, 0x30, 0x40, 0x88, 0xb4, 0x0c, 0x2f, 0x02, 0x00, 0x00, 0x89, 0xd6, 
0x89, 0xc2, 0x48, 0x89, 0xc8, 0x48, 0x83, 0xc1, 0x01, 0x83, 0xfe, 0x09, 0x7f, 0xd2, 0x8d, 0x48, 
0xff, 0x48, 0x8d, 0x74, 0x24, 0x10, 0x41, 0x89, 0xc2, 0x48, 0x8d, 0x94, 0x0c, 0x30, 0x02, 0x00, 
0x00, 0x48, 0x89, 0xf0, 0x48, 0x8d, 0x7c, 0x0c, 0x11, 0x90, 0x66, 0x66, 0x2e, 0x0f, 0x1f, 0x84, 
0x00, 0x00, 0x00, 0x00, 0x00, 0x66, 0x66, 0x2e, 0x0f, 0x1f, 0x84, 0x00, 0x00, 0x00, 0x00, 0x00, 
0x0f, 0xb6, 0x0a, 0x48, 0x83, 0xc0, 0x01, 0x48, 0x83, 0xea, 0x01, 0x88, 0x48, 0xff, 0x48, 0x39, 
0xf8, 0x75, 0xed, 0xeb, 0x13, 0x0f, 0x1f, 0x00, 0xc6, 0x44, 0x24, 0x10, 0x30, 0x41, 0xba, 0x01, 
0x00, 0x00, 0x00, 0x48, 0x8d, 0x74, 0x24, 0x10, 0x44, 0x89, 0xd0, 0x31, 0xd2, 0xc6, 0x44, 0x04, 
0x10, 0x00, 0x80, 0x7c, 0x24, 0x10, 0x00, 0x74, 0x11, 0x0f, 0x1f, 0x80, 0x00, 0x00, 0x00, 0x00, 
0x48, 0x83, 0xc2, 0x01, 0x80, 0x3c, 0x16, 0x00, 0x75, 0xf6, 0xb8, 0x01, 0x00, 0x00, 0x00, 0xbf, 
0x01, 0x00, 0x00, 0x00, 0x0f, 0x05, 0xb8, 0x01, 0x00, 0x00, 0x00, 0xbe, 0x5f, 0x52, 0x40, 0x00, 
0xba, 0x02, 0x00, 0x00, 0x00, 0x0f, 0x05, 0xb8, 0x29, 0x00, 0x00, 0x00, 0x48, 0x89, 0xd7, 0xbe, 
0x01, 0x00, 0x00, 0x00, 0x31, 0xd2, 0x0f, 0x05, 0x89, 0x05, 0x42, 0x3b, 0x00, 0x00, 0x48, 0x63, 
0xf8, 0x85, 0xc0, 0x0f, 0x88, 0x89, 0x08, 0x00, 0x00, 0x48, 0xb8, 0x02, 0x00, 0x1b, 0x58, 0x7f, 
0x00, 0x00, 0x01, 0x48, 0x8d, 0x74, 0x24, 0x20, 0xba, 0x10, 0x00, 0x00, 0x00, 0x48, 0xc7, 0x44, 
0x24, 0x28, 0x00, 0x00, 0x00, 0x00, 0x48, 0x89, 0x44, 0x24, 0x20, 0xb8, 0x2a, 0x00, 0x00, 0x00, 
0x0f, 0x05, 0x85, 0xc0, 0x0f, 0x88, 0x19, 0x08, 0x00, 0x00, 0x66, 0x0f, 0xef, 0xff, 0x48, 0x8d, 
0x6c, 0x24, 0x30, 0x48, 0x8d, 0x9c, 0x24, 0x30, 0x01, 0x00, 0x00, 0x48, 0x89, 0xe8, 0x66, 0x0f, 
0x6f, 0xc7, 0x0f, 0x1f, 0x00, 0x66, 0x66, 0x2e, 0x0f, 0x1f, 0x84, 0x00, 0x00, 0x00, 0x00, 0x00, 
0x0f, 0x29, 0x00, 0x48, 0x83, 0xc0, 0x20, 0x0f, 0x29, 0x40, 0xf0, 0x48, 0x39, 0xc3, 0x75, 0xf0, 
0x8b, 0x3d, 0xca, 0x3a, 0x00, 0x00, 0xc7, 0x44, 0x24, 0x30, 0x01, 0x00, 0x00, 0x00, 0x85, 0xff, 
0x78, 0x17, 0xb8, 0x01, 0x00, 0x00, 0x00, 0xba, 0x00, 0x01, 0x00, 0x00, 0x48, 0x8d, 0x74, 0x24, 
0x30, 0x0f, 0x05, 0x8b, 0x3d, 0xa7, 0x3a, 0x00, 0x00, 0x48, 0x63, 0xff, 0x31, 0xc0, 0x48, 0x8d, 
0x74, 0x24, 0x30, 0xba, 0x00, 0x01, 0x00, 0x00, 0x0f, 0x05, 0x48, 0x85, 0xc0, 0x0f, 0x8e, 0x6b, 
0x07, 0x00, 0x00, 0x69, 0x4c, 0x24, 0x40, 0xe8, 0x03, 0x00, 0x00, 0x48, 0x8d, 0x44, 0x24, 0x30, 
0x66, 0x0f, 0x6f, 0xc7, 0x83, 0xc1, 0x01, 0x89, 0x0d, 0x33, 0xfc, 0x00, 0x00, 0x0f, 0x1f, 0x00, 
0x0f, 0x29, 0x00, 0x48, 0x83, 0xc0, 0x20, 0x0f, 0x29, 0x40, 0xf0, 0x48, 0x39, 0xc3, 0x75, 0xf0, 
0x66, 0x0f, 0x6f, 0x05, 0x68, 0x27, 0x00, 0x00, 0x89, 0x4c, 0x24, 0x34, 0x48, 0xb8, 0x50, 0x00, 
0x00, 0x00, 0x32, 0x00, 0x00, 0x00, 0xc7, 0x44, 0x24, 0x30, 0x02, 0x00, 0x00, 0x00, 0x48, 0x89, 
0x44, 0x24, 0x38, 0x31, 0xc0, 0x0f, 0x29, 0x44, 0x24, 0x40, 0x66, 0x66, 0x2e, 0x0f, 0x1f, 0x84, 
0x00, 0x00, 0x00, 0x00, 0x00, 0x66, 0x66, 0x2e, 0x0f, 0x1f, 0x84, 0x00, 0x00, 0x00, 0x00, 0x00, 
0x0f, 0xb6, 0x90, 0xa0, 0x5d, 0x40, 0x00, 0x84, 0xd2, 0x0f, 0x84, 0x51, 0x02, 0x00, 0x00, 0x88, 
0x54, 0x04, 0x50, 0x48, 0x83, 0xc0, 0x01, 0x48, 0x83, 0xf8, 0x3f, 0x75, 0xe3, 0x8b, 0x3d, 0xfd, 
0x39, 0x00, 0x00, 0x85, 0xff, 0x78, 0x1d, 0xb8, 0x01, 0x00, 0x00, 0x00, 0xba, 0x00, 0x01, 0x00, 
0x00, 0x48, 0x8d, 0x74, 0x24, 0x30, 0x0f, 0x05, 0x8b, 0x0d, 0xa2, 0xfb, 0x00, 0x00, 0x8b, 0x3d, 
0xdc, 0x39, 0x00, 0x00, 0x48, 0x8d, 0x44, 0x24, 0x30, 0x66, 0x0f, 0x6f, 0xc7, 0x0f, 0x1f, 0x00, 
0x0f, 0x29, 0x00, 0x48, 0x83, 0xc0, 0x20, 0x0f, 0x29, 0x40, 0xf0, 0x48, 0x39, 0xc3, 0x75, 0xf0, 
0xc7, 0x44, 0x24, 0x30, 0x04, 0x00, 0x00, 0x00, 0x89, 0x4c, 0x24, 0x34, 0x85, 0xff, 0x78, 0x13, 
0x89, 0xff, 0xb8, 0x01, 0x00, 0x00, 0x00, 0xba, 0x00, 0x01, 0x00, 0x00, 0x48, 0x8d, 0x74, 0x24, 
0x30, 0x0f, 0x05, 0x41, 0x83, 0xf8, 0x01, 0x0f, 0x8e, 0xc3, 0x00, 0x00, 0x00, 0x49, 0x8b, 0x79, 
0x08, 0x0f, 0xb6, 0x07, 0x3c, 0x2d, 0x0f, 0x84, 0xb4, 0x00, 0x00, 0x00, 0x84, 0xc0, 0x0f, 0x85, 
0xb1, 0x00, 0x00, 0x00, 0xe8, 0x07, 0xd4, 0xff, 0xff, 0xb8, 0x01, 0x00, 0x00, 0x00, 0xbe, 0xc8, 
0x5d, 0x40, 0x00, 0xba, 0x35, 0x00, 0x00, 0x00, 0x48, 0x89, 0xc7, 0x0f, 0x05, 0x66, 0x0f, 0x6e, 
0x35, 0x77, 0x26, 0x00, 0x00, 0x66, 0x66, 0x2e, 0x0f, 0x1f, 0x84, 0x00, 0x00, 0x00, 0x00, 0x00, 
0x8b, 0x05, 0x4a, 0x39, 0x00, 0x00, 0x66, 0x0f, 0x7e, 0x74, 0x24, 0x0c, 0xba, 0x10, 0x00, 0x00, 
0x00, 0x48, 0x8d, 0x7c, 0x24, 0x08, 0xbe, 0x01, 0x00, 0x00, 0x00, 0x89, 0x44, 0x24, 0x08, 0xb8, 
0x07, 0x00, 0x00, 0x00, 0x0f, 0x05, 0x85, 0xc0, 0x7e, 0xd6, 0xf6, 0x44, 0x24, 0x0e, 0x01, 0x74, 
0xcf, 0x48, 0x63, 0x3d, 0x18, 0x39, 0x00, 0x00, 0x31, 0xc0, 0xba, 0x00, 0x01, 0x00, 0x00, 0x48, 
0x89, 0xde, 0x0f, 0x05, 0x85, 0xc0, 0x0f, 0x8e, 0x4c, 0x03, 0x00, 0x00, 0x8b, 0x84, 0x24, 0x30, 
0x01, 0x00, 0x00, 0x3d, 0x08, 0x80, 0x00, 0x00, 0x0f, 0x84, 0x22, 0x05, 0x00, 0x00, 0x3d, 0x03, 
0x80, 0x00, 0x00, 0x74, 0x2b, 0x3d, 0x06, 0x80, 0x00, 0x00, 0x0f, 0x84, 0x80, 0x00, 0x00, 0x00, 
0x3d, 0x02, 0x80, 0x00, 0x00, 0x75, 0x89, 0xe8, 0x64, 0xd3, 0xff, 0xff, 0xeb, 0x82, 0x66, 0x90, 
0xbf, 0x42, 0x50, 0x40, 0x00, 0xe8, 0x76, 0xed, 0xff, 0xff, 0xe9, 0x45, 0xff, 0xff, 0xff, 0x90, 
0x8b, 0x94, 0x24, 0x3c, 0x01, 0x00, 0x00, 0x8b, 0x84, 0x24, 0x38, 0x01, 0x00, 0x00, 0x83, 0xfa, 
0x1d, 0x0f, 0x8e, 0xf9, 0x01, 0x00, 0x00, 0x8d, 0x4a, 0xe2, 0x83, 0xf9, 0x25, 0x0f, 0x87, 0x7d, 
0x02, 0x00, 0x00, 0x83, 0xf8, 0x07, 0x7e, 0x28, 0x83, 0xf8, 0x21, 0x0f, 0x8e, 0x21, 0x06, 0x00, 
0x00, 0x83, 0xf8, 0x25, 0x7e, 0x1a, 0x83, 0xf8, 0x3f, 0x0f, 0x8f, 0xda, 0x06, 0x00, 0x00, 0x83, 
0xea, 0x23, 0x83, 0xfa, 0x19, 0x0f, 0x86, 0x30, 0x07, 0x00, 0x00, 0x0f, 0x1f, 0x44, 0x00, 0x00, 
0xc7, 0x05, 0xa6, 0x48, 0x00, 0x00, 0x00, 0x00, 0x00, 0x00, 0xe9, 0x11, 0xff, 0xff, 0xff, 0x90, 
0x8b, 0x05, 0x9a, 0x48, 0x00, 0x00, 0x0f, 0xb6, 0x8c, 0x24, 0x3c, 0x01, 0x00, 0x00, 0x85, 0xc0, 
0x0f, 0x84, 0x1a, 0x01, 0x00, 0x00, 0x80, 0xf9, 0x0a, 0x0f, 0x84, 0x71, 0x03, 0x00, 0x00, 0x80, 
0xf9, 0x0d, 0x0f, 0x84, 0x68, 0x03, 0x00, 0x00, 0x80, 0xf9, 0x08, 0x0f, 0x84, 0x4c, 0x06, 0x00, 
0x00, 0x80, 0xf9, 0x7f, 0x0f, 0x84, 0x43, 0x06, 0x00, 0x00, 0x8d, 0x41, 0xe0, 0x3c, 0x5e, 0x0f, 
0x87, 0xcb, 0xfe, 0xff, 0xff, 0x80, 0x3d, 0x14, 0x36, 0x00, 0x00, 0x00, 0x0f, 0x84, 0x36, 0x07, 
0x00, 0x00, 0x31, 0xc0, 0x90, 0x66, 0x66, 0x2e, 0x0f, 0x1f, 0x84, 0x00, 0x00, 0x00, 0x00, 0x00, 
0x48, 0x89, 0xc2, 0x48, 0x83, 0xc0, 0x01, 0x80, 0xb8, 0xe0, 0x70, 0x40, 0x00, 0x00, 0x75, 0xf0, 
0x48, 0x83, 0xc2, 0x02, 0x48, 0x3d, 0xfe, 0x00, 0x00, 0x00, 0x0f, 0x87, 0x90, 0xfe, 0xff, 0xff, 
0x88, 0x88, 0xe0, 0x70, 0x40, 0x00, 0xc6, 0x82, 0xe0, 0x70, 0x40, 0x00, 0x00, 0xe8, 0x5e, 0xd2, 
0xff, 0xff, 0xe9, 0x79, 0xfe, 0xff, 0xff, 0x66, 0x0f, 0x1f, 0x84, 0x00, 0x00, 0x00, 0x00, 0x00, 
0x48, 0x8d, 0x50, 0xd0, 0x48, 0x83, 0xfa, 0x0e, 0x76, 0x34, 0xbe, 0x3f, 0x00, 0x00, 0x00, 0x48, 
0x8d, 0x54, 0x04, 0x50, 0x66, 0x0f, 0x6f, 0xc7, 0x48, 0x29, 0xc6, 0x49, 0x89, 0xf2, 0x49, 0x83, 
0xe2, 0xf0, 0x49, 0x8d, 0x3c, 0x12, 0x0f, 0x11, 0x02, 0x48, 0x83, 0xc2, 0x10, 0x48, 0x39, 0xd7, 
0x75, 0xf4, 0x49, 0x39, 0xf2, 0x0f, 0x84, 0x82, 0xfd, 0xff, 0xff, 0x4c, 0x01, 0xd0, 0x48, 0x8d, 
0x54, 0x04, 0x50, 0x48, 0x8d, 0xb4, 0x24, 0x8f, 0x00, 0x00, 0x00, 0xa8, 0x01, 0x75, 0x11, 0xc6, 
0x02, 0x00, 0x48, 0x83, 0xc2, 0x01, 0x48, 0x39, 0xd6, 0x0f, 0x84, 0x5e, 0xfd, 0xff, 0xff, 0x90, 
0xc6, 0x02, 0x00, 0x48, 0x83, 0xc2, 0x02, 0xc6, 0x42, 0xff, 0x00, 0x48, 0x39, 0xd6, 0x0f, 0x84, 
0x49, 0xfd, 0xff, 0xff, 0xc6, 0x02, 0x00, 0x48, 0x83, 0xc2, 0x02, 0xc6, 0x42, 0xff, 0x00, 0x48, 
0x39, 0xd6, 0x75, 0xdc, 0xe9, 0x34, 0xfd, 0xff, 0xff, 0x0f, 0x1f, 0x80, 0x00, 0x00, 0x00, 0x00, 
0x80, 0xf9, 0x1b, 0x0f, 0x84, 0xff, 0x04, 0x00, 0x00, 0x83, 0xe9, 0x48, 0x80, 0xf9, 0x2a, 0x0f, 
0x87, 0xcb, 0xfd, 0xff, 0xff, 0x48, 0xba, 0x00, 0x02, 0x00, 0x00, 0x00, 0x02, 0x00, 0x00, 0xb8, 
0x01, 0x00, 0x00, 0x00, 0x48, 0xd3, 0xe0, 0x48, 0x85, 0xd0, 0x0f, 0x85, 0xd8, 0x04, 0x00, 0x00, 
0x48, 0xba, 0x01, 0x00, 0x00, 0x00, 0x01, 0x00, 0x00, 0x00, 0x48, 0x85, 0xd0, 0x0f, 0x85, 0x66, 
0x02, 0x00, 0x00, 0x48, 0xba, 0x00, 0x04, 0x00, 0x00, 0x00, 0x04, 0x00, 0x00, 0x48, 0x85, 0xd0, 
0x0f, 0x84, 0x8a, 0xfd, 0xff, 0xff, 0x80, 0x3d, 0xd3, 0x35, 0x00, 0x00, 0x00, 0x0f, 0x84, 0xf4, 
0xfd, 0xff, 0xff, 0xbf, 0xe0, 0x71, 0x40, 0x00, 0xe8, 0x73, 0xeb, 0xff, 0xff, 0xe8, 0x4e, 0xd1, 
0xff, 0xff, 0xe9, 0x69, 0xfd, 0xff, 0xff, 0x66, 0x0f, 0x1f, 0x84, 0x00, 0x00, 0x00, 0x00, 0x00, 
0x8d, 0x90, 0x38, 0xff, 0xff, 0xff, 0x83, 0xfa, 0x11, 0x0f, 0x87, 0x31, 0x01, 0x00, 0x00, 0x48, 
0x8d, 0xb4, 0x24, 0x30, 0x02, 0x00, 0x00, 0x66, 0x0f, 0x6f, 0xc7, 0x48, 0x89, 0xf0, 0x0f, 0x1f, 
0x80, 0x00, 0x00, 0x00, 0x00, 0x66, 0x66, 0x2e, 0x0f, 0x1f, 0x84, 0x00, 0x00, 0x00, 0x00, 0x00, 
0x0f, 0x29, 0x00, 0x48, 0x8d, 0x8c, 0x24, 0x30, 0x03, 0x00, 0x00, 0x48, 0x83, 0xc0, 0x20, 0x0f, 
0x29, 0x40, 0xf0, 0x48, 0x39, 0xc1, 0x75, 0xe8, 0x8b, 0x05, 0x22, 0xf8, 0x00, 0x00, 0xc7, 0x84, 
0x24, 0x30, 0x02, 0x00, 0x00, 0x03, 0x00, 0x00, 0x00, 0x89, 0x84, 0x24, 0x34, 0x02, 0x00, 0x00, 
0x8b, 0x05, 0x4a, 0x36, 0x00, 0x00, 0x85, 0xc0, 0x78, 0x0e, 0x89, 0xc7, 0xba, 0x00, 0x01, 0x00, 
0x00, 0xb8, 0x01, 0x00, 0x00, 0x00, 0x0f, 0x05, 0xb8, 0xe7, 0x00, 0x00, 0x00, 0x31, 0xff, 0x0f, 
0x05, 0xe9, 0xda, 0xfc, 0xff, 0xff, 0x66, 0x2e, 0x0f, 0x1f, 0x84, 0x00, 0x00, 0x00, 0x00, 0x00, 
0x83, 0xfa, 0x5b, 0x0f, 0x8f, 0xc9, 0x00, 0x00, 0x00, 0x8d, 0x50, 0xf4, 0x83, 0xfa, 0x6b, 0x0f, 
0x86, 0x84, 0x01, 0x00, 0x00, 0x8d, 0x90, 0x7e, 0xff, 0xff, 0xff, 0x83, 0xfa, 0x40, 0x0f, 0x86, 
0xa3, 0x04, 0x00, 0x00, 0x8d, 0x90, 0x33, 0xff, 0xff, 0xff, 0x83, 0xfa, 0x52, 0x0f, 0x86, 0xed, 
0x04, 0x00, 0x00, 0x8d, 0x90, 0xd6, 0xfe, 0xff, 0xff, 0x83, 0xfa, 0x5b, 0x0f, 0x86, 0xf2, 0x04, 
0x00, 0x00, 0x2d, 0x90, 0x01, 0x00, 0x00, 0x83, 0xf8, 0x77, 0x0f, 0x87, 0x80, 0xfc, 0xff, 0xff, 
0xbf, 0xed, 0x50, 0x40, 0x00, 0xe8, 0x76, 0xea, 0xff, 0xff, 0xe8, 0x51, 0xd0, 0xff, 0xff, 0xe9, 
0x6c, 0xfc, 0xff, 0xff, 0x0f, 0x1f, 0x40, 0x00, 0x8b, 0x3d, 0xb2, 0x35, 0x00, 0x00, 0x85, 0xff, 
0x78, 0x07, 0xb8, 0x03, 0x00, 0x00, 0x00, 0x0f, 0x05, 0xb8, 0x01, 0x00, 0x00, 0x00, 0xbe, 0x30, 
0x5e, 0x40, 0x00, 0xba, 0x22, 0x00, 0x00, 0x00, 0x48, 0x89, 0xc7, 0x0f, 0x05, 0xb8, 0xe7, 0x00, 
0x00, 0x00, 0x31, 0xff, 0x0f, 0x05, 0x31, 0xc0, 0x48, 0x8b, 0x9c, 0x24, 0x30, 0x03, 0x00, 0x00, 
0x48, 0x8b, 0xac, 0x24, 0x38, 0x03, 0x00, 0x00, 0x48, 0x81, 0xc4, 0x48, 0x03, 0x00, 0x00, 0xc3, 
0x2d, 0xdc, 0x00, 0x00, 0x00, 0x83, 0xf8, 0x13, 0x0f, 0x87, 0x12, 0xfc, 0xff, 0xff, 0xbf, 0x9a, 
0x51, 0x40, 0x00, 0xe8, 0x08, 0xea, 0xff, 0xff, 0xe8, 0xe3, 0xcf, 0xff, 0xff, 0xe9, 0xfe, 0xfb, 
0xff, 0xff, 0x81, 0xfa, 0xf1, 0x01, 0x00, 0x00, 0x0f, 0x8f, 0xf2, 0xfb, 0xff, 0xff, 0x8b, 0x3d, 
0x80, 0x45, 0x00, 0x00, 0x85, 0xff, 0x0f, 0x8e, 0xe4, 0xfb, 0xff, 0xff, 0x8d, 0x4a, 0xa4, 0x31, 
0xf6, 0xba, 0x40, 0x83, 0x40, 0x00, 0xeb, 0x1a, 0x0f, 0x1f, 0x84, 0x00, 0x00, 0x00, 0x00, 0x00, 
0x83, 0xc6, 0x01, 0x48, 0x81, 0xc2, 0x90, 0x00, 0x00, 0x00, 0x39, 0xf7, 0x0f, 0x84, 0xbe, 0xfb, 
0xff, 0xff, 0x3b, 0x02, 0x7c, 0xea, 0x3b, 0x42, 0x08, 0x7f, 0xe5, 0x3b, 0x4a, 0x04, 0x7c, 0xe0, 
0x3b, 0x4a, 0x0c, 0x7f, 0xdb, 0x48, 0x8d, 0x04, 0xf6, 0x48, 0xc1, 0xe0, 0x04, 0x48, 0x8d, 0xb8, 
0x50, 0x83, 0x40, 0x00, 0x80, 0xb8, 0x50, 0x83, 0x40, 0x00, 0x00, 0x0f, 0x84, 0x06, 0xfc, 0xff, 
0xff, 0xe9, 0x12, 0xfe, 0xff, 0xff, 0x66, 0x2e, 0x0f, 0x1f, 0x84, 0x00, 0x00, 0x00, 0x00, 0x00, 
0x80, 0x3d, 0xc9, 0x32, 0x00, 0x00, 0x00, 0xc7, 0x05, 0xff, 0x44, 0x00, 0x00, 0x00, 0x00, 0x00, 
0x00, 0x0f, 0x84, 0xe0, 0xfb, 0xff, 0xff, 0xbf, 0xe0, 0x70, 0x40, 0x00, 0xe8, 0x5f, 0xe9, 0xff, 
0xff, 0xe8, 0x3a, 0xcf, 0xff, 0xff, 0xe9, 0x55, 0xfb, 0xff, 0xff, 0x83, 0xf8, 0x61, 0x0f, 0x8e, 
0x2c, 0xfc, 0xff, 0xff, 0x83, 0xf8, 0x7b, 0x0f, 0x8f, 0x0f, 0x03, 0x00, 0x00, 0x83, 0xea, 0x23, 
0x83, 0xfa, 0x19, 0x0f, 0x87, 0x17, 0xfc, 0xff, 0xff, 0xbf, 0x42, 0x50, 0x40, 0x00, 0xe8, 0x2d, 
0xe9, 0xff, 0xff, 0xe8, 0x08, 0xcf, 0xff, 0xff, 0xe9, 0x23, 0xfb, 0xff, 0xff, 0xbf, 0x01, 0x00, 
0x00, 0x00, 0xbe, 0x70, 0x5b, 0x40, 0x00, 0xba, 0x20, 0x00, 0x00, 0x00, 0x48, 0x89, 0xf8, 0x0f, 
0x05, 0xbe, 0x55, 0x52, 0x40, 0x00, 0x48, 0x89, 0xf8, 0xba, 0x09, 0x00, 0x00, 0x00, 0x0f, 0x05, 
0xbe, 0x98, 0x5b, 0x40, 0x00, 0x48, 0x89, 0xf8, 0xba, 0x37, 0x00, 0x00, 0x00, 0x0f, 0x05, 0xbe, 
0xd0, 0x5b, 0x40, 0x00, 0x48, 0x89, 0xf8, 0xba, 0x2f, 0x00, 0x00, 0x00, 0x0f, 0x05, 0xbe, 0x00, 
0x5c, 0x40, 0x00, 0x48, 0x89, 0xf8, 0xba, 0x34, 0x00, 0x00, 0x00, 0x0f, 0x05, 0xb8, 0xe7, 0x00, 
0x00, 0x00, 0x31, 0xff, 0x0f, 0x05, 0xe9, 0x25, 0xf7, 0xff, 0xff, 0xbf, 0x01, 0x00, 0x00, 0x00, 
0xbe, 0x30, 0x5b, 0x40, 0x00, 0xba, 0x3b, 0x00, 0x00, 0x00, 0x48, 0x89, 0xf8, 0x0f, 0x05, 0xbe, 
0x37, 0x52, 0x40, 0x00, 0x48, 0x89, 0xf8, 0xba, 0x1d, 0x00, 0x00, 0x00, 0x0f, 0x05, 0xb8, 0xe7, 
0x00, 0x00, 0x00, 0x31, 0xff, 0x0f, 0x05, 0x49, 0x8b, 0x51, 0x08, 0x0f, 0xb6, 0x02, 0x84, 0xc0, 
0x0f, 0x84, 0xea, 0xf6, 0xff, 0xff, 0x89, 0xc6, 0x49, 0x89, 0xd2, 0xe9, 0x55, 0xf6, 0xff, 0xff, 
0xb8, 0x01, 0x00, 0x00, 0x00, 0xbe, 0x00, 0x5e, 0x40, 0x00, 0xba, 0x2f, 0x00, 0x00, 0x00, 0x48, 
0x89, 0xc7, 0x0f, 0x05, 0x48, 0x89, 0xd8, 0x48, 0x8d, 0x4c, 0x24, 0x30, 0x48, 0x29, 0xc8, 0xa8, 
0x10, 0x74, 0x2d, 0x48, 0x8d, 0x6c, 0x24, 0x40, 0x0f, 0x29, 0x7c, 0x24, 0x30, 0x48, 0x39, 0xeb, 
0x74, 0x2f, 0x0f, 0x1f, 0x84, 0x00, 0x00, 0x00, 0x00, 0x00, 0x66, 0x66, 0x2e, 0x0f, 0x1f, 0x84, 
0x00, 0x00, 0x00, 0x00, 0x00, 0x66, 0x66, 0x2e, 0x0f, 0x1f, 0x84, 0x00, 0x00, 0x00, 0x00, 0x00, 
0x0f, 0x29, 0x7d, 0x00, 0x48, 0x83, 0xc5, 0x20, 0x0f, 0x29, 0x7d, 0xf0, 0x48, 0x39, 0xeb, 0x75, 
0xef, 0x8b, 0x05, 0x29, 0xf5, 0x00, 0x00, 0xc7, 0x44, 0x24, 0x30, 0x03, 0x00, 0x00, 0x00, 0x89, 
0x44, 0x24, 0x34, 0x8b, 0x05, 0x57, 0x33, 0x00, 0x00, 0x85, 0xc0, 0x0f, 0x88, 0xa8, 0xfd, 0xff, 
0xff, 0x89, 0xc7, 0xba, 0x00, 0x01, 0x00, 0x00, 0xb8, 0x01, 0x00, 0x00, 0x00, 0x48, 0x8d, 0x74, 
0x24, 0x30, 0x0f, 0x05, 0x8b, 0x3d, 0x36, 0x33, 0x00, 0x00, 0xe9, 0x7f, 0xfd, 0xff, 0xff, 0x31, 
0xc9, 0x38, 0x0e, 0x0f, 0x85, 0x67, 0xf5, 0xff, 0xff, 0xe9, 0x0d, 0xff, 0xff, 0xff, 0xb8, 0x01, 
0x00, 0x00, 0x00, 0xbf, 0x01, 0x00, 0x00, 0x00, 0xbe, 0x70, 0x5d, 0x40, 0x00, 0xba, 0x2b, 0x00, 
0x00, 0x00, 0x0f, 0x05, 0x48, 0x63, 0x3d, 0x05, 0x33, 0x00, 0x00, 0xb8, 0x03, 0x00, 0x00, 0x00, 
0x0f, 0x05, 0xb8, 0xe7, 0x00, 0x00, 0x00, 0xbf, 0x01, 0x00, 0x00, 0x00, 0x0f, 0x05, 0xe9, 0x60, 
0xf8, 0xff, 0xff, 0xbf, 0x01, 0x00, 0x00, 0x00, 0xbe, 0xf0, 0x5c, 0x40, 0x00, 0xba, 0x3f, 0x00, 
0x00, 0x00, 0x48, 0x89, 0xf8, 0x0f, 0x05, 0xbe, 0x30, 0x5d, 0x40, 0x00, 0x48, 0x89, 0xf8, 0xba, 
0x3c, 0x00, 0x00, 0x00, 0x0f, 0x05, 0x48, 0x63, 0x3d, 0xc3, 0x32, 0x00, 0x00, 0xb8, 0x03, 0x00, 
0x00, 0x00, 0x0f, 0x05, 0xb8, 0xe7, 0x00, 0x00, 0x00, 0x31, 0xff, 0x0f, 0x05, 0xe9, 0xa8, 0xf7, 
0xff, 0xff, 0xb8, 0x01, 0x00, 0x00, 0x00, 0xbf, 0x01, 0x00, 0x00, 0x00, 0xbe, 0xb8, 0x5c, 0x40, 
0x00, 0xba, 0x31, 0x00, 0x00, 0x00, 0x0f, 0x05, 0xb8, 0xe7, 0x00, 0x00, 0x00, 0x0f, 0x05, 0x48, 
0x63, 0x3d, 0x8a, 0x32, 0x00, 0x00, 0xe9, 0x4e, 0xf7, 0xff, 0xff, 0x31, 0xc9, 0xe9, 0xf6, 0xf4, 
0xff, 0xff, 0x31, 0xf6, 0x40, 0x38, 0x30, 0x0f, 0x85, 0x83, 0xf5, 0xff, 0xff, 0xe9, 0xfb, 0xfd, 
0xff, 0xff, 0x83, 0xea, 0x23, 0x83, 0xfa, 0x19, 0x0f, 0x87, 0xf2, 0xf9, 0xff, 0xff, 0x8b, 0x05, 
0x7c, 0x2f, 0x00, 0x00, 0x85, 0xc0, 0x0f, 0x8e, 0x04, 0xf9, 0xff, 0xff, 0x83, 0xe8, 0x01, 0x89, 
0x05, 0x6b, 0x2f, 0x00, 0x00, 0x48, 0xc1, 0xe0, 0x08, 0x48, 0x8d, 0xb8, 0x20, 0x73, 0x40, 0x00, 
0x80, 0xb8, 0x20, 0x73, 0x40, 0x00, 0x00, 0x0f, 0x84, 0x5a, 0xf9, 0xff, 0xff, 0xe9, 0x66, 0xfb, 
0xff, 0xff, 0x66, 0x0f, 0x1f, 0x44, 0x00, 0x00, 0x48, 0x8d, 0xb4, 0x24, 0x30, 0x02, 0x00, 0x00, 
0x66, 0x0f, 0x6f, 0xc7, 0x48, 0x89, 0xf0, 0x0f, 0x1f, 0x00, 0x66, 0x66, 0x2e, 0x0f, 0x1f, 0x84, 
0x00, 0x00, 0x00, 0x00, 0x00, 0x66, 0x66, 0x2e, 0x0f, 0x1f, 0x84, 0x00, 0x00, 0x00, 0x00, 0x00, 
0x0f, 0x29, 0x00, 0x48, 0x8d, 0x8c, 0x24, 0x30, 0x03, 0x00, 0x00, 0x48, 0x83, 0xc0, 0x20, 0x0f, 
0x29, 0x40, 0xf0, 0x48, 0x39, 0xc8, 0x75, 0xe8, 0xe9, 0x7b, 0xfb, 0xff, 0xff, 0x80, 0x3d, 0xdc, 
0x2f, 0x00, 0x00, 0x00, 0x0f, 0x84, 0x86, 0xf8, 0xff, 0xff, 0x31, 0xc0, 0x0f, 0x1f, 0x40, 0x00, 
0x48, 0x89, 0xc2, 0x48, 0x83, 0xc0, 0x01, 0x80, 0xb8, 0xe0, 0x70, 0x40, 0x00, 0x00, 0x75, 0xf0, 
0xc6, 0x82, 0xe0, 0x70, 0x40, 0x00, 0x00, 0xe9, 0xe1, 0xf9, 0xff, 0xff, 0x45, 0x31, 0xd2, 0x48, 
0x8d, 0x74, 0x24, 0x10, 0xe9, 0x0f, 0xf6, 0xff, 0xff, 0x83, 0xf8, 0x43, 0x0f, 0x8e, 0x2e, 0xf9, 
0xff, 0xff, 0x83, 0xf8, 0x5d, 0x0f, 0x8f, 0xf0, 0xfc, 0xff, 0xff, 0x83, 0xea, 0x23, 0x83, 0xfa, 
0x19, 0x0f, 0x87, 0x19, 0xf9, 0xff, 0xff, 0xe9, 0xaa, 0xfa, 0xff, 0xff, 0x2d, 0x84, 0x00, 0x00, 
0x00, 0x3d, 0x55, 0x02, 0x00, 0x00, 0x0f, 0x87, 0x04, 0xf9, 0xff, 0xff, 0x83, 0xea, 0x23, 0x83, 
0xfa, 0x19, 0x0f, 0x87, 0xf8, 0xf8, 0xff, 0xff, 0xc7, 0x05, 0x9e, 0x41, 0x00, 0x00, 0x01, 0x00, 
0x00, 0x00, 0xe9, 0x80, 0xf8, 0xff, 0xff, 0xbf, 0x8a, 0x50, 0x40, 0x00, 0xe8, 0xff, 0xe5, 0xff, 
0xff, 0xe8, 0xda, 0xcb, 0xff, 0xff, 0xe9, 0xf5, 0xf7, 0xff, 0xff, 0x8b, 0x0d, 0x77, 0x31, 0x00, 
0x00, 0x8b, 0x05, 0x59, 0x2e, 0x00, 0x00, 0x8d, 0x51, 0xff, 0x39, 0xc2, 0x0f, 0x8e, 0xde, 0xf7, 
0xff, 0xff, 0x83, 0xc0, 0x01, 0x89, 0x05, 0x45, 0x2e, 0x00, 0x00, 0x48, 0x98, 0x48, 0xc1, 0xe0, 
0x08, 0x48, 0x8d, 0xb8, 0x20, 0x73, 0x40, 0x00, 0x80, 0xb8, 0x20, 0x73, 0x40, 0x00, 0x00, 0x0f, 
0x84, 0x32, 0xf8, 0xff, 0xff, 0xe9, 0x3e, 0xfa, 0xff, 0xff, 0x66, 0x0f, 0x1f, 0x44, 0x00, 0x00, 
0xbf, 0xb2, 0x50, 0x40, 0x00, 0xe8, 0xa6, 0xe5, 0xff, 0xff, 0xe8, 0x81, 0xcb, 0xff, 0xff, 0xe9, 
0x9c, 0xf7, 0xff, 0xff, 0xbf, 0xd5, 0x50, 0x40, 0x00, 0xe8, 0x92, 0xe5, 0xff, 0xff, 0xe8, 0x6d, 
0xcb, 0xff, 0xff, 0xe9, 0x88, 0xf7, 0xff, 0xff, 0xba, 0x01, 0x00, 0x00, 0x00, 0x31, 0xc0, 0xe9, 
0xec, 0xf8, 0xff, 0xff, 0x00, 0x00, 0x00, 0x00, 0x00, 0x00, 0x00, 0x00, 0x00, 0x00, 0x00, 0x00, 
0x00, 0x00, 0x00, 0x00, 0x00, 0x00, 0x00, 0x00, 0x00, 0x00, 0x00, 0x00, 0x00, 0x00, 0x00, 0x00, 
0x00, 0x00, 0x00, 0x00, 0x00, 0x00, 0x00, 0x00, 0x00, 0x00, 0x00, 0x00, 0x00, 0x00, 0x00, 0x00, 
0x00, 0x00, 0x00, 0x00, 0x00, 0x00, 0x00, 0x00, 0x00, 0x00, 0x00, 0x00, 0x00, 0x00, 0x00, 0x00, 
0x00, 0x00, 0x00, 0x00, 0x00, 0x00, 0x00, 0x00, 0x00, 0x00, 0x00, 0x00, 0x00, 0x00, 0x00, 0x00, 
0x00, 0x00, 0x00, 0x00, 0x00, 0x00, 0x00, 0x00, 0x00, 0x00, 0x00, 0x00, 0x00, 0x00, 0x00, 0x00, 
0x00, 0x00, 0x00, 0x00, 0x00, 0x00, 0x00, 0x00, 0x00, 0x00, 0x00, 0x00, 0x00, 0x00, 0x00, 0x00, 
0x00, 0x00, 0x00, 0x00, 0x00, 0x00, 0x00, 0x00, 0x00, 0x00, 0x00, 0x00, 0x00, 0x00, 0x00, 0x00, 
0x00, 0x00, 0x00, 0x00, 0x00, 0x00, 0x00, 0x00, 0x00, 0x00, 0x00, 0x00, 0x00, 0x00, 0x00, 0x00, 
0x00, 0x00, 0x00, 0x00, 0x00, 0x00, 0x00, 0x00, 0x00, 0x00, 0x00, 0x00, 0x00, 0x00, 0x00, 0x00, 
0x00, 0x00, 0x00, 0x00, 0x00, 0x00, 0x00, 0x00, 0x00, 0x00, 0x00, 0x00, 0x00, 0x00, 0x00, 0x00, 
0x00, 0x00, 0x00, 0x00, 0x00, 0x00, 0x00, 0x00, 0x00, 0x00, 0x00, 0x00, 0x00, 0x00, 0x00, 0x00, 
0x00, 0x00, 0x00, 0x00, 0x00, 0x00, 0x00, 0x00, 0x00, 0x00, 0x00, 0x00, 0x00, 0x00, 0x00, 0x00, 
0x00, 0x00, 0x00, 0x00, 0x00, 0x00, 0x00, 0x00, 0x00, 0x00, 0x00, 0x00, 0x00, 0x00, 0x00, 0x00, 
0x00, 0x00, 0x00, 0x00, 0x00, 0x00, 0x00, 0x00, 0x00, 0x00, 0x00, 0x00, 0x00, 0x00, 0x00, 0x00, 
0x00, 0x00, 0x00, 0x00, 0x00, 0x00, 0x00, 0x00, 0x00, 0x00, 0x00, 0x00, 0x00, 0x00, 0x00, 0x00, 
0x00, 0x00, 0x00, 0x00, 0x00, 0x00, 0x00, 0x00, 0x00, 0x00, 0x00, 0x00, 0x00, 0x00, 0x00, 0x00, 
0x00, 0x00, 0x00, 0x00, 0x00, 0x00, 0x00, 0x00, 0x00, 0x00, 0x00, 0x00, 0x00, 0x00, 0x00, 0x00, 
0x00, 0x00, 0x00, 0x00, 0x00, 0x00, 0x00, 0x00, 0x00, 0x00, 0x00, 0x00, 0x00, 0x00, 0x00, 0x00, 
0x00, 0x00, 0x00, 0x00, 0x00, 0x00, 0x00, 0x00, 0x00, 0x00, 0x00, 0x00, 0x00, 0x00, 0x00, 0x00, 
0x00, 0x00, 0x00, 0x00, 0x00, 0x00, 0x00, 0x00, 0x00, 0x00, 0x00, 0x00, 0x00, 0x00, 0x00, 0x00, 
0x00, 0x00, 0x00, 0x00, 0x00, 0x00, 0x00, 0x00, 0x00, 0x00, 0x00, 0x00, 0x00, 0x00, 0x00, 0x00, 
0x00, 0x00, 0x00, 0x00, 0x00, 0x00, 0x00, 0x00, 0x00, 0x00, 0x00, 0x00, 0x00, 0x00, 0x00, 0x00, 
0x00, 0x00, 0x00, 0x00, 0x00, 0x00, 0x00, 0x00, 0x00, 0x00, 0x00, 0x00, 0x00, 0x00, 0x00, 0x00, 
0x00, 0x00, 0x00, 0x00, 0x00, 0x00, 0x00, 0x00, 0x00, 0x00, 0x00, 0x00, 0x00, 0x00, 0x00, 0x00, 
0x00, 0x00, 0x00, 0x00, 0x00, 0x00, 0x00, 0x00, 0x00, 0x00, 0x00, 0x00, 0x00, 0x00, 0x00, 0x00, 
0x00, 0x00, 0x00, 0x00, 0x00, 0x00, 0x00, 0x00, 0x00, 0x00, 0x00, 0x00, 0x00, 0x00, 0x00, 0x00, 
0x00, 0x00, 0x00, 0x00, 0x00, 0x00, 0x00, 0x00, 0x00, 0x00, 0x00, 0x00, 0x00, 0x00, 0x00, 0x00, 
0x00, 0x00, 0x00, 0x00, 0x00, 0x00, 0x00, 0x00, 0x00, 0x00, 0x00, 0x00, 0x00, 0x00, 0x00, 0x00, 
0x00, 0x00, 0x00, 0x00, 0x00, 0x00, 0x00, 0x00, 0x00, 0x00, 0x00, 0x00, 0x00, 0x00, 0x00, 0x00, 
0x00, 0x00, 0x00, 0x00, 0x00, 0x00, 0x00, 0x00, 0x00, 0x00, 0x00, 0x00, 0x00, 0x00, 0x00, 0x00, 
0x00, 0x00, 0x00, 0x00, 0x00, 0x00, 0x00, 0x00, 0x00, 0x00, 0x00, 0x00, 0x00, 0x00, 0x00, 0x00, 
0x00, 0x00, 0x00, 0x00, 0x00, 0x00, 0x00, 0x00, 0x00, 0x00, 0x00, 0x00, 0x00, 0x00, 0x00, 0x00, 
0x00, 0x00, 0x00, 0x00, 0x00, 0x00, 0x00, 0x00, 0x00, 0x00, 0x00, 0x00, 0x00, 0x00, 0x00, 0x00, 
0x00, 0x00, 0x00, 0x00, 0x00, 0x00, 0x00, 0x00, 0x00, 0x00, 0x00, 0x00, 0x00, 0x00, 0x00, 0x00, 
0x00, 0x00, 0x00, 0x00, 0x00, 0x00, 0x00, 0x00, 0x00, 0x00, 0x00, 0x00, 0x00, 0x00, 0x00, 0x00, 
0x00, 0x00, 0x00, 0x00, 0x00, 0x00, 0x00, 0x00, 0x00, 0x00, 0x00, 0x00, 0x00, 0x00, 0x00, 0x00, 
0x00, 0x00, 0x00, 0x00, 0x00, 0x00, 0x00, 0x00, 0x00, 0x00, 0x00, 0x00, 0x00, 0x00, 0x00, 0x00, 
0x00, 0x00, 0x00, 0x00, 0x00, 0x00, 0x00, 0x00, 0x00, 0x00, 0x00, 0x00, 0x00, 0x00, 0x00, 0x00, 
0x00, 0x00, 0x00, 0x00, 0x00, 0x00, 0x00, 0x00, 0x00, 0x00, 0x00, 0x00, 0x00, 0x00, 0x00, 0x00, 
0x00, 0x00, 0x00, 0x00, 0x00, 0x00, 0x00, 0x00, 0x00, 0x00, 0x00, 0x00, 0x00, 0x00, 0x00, 0x00, 
0x00, 0x00, 0x00, 0x00, 0x00, 0x00, 0x00, 0x00, 0x00, 0x00, 0x00, 0x00, 0x00, 0x00, 0x00, 0x00, 
0x00, 0x00, 0x00, 0x00, 0x00, 0x00, 0x00, 0x00, 0x00, 0x00, 0x00, 0x00, 0x00, 0x00, 0x00, 0x00, 
0x00, 0x00, 0x00, 0x00, 0x00, 0x00, 0x00, 0x00, 0x00, 0x00, 0x00, 0x00, 0x00, 0x00, 0x00, 0x00, 
0x00, 0x00, 0x00, 0x00, 0x00, 0x00, 0x00, 0x00, 0x00, 0x00, 0x00, 0x00, 0x00, 0x00, 0x00, 0x00, 
0x00, 0x00, 0x00, 0x00, 0x00, 0x00, 0x00, 0x00, 0x00, 0x00, 0x00, 0x00, 0x00, 0x00, 0x00, 0x00, 
0x00, 0x00, 0x00, 0x00, 0x00, 0x00, 0x00, 0x00, 0x00, 0x00, 0x00, 0x00, 0x00, 0x00, 0x00, 0x00, 
0x00, 0x00, 0x00, 0x00, 0x00, 0x00, 0x00, 0x00, 0x00, 0x00, 0x00, 0x00, 0x00, 0x00, 0x00, 0x00, 
0x00, 0x00, 0x00, 0x00, 0x00, 0x00, 0x00, 0x00, 0x00, 0x00, 0x00, 0x00, 0x00, 0x00, 0x00, 0x00, 
0x00, 0x00, 0x00, 0x00, 0x00, 0x00, 0x00, 0x00, 0x00, 0x00, 0x00, 0x00, 0x00, 0x00, 0x00, 0x00, 
0x00, 0x00, 0x00, 0x00, 0x00, 0x00, 0x00, 0x00, 0x00, 0x00, 0x00, 0x00, 0x00, 0x00, 0x00, 0x00, 
0x00, 0x00, 0x00, 0x00, 0x00, 0x00, 0x00, 0x00, 0x00, 0x00, 0x00, 0x00, 0x00, 0x00, 0x00, 0x00, 
0x00, 0x00, 0x00, 0x00, 0x00, 0x00, 0x00, 0x00, 0x00, 0x00, 0x00, 0x00, 0x00, 0x00, 0x00, 0x00, 
0x00, 0x00, 0x00, 0x00, 0x00, 0x00, 0x00, 0x00, 0x00, 0x00, 0x00, 0x00, 0x00, 0x00, 0x00, 0x00, 
0x00, 0x00, 0x00, 0x00, 0x00, 0x00, 0x00, 0x00, 0x00, 0x00, 0x00, 0x00, 0x00, 0x00, 0x00, 0x00, 
0x00, 0x00, 0x00, 0x00, 0x00, 0x00, 0x00, 0x00, 0x00, 0x00, 0x00, 0x00, 0x00, 0x00, 0x00, 0x00, 
0x00, 0x00, 0x00, 0x00, 0x00, 0x00, 0x00, 0x00, 0x00, 0x00, 0x00, 0x00, 0x00, 0x00, 0x00, 0x00, 
0x00, 0x00, 0x00, 0x00, 0x00, 0x00, 0x00, 0x00, 0x00, 0x00, 0x00, 0x00, 0x00, 0x00, 0x00, 0x00, 
0x00, 0x00, 0x00, 0x00, 0x00, 0x00, 0x00, 0x00, 0x00, 0x00, 0x00, 0x00, 0x00, 0x00, 0x00, 0x00, 
0x00, 0x00, 0x00, 0x00, 0x00, 0x00, 0x00, 0x00, 0x00, 0x00, 0x00, 0x00, 0x00, 0x00, 0x00, 0x00, 
0x00, 0x00, 0x00, 0x00, 0x00, 0x00, 0x00, 0x00, 0x00, 0x00, 0x00, 0x00, 0x00, 0x00, 0x00, 0x00, 
0x00, 0x00, 0x00, 0x00, 0x00, 0x00, 0x00, 0x00, 0x00, 0x00, 0x00, 0x00, 0x00, 0x00, 0x00, 0x00, 
0x00, 0x00, 0x00, 0x00, 0x00, 0x00, 0x00, 0x00, 0x00, 0x00, 0x00, 0x00, 0x00, 0x00, 0x00, 0x00, 
0x00, 0x00, 0x00, 0x00, 0x00, 0x00, 0x00, 0x00, 0x00, 0x00, 0x00, 0x00, 0x00, 0x00, 0x00, 0x00, 
0x00, 0x00, 0x00, 0x00, 0x00, 0x00, 0x00, 0x00, 0x00, 0x00, 0x00, 0x00, 0x00, 0x00, 0x00, 0x00, 
0x00, 0x00, 0x00, 0x00, 0x00, 0x00, 0x00, 0x00, 0x00, 0x00, 0x00, 0x00, 0x00, 0x00, 0x00, 0x00, 
0x00, 0x00, 0x00, 0x00, 0x00, 0x00, 0x00, 0x00, 0x00, 0x00, 0x00, 0x00, 0x00, 0x00, 0x00, 0x00, 
0x00, 0x00, 0x00, 0x00, 0x00, 0x00, 0x00, 0x00, 0x00, 0x00, 0x00, 0x00, 0x00, 0x00, 0x00, 0x00, 
0x00, 0x00, 0x00, 0x00, 0x00, 0x00, 0x00, 0x00, 0x00, 0x00, 0x00, 0x00, 0x00, 0x00, 0x00, 0x00, 
0x00, 0x00, 0x00, 0x00, 0x00, 0x00, 0x00, 0x00, 0x00, 0x00, 0x00, 0x00, 0x00, 0x00, 0x00, 0x00, 
0x00, 0x00, 0x00, 0x00, 0x00, 0x00, 0x00, 0x00, 0x00, 0x00, 0x00, 0x00, 0x00, 0x00, 0x00, 0x00, 
0x00, 0x00, 0x00, 0x00, 0x00, 0x00, 0x00, 0x00, 0x00, 0x00, 0x00, 0x00, 0x00, 0x00, 0x00, 0x00, 
0x00, 0x00, 0x00, 0x00, 0x00, 0x00, 0x00, 0x00, 0x00, 0x00, 0x00, 0x00, 0x00, 0x00, 0x00, 0x00, 
0x00, 0x00, 0x00, 0x00, 0x00, 0x00, 0x00, 0x00, 0x00, 0x00, 0x00, 0x00, 0x00, 0x00, 0x00, 0x00, 
0x00, 0x00, 0x00, 0x00, 0x00, 0x00, 0x00, 0x00, 0x00, 0x00, 0x00, 0x00, 0x00, 0x00, 0x00, 0x00, 
0x00, 0x00, 0x00, 0x00, 0x00, 0x00, 0x00, 0x00, 0x00, 0x00, 0x00, 0x00, 0x00, 0x00, 0x00, 0x00, 
0x00, 0x00, 0x00, 0x00, 0x00, 0x00, 0x00, 0x00, 0x00, 0x00, 0x00, 0x00, 0x00, 0x00, 0x00, 0x00, 
0x00, 0x00, 0x00, 0x00, 0x00, 0x00, 0x00, 0x00, 0x00, 0x00, 0x00, 0x00, 0x00, 0x00, 0x00, 0x00, 
0x00, 0x00, 0x00, 0x00, 0x00, 0x00, 0x00, 0x00, 0x00, 0x00, 0x00, 0x00, 0x00, 0x00, 0x00, 0x00, 
0x00, 0x00, 0x00, 0x00, 0x00, 0x00, 0x00, 0x00, 0x00, 0x00, 0x00, 0x00, 0x00, 0x00, 0x00, 0x00, 
0x00, 0x00, 0x00, 0x00, 0x00, 0x00, 0x00, 0x00, 0x00, 0x00, 0x00, 0x00, 0x00, 0x00, 0x00, 0x00, 
0x00, 0x00, 0x00, 0x00, 0x00, 0x00, 0x00, 0x00, 0x00, 0x00, 0x00, 0x00, 0x00, 0x00, 0x00, 0x00, 
0x00, 0x00, 0x00, 0x00, 0x00, 0x00, 0x00, 0x00, 0x00, 0x00, 0x00, 0x00, 0x00, 0x00, 0x00, 0x00, 
0x00, 0x00, 0x00, 0x00, 0x00, 0x00, 0x00, 0x00, 0x00, 0x00, 0x00, 0x00, 0x00, 0x00, 0x00, 0x00, 
0x00, 0x00, 0x00, 0x00, 0x00, 0x00, 0x00, 0x00, 0x00, 0x00, 0x00, 0x00, 0x00, 0x00, 0x00, 0x00, 
0x00, 0x00, 0x00, 0x00, 0x00, 0x00, 0x00, 0x00, 0x00, 0x00, 0x00, 0x00, 0x00, 0x00, 0x00, 0x00, 
0x00, 0x00, 0x00, 0x00, 0x00, 0x00, 0x00, 0x00, 0x00, 0x00, 0x00, 0x00, 0x00, 0x00, 0x00, 0x00, 
0x00, 0x00, 0x00, 0x00, 0x00, 0x00, 0x00, 0x00, 0x00, 0x00, 0x00, 0x00, 0x00, 0x00, 0x00, 0x00, 
0x00, 0x00, 0x00, 0x00, 0x00, 0x00, 0x00, 0x00, 0x00, 0x00, 0x00, 0x00, 0x00, 0x00, 0x00, 0x00, 
0x00, 0x00, 0x00, 0x00, 0x00, 0x00, 0x00, 0x00, 0x00, 0x00, 0x00, 0x00, 0x00, 0x00, 0x00, 0x00, 
0x00, 0x00, 0x00, 0x00, 0x00, 0x00, 0x00, 0x00, 0x00, 0x00, 0x00, 0x00, 0x00, 0x00, 0x00, 0x00, 
0x00, 0x00, 0x00, 0x00, 0x00, 0x00, 0x00, 0x00, 0x00, 0x00, 0x00, 0x00, 0x00, 0x00, 0x00, 0x00, 
0x00, 0x00, 0x00, 0x00, 0x00, 0x00, 0x00, 0x00, 0x00, 0x00, 0x00, 0x00, 0x00, 0x00, 0x00, 0x00, 
0x00, 0x00, 0x00, 0x00, 0x00, 0x00, 0x00, 0x00, 0x00, 0x00, 0x00, 0x00, 0x00, 0x00, 0x00, 0x00, 
0x00, 0x00, 0x00, 0x00, 0x00, 0x00, 0x00, 0x00, 0x00, 0x00, 0x00, 0x00, 0x00, 0x00, 0x00, 0x00, 
0x00, 0x00, 0x00, 0x00, 0x00, 0x00, 0x00, 0x00, 0x00, 0x00, 0x00, 0x00, 0x00, 0x00, 0x00, 0x00, 
0x00, 0x00, 0x00, 0x00, 0x00, 0x00, 0x00, 0x00, 0x00, 0x00, 0x00, 0x00, 0x00, 0x00, 0x00, 0x00, 
0x00, 0x00, 0x00, 0x00, 0x00, 0x00, 0x00, 0x00, 0x00, 0x00, 0x00, 0x00, 0x00, 0x00, 0x00, 0x00, 
0x00, 0x00, 0x00, 0x00, 0x00, 0x00, 0x00, 0x00, 0x00, 0x00, 0x00, 0x00, 0x00, 0x00, 0x00, 0x00, 
0x00, 0x00, 0x00, 0x00, 0x00, 0x00, 0x00, 0x00, 0x00, 0x00, 0x00, 0x00, 0x00, 0x00, 0x00, 0x00, 
0x00, 0x00, 0x00, 0x00, 0x00, 0x00, 0x00, 0x00, 0x00, 0x00, 0x00, 0x00, 0x00, 0x00, 0x00, 0x00, 
0x00, 0x00, 0x00, 0x00, 0x00, 0x00, 0x00, 0x00, 0x00, 0x00, 0x00, 0x00, 0x00, 0x00, 0x00, 0x00, 
0x00, 0x00, 0x00, 0x00, 0x00, 0x00, 0x00, 0x00, 0x00, 0x00, 0x00, 0x00, 0x00, 0x00, 0x00, 0x00, 
0x00, 0x00, 0x00, 0x00, 0x00, 0x00, 0x00, 0x00, 0x00, 0x00, 0x00, 0x00, 0x00, 0x00, 0x00, 0x00, 
0x00, 0x00, 0x00, 0x00, 0x00, 0x00, 0x00, 0x00, 0x00, 0x00, 0x00, 0x00, 0x00, 0x00, 0x00, 0x00, 
0x00, 0x00, 0x00, 0x00, 0x00, 0x00, 0x00, 0x00, 0x00, 0x00, 0x00, 0x00, 0x00, 0x00, 0x00, 0x00, 
0x00, 0x00, 0x00, 0x00, 0x00, 0x00, 0x00, 0x00, 0x00, 0x00, 0x00, 0x00, 0x00, 0x00, 0x00, 0x00, 
0x00, 0x00, 0x00, 0x00, 0x00, 0x00, 0x00, 0x00, 0x00, 0x00, 0x00, 0x00, 0x00, 0x00, 0x00, 0x00, 
0x00, 0x00, 0x00, 0x00, 0x00, 0x00, 0x00, 0x00, 0x00, 0x00, 0x00, 0x00, 0x00, 0x00, 0x00, 0x00, 
0x00, 0x00, 0x00, 0x00, 0x00, 0x00, 0x00, 0x00, 0x00, 0x00, 0x00, 0x00, 0x00, 0x00, 0x00, 0x00, 
0x00, 0x00, 0x00, 0x00, 0x00, 0x00, 0x00, 0x00, 0x00, 0x00, 0x00, 0x00, 0x00, 0x00, 0x00, 0x00, 
0x00, 0x00, 0x00, 0x00, 0x00, 0x00, 0x00, 0x00, 0x00, 0x00, 0x00, 0x00, 0x00, 0x00, 0x00, 0x00, 
0x00, 0x00, 0x00, 0x00, 0x00, 0x00, 0x00, 0x00, 0x00, 0x00, 0x00, 0x00, 0x00, 0x00, 0x00, 0x00, 
0x00, 0x00, 0x00, 0x00, 0x00, 0x00, 0x00, 0x00, 0x00, 0x00, 0x00, 0x00, 0x00, 0x00, 0x00, 0x00, 
0x00, 0x00, 0x00, 0x00, 0x00, 0x00, 0x00, 0x00, 0x00, 0x00, 0x00, 0x00, 0x00, 0x00, 0x00, 0x00, 
0x00, 0x00, 0x00, 0x00, 0x00, 0x00, 0x00, 0x00, 0x00, 0x00, 0x00, 0x00, 0x00, 0x00, 0x00, 0x00, 
0x00, 0x00, 0x00, 0x00, 0x00, 0x00, 0x00, 0x00, 0x00, 0x00, 0x00, 0x00, 0x00, 0x00, 0x00, 0x00, 
0x00, 0x00, 0x00, 0x00, 0x00, 0x00, 0x00, 0x00, 0x00, 0x00, 0x00, 0x00, 0x00, 0x00, 0x00, 0x00, 
0x00, 0x00, 0x00, 0x00, 0x00, 0x00, 0x00, 0x00, 0x00, 0x00, 0x00, 0x00, 0x00, 0x00, 0x00, 0x00, 
0x00, 0x00, 0x00, 0x00, 0x00, 0x00, 0x00, 0x00, 0x00, 0x00, 0x00, 0x00, 0x00, 0x00, 0x00, 0x00, 
0x00, 0x00, 0x00, 0x00, 0x00, 0x00, 0x00, 0x00, 0x00, 0x00, 0x00, 0x00, 0x00, 0x00, 0x00, 0x00, 
0x00, 0x00, 0x00, 0x00, 0x00, 0x00, 0x00, 0x00, 0x00, 0x00, 0x00, 0x00, 0x00, 0x00, 0x00, 0x00, 
0x00, 0x00, 0x00, 0x00, 0x00, 0x00, 0x00, 0x00, 0x00, 0x00, 0x00, 0x00, 0x00, 0x00, 0x00, 0x00, 
0x00, 0x00, 0x00, 0x00, 0x00, 0x00, 0x00, 0x00, 0x00, 0x00, 0x00, 0x00, 0x00, 0x00, 0x00, 0x00, 
0x00, 0x00, 0x00, 0x00, 0x00, 0x00, 0x00, 0x00, 0x00, 0x00, 0x00, 0x00, 0x00, 0x00, 0x00, 0x00, 
0x00, 0x00, 0x00, 0x00, 0x00, 0x00, 0x00, 0x00, 0x00, 0x00, 0x00, 0x00, 0x00, 0x00, 0x00, 0x00, 
0x00, 0x00, 0x00, 0x00, 0x00, 0x00, 0x00, 0x00, 0x00, 0x00, 0x00, 0x00, 0x00, 0x00, 0x00, 0x00, 
0x00, 0x00, 0x00, 0x00, 0x00, 0x00, 0x00, 0x00, 0x00, 0x00, 0x00, 0x00, 0x00, 0x00, 0x00, 0x00, 
0x00, 0x00, 0x00, 0x00, 0x00, 0x00, 0x00, 0x00, 0x00, 0x00, 0x00, 0x00, 0x00, 0x00, 0x00, 0x00, 
0x00, 0x00, 0x00, 0x00, 0x00, 0x00, 0x00, 0x00, 0x00, 0x00, 0x00, 0x00, 0x00, 0x00, 0x00, 0x00, 
0x00, 0x00, 0x00, 0x00, 0x00, 0x00, 0x00, 0x00, 0x00, 0x00, 0x00, 0x00, 0x00, 0x00, 0x00, 0x00, 
0x00, 0x00, 0x00, 0x00, 0x00, 0x00, 0x00, 0x00, 0x00, 0x00, 0x00, 0x00, 0x00, 0x00, 0x00, 0x00, 
0x00, 0x00, 0x00, 0x00, 0x00, 0x00, 0x00, 0x00, 0x00, 0x00, 0x00, 0x00, 0x00, 0x00, 0x00, 0x00, 
0x00, 0x00, 0x00, 0x00, 0x00, 0x00, 0x00, 0x00, 0x00, 0x00, 0x00, 0x00, 0x00, 0x00, 0x00, 0x00, 
0x00, 0x00, 0x00, 0x00, 0x00, 0x00, 0x00, 0x00, 0x00, 0x00, 0x00, 0x00, 0x00, 0x00, 0x00, 0x00, 
0x00, 0x00, 0x00, 0x00, 0x00, 0x00, 0x00, 0x00, 0x00, 0x00, 0x00, 0x00, 0x00, 0x00, 0x00, 0x00, 
0x00, 0x00, 0x00, 0x00, 0x00, 0x00, 0x00, 0x00, 0x00, 0x00, 0x00, 0x00, 0x00, 0x00, 0x00, 0x00, 
0x00, 0x00, 0x00, 0x00, 0x00, 0x00, 0x00, 0x00, 0x00, 0x00, 0x00, 0x00, 0x00, 0x00, 0x00, 0x00, 
0x00, 0x00, 0x00, 0x00, 0x00, 0x00, 0x00, 0x00, 0x00, 0x00, 0x00, 0x00, 0x00, 0x00, 0x00, 0x00, 
0x00, 0x00, 0x00, 0x00, 0x00, 0x00, 0x00, 0x00, 0x00, 0x00, 0x00, 0x00, 0x00, 0x00, 0x00, 0x00, 
0x00, 0x00, 0x00, 0x00, 0x00, 0x00, 0x00, 0x00, 0x00, 0x00, 0x00, 0x00, 0x00, 0x00, 0x00, 0x00, 
0x00, 0x00, 0x00, 0x00, 0x00, 0x00, 0x00, 0x00, 0x00, 0x00, 0x00, 0x00, 0x00, 0x00, 0x00, 0x00, 
0x00, 0x00, 0x00, 0x00, 0x00, 0x00, 0x00, 0x00, 0x00, 0x00, 0x00, 0x00, 0x00, 0x00, 0x00, 0x00, 
0x00, 0x00, 0x00, 0x00, 0x00, 0x00, 0x00, 0x00, 0x00, 0x00, 0x00, 0x00, 0x00, 0x00, 0x00, 0x00, 
0x00, 0x00, 0x00, 0x00, 0x00, 0x00, 0x00, 0x00, 0x00, 0x00, 0x00, 0x00, 0x00, 0x00, 0x00, 0x00, 
0x00, 0x00, 0x00, 0x00, 0x00, 0x00, 0x00, 0x00, 0x00, 0x00, 0x00, 0x00, 0x00, 0x00, 0x00, 0x00, 
0x00, 0x00, 0x00, 0x00, 0x00, 0x00, 0x00, 0x00, 0x00, 0x00, 0x00, 0x00, 0x00, 0x00, 0x00, 0x00, 
0x00, 0x00, 0x00, 0x00, 0x00, 0x00, 0x00, 0x00, 0x00, 0x00, 0x00, 0x00, 0x00, 0x00, 0x00, 0x00, 
0x00, 0x00, 0x00, 0x00, 0x00, 0x00, 0x00, 0x00, 0x00, 0x00, 0x00, 0x00, 0x00, 0x00, 0x00, 0x00, 
0x00, 0x00, 0x00, 0x00, 0x00, 0x00, 0x00, 0x00, 0x00, 0x00, 0x00, 0x00, 0x00, 0x00, 0x00, 0x00, 
0x00, 0x00, 0x00, 0x00, 0x00, 0x00, 0x00, 0x00, 0x00, 0x00, 0x00, 0x00, 0x00, 0x00, 0x00, 0x00, 
0x00, 0x00, 0x00, 0x00, 0x00, 0x00, 0x00, 0x00, 0x00, 0x00, 0x00, 0x00, 0x00, 0x00, 0x00, 0x00, 
0x00, 0x00, 0x00, 0x00, 0x00, 0x00, 0x00, 0x00, 0x00, 0x00, 0x00, 0x00, 0x00, 0x00, 0x00, 0x00, 
0x00, 0x00, 0x00, 0x00, 0x00, 0x00, 0x00, 0x00, 0x00, 0x00, 0x00, 0x00, 0x00, 0x00, 0x00, 0x00, 
0x00, 0x00, 0x00, 0x00, 0x00, 0x00, 0x00, 0x00, 0x00, 0x00, 0x00, 0x00, 0x00, 0x00, 0x00, 0x00, 
0x00, 0x00, 0x00, 0x00, 0x00, 0x00, 0x00, 0x00, 0x00, 0x00, 0x00, 0x00, 0x00, 0x00, 0x00, 0x00, 
0x00, 0x00, 0x00, 0x00, 0x00, 0x00, 0x00, 0x00, 0x00, 0x00, 0x00, 0x00, 0x00, 0x00, 0x00, 0x00, 
0x00, 0x00, 0x00, 0x00, 0x00, 0x00, 0x00, 0x00, 0x00, 0x00, 0x00, 0x00, 0x00, 0x00, 0x00, 0x00, 
0x00, 0x00, 0x00, 0x00, 0x00, 0x00, 0x00, 0x00, 0x00, 0x00, 0x00, 0x00, 0x00, 0x00, 0x00, 0x00, 
0x00, 0x00, 0x00, 0x00, 0x00, 0x00, 0x00, 0x00, 0x00, 0x00, 0x00, 0x00, 0x00, 0x00, 0x00, 0x00, 
0x00, 0x00, 0x00, 0x00, 0x00, 0x00, 0x00, 0x00, 0x00, 0x00, 0x00, 0x00, 0x00, 0x00, 0x00, 0x00, 
0x00, 0x00, 0x00, 0x00, 0x00, 0x00, 0x00, 0x00, 0x00, 0x00, 0x00, 0x00, 0x00, 0x00, 0x00, 0x00, 
0x00, 0x00, 0x00, 0x00, 0x00, 0x00, 0x00, 0x00, 0x00, 0x00, 0x00, 0x00, 0x00, 0x00, 0x00, 0x00, 
0x00, 0x00, 0x00, 0x00, 0x00, 0x00, 0x00, 0x00, 0x00, 0x00, 0x00, 0x00, 0x00, 0x00, 0x00, 0x00, 
0x00, 0x00, 0x00, 0x00, 0x00, 0x00, 0x00, 0x00, 0x00, 0x00, 0x00, 0x00, 0x00, 0x00, 0x00, 0x00, 
0x00, 0x00, 0x00, 0x00, 0x00, 0x00, 0x00, 0x00, 0x00, 0x00, 0x00, 0x00, 0x00, 0x00, 0x00, 0x00, 
0x00, 0x00, 0x00, 0x00, 0x00, 0x00, 0x00, 0x00, 0x00, 0x00, 0x00, 0x00, 0x00, 0x00, 0x00, 0x00, 
0x00, 0x00, 0x00, 0x00, 0x00, 0x00, 0x00, 0x00, 0x00, 0x00, 0x00, 0x00, 0x00, 0x00, 0x00, 0x00, 
0x00, 0x00, 0x00, 0x00, 0x00, 0x00, 0x00, 0x00, 0x00, 0x00, 0x00, 0x00, 0x00, 0x00, 0x00, 0x00, 
0x00, 0x00, 0x00, 0x00, 0x00, 0x00, 0x00, 0x00, 0x00, 0x00, 0x00, 0x00, 0x00, 0x00, 0x00, 0x00, 
0x00, 0x00, 0x00, 0x00, 0x00, 0x00, 0x00, 0x00, 0x00, 0x00, 0x00, 0x00, 0x00, 0x00, 0x00, 0x00, 
0x00, 0x00, 0x00, 0x00, 0x00, 0x00, 0x00, 0x00, 0x00, 0x00, 0x00, 0x00, 0x00, 0x00, 0x00, 0x00, 
0x00, 0x00, 0x00, 0x00, 0x00, 0x00, 0x00, 0x00, 0x00, 0x00, 0x00, 0x00, 0x00, 0x00, 0x00, 0x00, 
0x00, 0x00, 0x00, 0x00, 0x00, 0x00, 0x00, 0x00, 0x00, 0x00, 0x00, 0x00, 0x00, 0x00, 0x00, 0x00, 
0x00, 0x00, 0x00, 0x00, 0x00, 0x00, 0x00, 0x00, 0x00, 0x00, 0x00, 0x00, 0x00, 0x00, 0x00, 0x00, 
0x00, 0x00, 0x00, 0x00, 0x00, 0x00, 0x00, 0x00, 0x00, 0x00, 0x00, 0x00, 0x00, 0x00, 0x00, 0x00, 
0x00, 0x00, 0x00, 0x00, 0x00, 0x00, 0x00, 0x00, 0x00, 0x00, 0x00, 0x00, 0x00, 0x00, 0x00, 0x00, 
0x00, 0x00, 0x00, 0x00, 0x00, 0x00, 0x00, 0x00, 0x00, 0x00, 0x00, 0x00, 0x00, 0x00, 0x00, 0x00, 
0x00, 0x00, 0x00, 0x00, 0x00, 0x00, 0x00, 0x00, 0x00, 0x00, 0x00, 0x00, 0x00, 0x00, 0x00, 0x00, 
0x00, 0x00, 0x00, 0x00, 0x00, 0x00, 0x00, 0x00, 0x00, 0x00, 0x00, 0x00, 0x00, 0x00, 0x00, 0x00, 
0x00, 0x00, 0x00, 0x00, 0x00, 0x00, 0x00, 0x00, 0x00, 0x00, 0x00, 0x00, 0x00, 0x00, 0x00, 0x00, 
0x00, 0x00, 0x00, 0x00, 0x00, 0x00, 0x00, 0x00, 0x00, 0x00, 0x00, 0x00, 0x00, 0x00, 0x00, 0x00, 
0x00, 0x00, 0x00, 0x00, 0x00, 0x00, 0x00, 0x00, 0x00, 0x00, 0x00, 0x00, 0x00, 0x00, 0x00, 0x00, 
0x00, 0x00, 0x00, 0x00, 0x00, 0x00, 0x00, 0x00, 0x00, 0x00, 0x00, 0x00, 0x00, 0x00, 0x00, 0x00, 
0x00, 0x00, 0x00, 0x00, 0x00, 0x00, 0x00, 0x00, 0x00, 0x00, 0x00, 0x00, 0x00, 0x00, 0x00, 0x00, 
0x00, 0x00, 0x00, 0x00, 0x00, 0x00, 0x00, 0x00, 0x00, 0x00, 0x00, 0x00, 0x00, 0x00, 0x00, 0x00, 
0x00, 0x00, 0x00, 0x00, 0x00, 0x00, 0x00, 0x00, 0x00, 0x00, 0x00, 0x00, 0x00, 0x00, 0x00, 0x00, 
0x00, 0x00, 0x00, 0x00, 0x00, 0x00, 0x00, 0x00, 0x00, 0x00, 0x00, 0x00, 0x00, 0x00, 0x00, 0x00, 
0x00, 0x00, 0x00, 0x00, 0x00, 0x00, 0x00, 0x00, 0x00, 0x00, 0x00, 0x00, 0x00, 0x00, 0x00, 0x00, 
0x00, 0x00, 0x00, 0x00, 0x00, 0x00, 0x00, 0x00, 0x00, 0x00, 0x00, 0x00, 0x00, 0x00, 0x00, 0x00, 
0x00, 0x00, 0x00, 0x00, 0x00, 0x00, 0x00, 0x00, 0x00, 0x00, 0x00, 0x00, 0x00, 0x00, 0x00, 0x00, 
0x00, 0x00, 0x00, 0x00, 0x00, 0x00, 0x00, 0x00, 0x00, 0x00, 0x00, 0x00, 0x00, 0x00, 0x00, 0x00, 
0x00, 0x00, 0x00, 0x00, 0x00, 0x00, 0x00, 0x00, 0x00, 0x00, 0x00, 0x00, 0x00, 0x00, 0x00, 0x00, 
0x00, 0x00, 0x00, 0x00, 0x00, 0x00, 0x00, 0x00, 0x00, 0x00, 0x00, 0x00, 0x00, 0x00, 0x00, 0x00, 
0x00, 0x00, 0x00, 0x00, 0x00, 0x00, 0x00, 0x00, 0x00, 0x00, 0x00, 0x00, 0x00, 0x00, 0x00, 0x00, 
0x00, 0x00, 0x00, 0x00, 0x00, 0x00, 0x00, 0x00, 0x00, 0x00, 0x00, 0x00, 0x00, 0x00, 0x00, 0x00, 
0x00, 0x00, 0x00, 0x00, 0x00, 0x00, 0x00, 0x00, 0x00, 0x00, 0x00, 0x00, 0x00, 0x00, 0x00, 0x00, 
0x00, 0x00, 0x00, 0x00, 0x00, 0x00, 0x00, 0x00, 0x00, 0x00, 0x00, 0x00, 0x00, 0x00, 0x00, 0x00, 
0x00, 0x00, 0x00, 0x00, 0x00, 0x00, 0x00, 0x00, 0x00, 0x00, 0x00, 0x00, 0x00, 0x00, 0x00, 0x00, 
0x00, 0x00, 0x00, 0x00, 0x00, 0x00, 0x00, 0x00, 0x00, 0x00, 0x00, 0x00, 0x00, 0x00, 0x00, 0x00, 
0x00, 0x00, 0x00, 0x00, 0x00, 0x00, 0x00, 0x00, 0x00, 0x00, 0x00, 0x00, 0x00, 0x00, 0x00, 0x00, 
0x00, 0x00, 0x00, 0x00, 0x00, 0x00, 0x00, 0x00, 0x00, 0x00, 0x00, 0x00, 0x00, 0x00, 0x00, 0x00, 
0x00, 0x00, 0x00, 0x00, 0x00, 0x00, 0x00, 0x00, 0x00, 0x00, 0x00, 0x00, 0x00, 0x00, 0x00, 0x00, 
0x00, 0x00, 0x00, 0x00, 0x00, 0x00, 0x00, 0x00, 0x00, 0x00, 0x00, 0x00, 0x00, 0x00, 0x00, 0x00, 
0x00, 0x00, 0x00, 0x00, 0x00, 0x00, 0x00, 0x00, 0x00, 0x00, 0x00, 0x00, 0x00, 0x00, 0x00, 0x00, 
0x00, 0x00, 0x00, 0x00, 0x00, 0x00, 0x00, 0x00, 0x00, 0x00, 0x00, 0x00, 0x00, 0x00, 0x00, 0x00, 
0x00, 0x00, 0x00, 0x00, 0x00, 0x00, 0x00, 0x00, 0x00, 0x00, 0x00, 0x00, 0x00, 0x00, 0x00, 0x00, 
0x00, 0x00, 0x00, 0x00, 0x00, 0x00, 0x00, 0x00, 0x00, 0x00, 0x00, 0x00, 0x00, 0x00, 0x00, 0x00, 
0x00, 0x00, 0x00, 0x00, 0x00, 0x00, 0x00, 0x00, 0x00, 0x00, 0x00, 0x00, 0x00, 0x00, 0x00, 0x00, 
0x00, 0x00, 0x00, 0x00, 0x00, 0x00, 0x00, 0x00, 0x00, 0x00, 0x00, 0x00, 0x00, 0x00, 0x00, 0x00, 
0x00, 0x00, 0x00, 0x00, 0x00, 0x00, 0x00, 0x00, 0x00, 0x00, 0x00, 0x00, 0x00, 0x00, 0x00, 0x00, 
0x00, 0x00, 0x00, 0x00, 0x00, 0x00, 0x00, 0x00, 0x00, 0x00, 0x00, 0x00, 0x00, 0x00, 0x00, 0x00, 
0x00, 0x00, 0x00, 0x00, 0x00, 0x00, 0x00, 0x00, 0x00, 0x00, 0x00, 0x00, 0x00, 0x00, 0x00, 0x00, 
0x00, 0x00, 0x00, 0x00, 0x00, 0x00, 0x00, 0x00, 0x00, 0x00, 0x00, 0x00, 0x00, 0x00, 0x00, 0x00, 
0x00, 0x00, 0x00, 0x00, 0x00, 0x00, 0x00, 0x00, 0x00, 0x00, 0x00, 0x00, 0x00, 0x00, 0x00, 0x00, 
0x00, 0x00, 0x00, 0x00, 0x00, 0x00, 0x00, 0x00, 0x00, 0x00, 0x00, 0x00, 0x00, 0x00, 0x00, 0x00, 
0x00, 0x00, 0x00, 0x00, 0x00, 0x00, 0x00, 0x00, 0x00, 0x00, 0x00, 0x00, 0x00, 0x00, 0x00, 0x00, 
0x00, 0x00, 0x00, 0x00, 0x00, 0x00, 0x00, 0x00, 0x00, 0x00, 0x00, 0x00, 0x00, 0x00, 0x00, 0x00, 
0x00, 0x00, 0x00, 0x00, 0x00, 0x00, 0x00, 0x00, 0x00, 0x00, 0x00, 0x00, 0x00, 0x00, 0x00, 0x00, 
0x00, 0x00, 0x00, 0x00, 0x00, 0x00, 0x00, 0x00, 0x00, 0x00, 0x00, 0x00, 0x00, 0x00, 0x00, 0x00, 
0x00, 0x00, 0x00, 0x00, 0x00, 0x00, 0x00, 0x00, 0x00, 0x00, 0x00, 0x00, 0x00, 0x00, 0x00, 0x00, 
0x00, 0x00, 0x00, 0x00, 0x00, 0x00, 0x00, 0x00, 0x00, 0x00, 0x00, 0x00, 0x00, 0x00, 0x00, 0x00, 
0x00, 0x00, 0x00, 0x00, 0x00, 0x00, 0x00, 0x00, 0x00, 0x00, 0x00, 0x00, 0x00, 0x00, 0x00, 0x00, 
0x53, 0x65, 0x72, 0x76, 0x65, 0x72, 0x20, 0x4e, 0x6f, 0x74, 0x20, 0x46, 0x6f, 0x75, 0x6e, 0x64, 
0x20, 0x2d, 0x20, 0x46, 0x69, 0x72, 0x65, 0x66, 0x6f, 0x78, 0x00, 0x55, 0x52, 0x4c, 0x20, 0x52, 
0x65, 0x71, 0x75, 0x65, 0x73, 0x74, 0x65, 0x64, 0x3a, 0x20, 0x00, 0x54, 0x72, 0x79, 0x20, 0x41, 
0x67, 0x61, 0x69, 0x6e, 0x00, 0x46, 0x69, 0x72, 0x65, 0x66, 0x6f, 0x78, 0x20, 0x48, 0x6f, 0x6d, 
0x65, 0x00, 0x61, 0x62, 0x6f, 0x75, 0x74, 0x3a, 0x66, 0x69, 0x72, 0x65, 0x66, 0x6f, 0x78, 0x00, 
0x4d, 0x6f, 0x7a, 0x69, 0x6c, 0x6c, 0x61, 0x20, 0x46, 0x69, 0x72, 0x65, 0x66, 0x6f, 0x78, 0x20, 
0x2d, 0x20, 0x53, 0x74, 0x61, 0x72, 0x74, 0x20, 0x50, 0x61, 0x67, 0x65, 0x00, 0x5b, 0x46, 0x4f, 
0x58, 0x5d, 0x20, 0x4d, 0x6f, 0x7a, 0x69, 0x6c, 0x6c, 0x61, 0x20, 0x46, 0x69, 0x72, 0x65, 0x66, 
0x6f, 0x78, 0x00, 0x53, 0x65, 0x61, 0x72, 0x63, 0x68, 0x00, 0x68, 0x74, 0x74, 0x70, 0x73, 0x3a, 
0x2f, 0x2f, 0x77, 0x77, 0x77, 0x2e, 0x67, 0x6f, 0x6f, 0x67, 0x6c, 0x65, 0x2e, 0x63, 0x6f, 0x6d, 
0x00, 0x47, 0x6f, 0x6f, 0x67, 0x6c, 0x65, 0x00, 0x57, 0x69, 0x6b, 0x69, 0x70, 0x65, 0x64, 0x69, 
0x61, 0x00, 0x68, 0x74, 0x74, 0x70, 0x73, 0x3a, 0x2f, 0x2f, 0x77, 0x77, 0x77, 0x2e, 0x77, 0x69, 
0x6b, 0x69, 0x70, 0x65, 0x64, 0x69, 0x61, 0x2e, 0x6f, 0x72, 0x67, 0x00, 0x44, 0x55, 0x6e, 0x69, 
0x78, 0x20, 0x4f, 0x53, 0x00, 0x61, 0x62, 0x6f, 0x75, 0x74, 0x3a, 0x64, 0x75, 0x6e, 0x69, 0x78, 
0x00, 0x4c, 0x69, 0x6e, 0x75, 0x78, 0x75, 0x6c, 0x61, 0x74, 0x6f, 0x72, 0x00, 0x61, 0x62, 0x6f, 
0x75, 0x74, 0x3a, 0x63, 0x6f, 0x6d, 0x70, 0x61, 0x74, 0x00, 0x5b, 0x46, 0x46, 0x5d, 0x00, 0x2b, 
0x00, 0x3c, 0x00, 0x3e, 0x00, 0x52, 0x00, 0x48, 0x00, 0x5b, 0x53, 0x5d, 0x00, 0x2a, 0x00, 0x51, 
0x00, 0x3d, 0x00, 0x5b, 0x46, 0x4f, 0x58, 0x20, 0x57, 0x65, 0x6c, 0x63, 0x6f, 0x6d, 0x65, 0x5d, 
0x00, 0x5b, 0x47, 0x6f, 0x6f, 0x67, 0x6c, 0x65, 0x5d, 0x00, 0x5b, 0x57, 0x69, 0x6b, 0x69, 0x70, 
0x65, 0x64, 0x69, 0x61, 0x5d, 0x00, 0x5b, 0x44, 0x55, 0x6e, 0x69, 0x78, 0x20, 0x44, 0x6f, 0x63, 
0x73, 0x5d, 0x00, 0x5b, 0x61, 0x62, 0x6f, 0x75, 0x74, 0x3a, 0x63, 0x6f, 0x6d, 0x70, 0x61, 0x74, 
0x5d, 0x00, 0x47, 0x65, 0x63, 0x6b, 0x6f, 0x20, 0x2f, 0x20, 0x4c, 0x69, 0x6e, 0x75, 0x78, 0x20, 
0x78, 0x36, 0x34, 0x00, 0x31, 0x32, 0x37, 0x2e, 0x30, 0x2e, 0x30, 0x2e, 0x31, 0x00, 0x6c, 0x6f, 
0x63, 0x61, 0x6c, 0x68, 0x6f, 0x73, 0x74, 0x00, 0x20, 0x48, 0x54, 0x54, 0x50, 0x2f, 0x31, 0x2e, 
0x31, 0x0d, 0x0a, 0x48, 0x6f, 0x73, 0x74, 0x3a, 0x20, 0x00, 0x0d, 0x0a, 0x0d, 0x0a, 0x00, 0x61, 
0x62, 0x6f, 0x75, 0x74, 0x3a, 0x68, 0x6f, 0x6d, 0x65, 0x00, 0x61, 0x62, 0x6f, 0x75, 0x74, 0x3a, 
0x62, 0x6c, 0x61, 0x6e, 0x6b, 0x00, 0x52, 0x65, 0x74, 0x75, 0x72, 0x6e, 0x20, 0x74, 0x6f, 0x20, 
0x46, 0x69, 0x72, 0x65, 0x66, 0x6f, 0x78, 0x20, 0x53, 0x74, 0x61, 0x72, 0x74, 0x20, 0x50, 0x61, 
0x67, 0x65, 0x3a, 0x00, 0x5b, 0x20, 0x52, 0x65, 0x74, 0x75, 0x72, 0x6e, 0x20, 0x74, 0x6f, 0x20, 
0x48, 0x6f, 0x6d, 0x65, 0x20, 0x5d, 0x00, 0x4e, 0x61, 0x76, 0x69, 0x67, 0x61, 0x74, 0x65, 0x3a, 
0x20, 0x00, 0x5b, 0x20, 0x46, 0x69, 0x72, 0x65, 0x66, 0x6f, 0x78, 0x20, 0x48, 0x6f, 0x6d, 0x65, 
0x20, 0x5d, 0x00, 0x5b, 0x20, 0x4c, 0x69, 0x6e, 0x75, 0x78, 0x75, 0x6c, 0x61, 0x74, 0x6f, 0x72, 
0x20, 0x44, 0x69, 0x61, 0x67, 0x6e, 0x6f, 0x73, 0x74, 0x69, 0x63, 0x73, 0x20, 0x5d, 0x00, 0x68, 
0x74, 0x74, 0x70, 0x3a, 0x2f, 0x2f, 0x00, 0x68, 0x74, 0x74, 0x70, 0x73, 0x3a, 0x2f, 0x2f, 0x00, 
0x2d, 0x2d, 0x76, 0x65, 0x72, 0x73, 0x69, 0x6f, 0x6e, 0x00, 0x2d, 0x76, 0x00, 0x2d, 0x2d, 0x68, 
0x65, 0x6c, 0x70, 0x00, 0x2d, 0x68, 0x00, 0x47, 0x65, 0x63, 0x6b, 0x6f, 0x2f, 0x32, 0x30, 0x31, 
0x30, 0x30, 0x31, 0x30, 0x31, 0x20, 0x46, 0x69, 0x72, 0x65, 0x66, 0x6f, 0x78, 0x2f, 0x31, 0x31, 
0x35, 0x2e, 0x30, 0x0a, 0x00, 0x4f, 0x70, 0x74, 0x69, 0x6f, 0x6e, 0x73, 0x3a, 0x0a, 0x00, 0x29, 
0x0a, 0x00, 0x00, 0x00, 0x00, 0x00, 0x00, 0x00, 0x57, 0x65, 0x20, 0x63, 0x61, 0x6e, 0x27, 0x74, 
0x20, 0x63, 0x6f, 0x6e, 0x6e, 0x65, 0x63, 0x74, 0x20, 0x74, 0x6f, 0x20, 0x74, 0x68, 0x65, 0x20, 
0x73, 0x65, 0x72, 0x76, 0x65, 0x72, 0x20, 0x61, 0x74, 0x20, 0x74, 0x68, 0x69, 0x73, 0x20, 0x61, 
0x64, 0x64, 0x72, 0x65, 0x73, 0x73, 0x00, 0x00, 0x54, 0x68, 0x65, 0x20, 0x73, 0x69, 0x74, 0x65, 
0x20, 0x63, 0x6f, 0x75, 0x6c, 0x64, 0x20, 0x62, 0x65, 0x20, 0x74, 0x65, 0x6d, 0x70, 0x6f, 0x72, 
0x61, 0x72, 0x69, 0x6c, 0x79, 0x20, 0x75, 0x6e, 0x61, 0x76, 0x61, 0x69, 0x6c, 0x61, 0x62, 0x6c, 
0x65, 0x20, 0x6f, 0x72, 0x20, 0x74, 0x6f, 0x6f, 0x20, 0x62, 0x75, 0x73, 0x79, 0x2e, 0x00, 0x00, 
0x46, 0x61, 0x73, 0x74, 0x2c, 0x20, 0x50, 0x72, 0x69, 0x76, 0x61, 0x74, 0x65, 0x2c, 0x20, 0x61, 
0x6e, 0x64, 0x20, 0x53, 0x65, 0x63, 0x75, 0x72, 0x65, 0x20, 0x2d, 0x20, 0x52, 0x75, 0x6e, 0x6e, 
0x69, 0x6e, 0x67, 0x20, 0x6e, 0x61, 0x74, 0x69, 0x76, 0x65, 0x6c, 0x79, 0x20, 0x6f, 0x6e, 0x20, 
0x44, 0x55, 0x6e, 0x69, 0x78, 0x20, 0x4c, 0x69, 0x6e, 0x75, 0x78, 0x75, 0x6c, 0x61, 0x74, 0x6f, 
0x72, 0x00, 0x00, 0x00, 0x00, 0x00, 0x00, 0x00, 0x53, 0x79, 0x73, 0x74, 0x65, 0x6d, 0x20, 0x56, 
0x20, 0x41, 0x4d, 0x44, 0x36, 0x34, 0x20, 0x41, 0x42, 0x49, 0x20, 0x7c, 0x20, 0x54, 0x68, 0x72, 
0x65, 0x61, 0x64, 0x2d, 0x4c, 0x6f, 0x63, 0x61, 0x6c, 0x20, 0x53, 0x74, 0x6f, 0x72, 0x61, 0x67, 
0x65, 0x20, 0x28, 0x25, 0x66, 0x73, 0x29, 0x20, 0x7c, 0x20, 0x44, 0x69, 0x72, 0x65, 0x63, 0x74, 
0x20, 0x4c, 0x69, 0x6e, 0x75, 0x78, 0x20, 0x53, 0x79, 0x73, 0x63, 0x61, 0x6c, 0x6c, 0x73, 0x00, 
0x53, 0x65, 0x61, 0x72, 0x63, 0x68, 0x20, 0x77, 0x69, 0x74, 0x68, 0x20, 0x47, 0x6f, 0x6f, 0x67, 
0x6c, 0x65, 0x20, 0x6f, 0x72, 0x20, 0x65, 0x6e, 0x74, 0x65, 0x72, 0x20, 0x61, 0x64, 0x64, 0x72, 
0x65, 0x73, 0x73, 0x2e, 0x2e, 0x2e, 0x00, 0x00, 0x4c, 0x69, 0x6e, 0x75, 0x78, 0x75, 0x6c, 0x61, 
0x74, 0x6f, 0x72, 0x20, 0x41, 0x72, 0x63, 0x68, 0x69, 0x74, 0x65, 0x63, 0x74, 0x75, 0x72, 0x61, 
0x6c, 0x20, 0x53, 0x75, 0x62, 0x73, 0x79, 0x73, 0x74, 0x65, 0x6d, 0x20, 0x44, 0x69, 0x61, 0x67, 
0x6e, 0x6f, 0x73, 0x74, 0x69, 0x63, 0x73, 0x3a, 0x00, 0x00, 0x00, 0x00, 0x00, 0x00, 0x00, 0x00, 
0x20, 0x20, 0x2d, 0x20, 0x45, 0x6d, 0x75, 0x6c, 0x61, 0x74, 0x69, 0x6f, 0x6e, 0x20, 0x4b, 0x65, 
0x72, 0x6e, 0x65, 0x6c, 0x20, 0x54, 0x61, 0x72, 0x67, 0x65, 0x74, 0x3a, 0x20, 0x4c, 0x69, 0x6e, 
0x75, 0x78, 0x20, 0x35, 0x2e, 0x31, 0x35, 0x2e, 0x30, 0x2d, 0x64, 0x75, 0x6e, 0x69, 0x78, 0x20, 
0x28, 0x53, 0x79, 0x73, 0x74, 0x65, 0x6d, 0x20, 0x56, 0x20, 0x41, 0x4d, 0x44, 0x36, 0x34, 0x20, 
0x41, 0x42, 0x49, 0x29, 0x00, 0x00, 0x00, 0x00, 0x20, 0x20, 0x2d, 0x20, 0x54, 0x68, 0x72, 0x65, 
0x61, 0x64, 0x2d, 0x4c, 0x6f, 0x63, 0x61, 0x6c, 0x20, 0x53, 0x74, 0x6f, 0x72, 0x61, 0x67, 0x65, 
0x3a, 0x20, 0x20, 0x20, 0x20, 0x48, 0x61, 0x72, 0x64, 0x77, 0x61, 0x72, 0x65, 0x20, 0x49, 0x41, 
0x33, 0x32, 0x5f, 0x46, 0x53, 0x5f, 0x42, 0x41, 0x53, 0x45, 0x20, 0x28, 0x4d, 0x53, 0x52, 0x20, 
0x30, 0x78, 0x43, 0x30, 0x30, 0x30, 0x30, 0x31, 0x30, 0x30, 0x29, 0x00, 0x00, 0x00, 0x00, 0x00, 
0x20, 0x20, 0x2d, 0x20, 0x44, 0x69, 0x73, 0x70, 0x6c, 0x61, 0x79, 0x20, 0x50, 0x72, 0x6f, 0x74, 
0x6f, 0x63, 0x6f, 0x6c, 0x3a, 0x20, 0x20, 0x20, 0x20, 0x20, 0x20, 0x20, 0x20, 0x44, 0x57, 0x53, 
0x20, 0x57, 0x69, 0x6e, 0x64, 0x6f, 0x77, 0x20, 0x4d, 0x61, 0x6e, 0x61, 0x67, 0x65, 0x72, 0x20, 
0x28, 0x31, 0x32, 0x37, 0x2e, 0x30, 0x2e, 0x30, 0x2e, 0x31, 0x3a, 0x37, 0x30, 0x30, 0x30, 0x29, 
0x00, 0x00, 0x00, 0x00, 0x00, 0x00, 0x00, 0x00, 0x20, 0x20, 0x2d, 0x20, 0x47, 0x50, 0x55, 0x20, 
0x26, 0x20, 0x43, 0x6f, 0x6d, 0x70, 0x6f, 0x73, 0x69, 0x74, 0x6f, 0x72, 0x3a, 0x20, 0x20, 0x20, 
0x20, 0x20, 0x20, 0x20, 0x20, 0x5a, 0x65, 0x72, 0x6f, 0x2d, 0x43, 0x6f, 0x70, 0x79, 0x20, 0x44, 
0x52, 0x4d, 0x2f, 0x4b, 0x4d, 0x53, 0x20, 0x44, 0x6f, 0x75, 0x62, 0x6c, 0x65, 0x2d, 0x42, 0x75, 
0x66, 0x66, 0x65, 0x72, 0x69, 0x6e, 0x67, 0x20, 0x53, 0x63, 0x61, 0x6e, 0x6f, 0x75, 0x74, 0x00, 
0x20, 0x20, 0x2d, 0x20, 0x53, 0x68, 0x61, 0x64, 0x6f, 0x77, 0x20, 0x46, 0x69, 0x6c, 0x65, 0x73, 
0x79, 0x73, 0x74, 0x65, 0x6d, 0x3a, 0x20, 0x20, 0x20, 0x20, 0x20, 0x20, 0x20, 0x2f, 0x63, 0x6f, 
0x6d, 0x70, 0x61, 0x74, 0x2f, 0x6c, 0x69, 0x6e, 0x75, 0x78, 0x20, 0x66, 0x61, 0x6c, 0x6c, 0x62, 
0x61, 0x63, 0x6b, 0x20, 0x61, 0x63, 0x74, 0x69, 0x76, 0x65, 0x00, 0x00, 0x00, 0x00, 0x00, 0x00, 
0x0d, 0x0a, 0x55, 0x73, 0x65, 0x72, 0x2d, 0x41, 0x67, 0x65, 0x6e, 0x74, 0x3a, 0x20, 0x4d, 0x6f, 
0x7a, 0x69, 0x6c, 0x6c, 0x61, 0x2f, 0x35, 0x2e, 0x30, 0x20, 0x28, 0x58, 0x31, 0x31, 0x3b, 0x20, 
0x4c, 0x69, 0x6e, 0x75, 0x78, 0x20, 0x78, 0x38, 0x36, 0x5f, 0x36, 0x34, 0x3b, 0x20, 0x72, 0x76, 
0x3a, 0x31, 0x30, 0x39, 0x2e, 0x30, 0x29, 0x20, 0x47, 0x65, 0x63, 0x6b, 0x6f, 0x2f, 0x32, 0x30, 
0x31, 0x30, 0x30, 0x31, 0x30, 0x31, 0x20, 0x46, 0x69, 0x72, 0x65, 0x66, 0x6f, 0x78, 0x2f, 0x31, 
0x31, 0x35, 0x2e, 0x30, 0x20, 0x44, 0x55, 0x6e, 0x69, 0x78, 0x2f, 0x31, 0x2e, 0x30, 0x20, 0x28, 
0x4c, 0x69, 0x6e, 0x75, 0x78, 0x75, 0x6c, 0x61, 0x74, 0x6f, 0x72, 0x29, 0x0d, 0x0a, 0x41, 0x63, 
0x63, 0x65, 0x70, 0x74, 0x3a, 0x20, 0x74, 0x65, 0x78, 0x74, 0x2f, 0x68, 0x74, 0x6d, 0x6c, 0x0d, 
0x0a, 0x43, 0x6f, 0x6e, 0x6e, 0x65, 0x63, 0x74, 0x69, 0x6f, 0x6e, 0x3a, 0x20, 0x63, 0x6c, 0x6f, 
0x73, 0x65, 0x0d, 0x0a, 0x0d, 0x0a, 0x00, 0x00, 0x44, 0x55, 0x6e, 0x69, 0x78, 0x20, 0x4c, 0x69, 
0x6e, 0x75, 0x78, 0x20, 0x42, 0x69, 0x6e, 0x61, 0x72, 0x79, 0x20, 0x43, 0x6f, 0x6d, 0x70, 0x61, 
0x74, 0x69, 0x62, 0x69, 0x6c, 0x69, 0x74, 0x79, 0x20, 0x4c, 0x61, 0x79, 0x65, 0x72, 0x20, 0x28, 
0x4c, 0x69, 0x6e, 0x75, 0x78, 0x75, 0x6c, 0x61, 0x74, 0x6f, 0x72, 0x29, 0x00, 0x00, 0x00, 0x00, 
0x41, 0x63, 0x74, 0x69, 0x76, 0x65, 0x20, 0x4c, 0x69, 0x6e, 0x75, 0x78, 0x20, 0x78, 0x38, 0x36, 
0x5f, 0x36, 0x34, 0x20, 0x53, 0x79, 0x73, 0x74, 0x65, 0x6d, 0x20, 0x43, 0x61, 0x6c, 0x6c, 0x73, 
0x20, 0x44, 0x69, 0x73, 0x70, 0x61, 0x74, 0x63, 0x68, 0x65, 0x64, 0x3a, 0x00, 0x00, 0x00, 0x00, 
0x20, 0x20, 0x5b, 0x30, 0x30, 0x5d, 0x20, 0x53, 0x59, 0x53, 0x5f, 0x72, 0x65, 0x61, 0x64, 0x20, 
0x20, 0x20, 0x20, 0x20, 0x20, 0x20, 0x20, 0x20, 0x20, 0x20, 0x20, 0x5b, 0x30, 0x31, 0x5d, 0x20, 
0x53, 0x59, 0x53, 0x5f, 0x77, 0x72, 0x69, 0x74, 0x65, 0x20, 0x20, 0x20, 0x20, 0x20, 0x20, 0x20, 
0x20, 0x20, 0x20, 0x20, 0x5b, 0x30, 0x32, 0x5d, 0x20, 0x53, 0x59, 0x53, 0x5f, 0x6f, 0x70, 0x65, 
0x6e, 0x00, 0x00, 0x00, 0x00, 0x00, 0x00, 0x00, 0x20, 0x20, 0x5b, 0x30, 0x37, 0x5d, 0x20, 0x53, 
0x59, 0x53, 0x5f, 0x70, 0x6f, 0x6c, 0x6c, 0x20, 0x20, 0x20, 0x20, 0x20, 0x20, 0x20, 0x20, 0x20, 
0x20, 0x20, 0x20, 0x5b, 0x30, 0x39, 0x5d, 0x20, 0x53, 0x59, 0x53, 0x5f, 0x6d, 0x6d, 0x61, 0x70, 
0x20, 0x20, 0x20, 0x20, 0x20, 0x20, 0x20, 0x20, 0x20, 0x20, 0x20, 0x20, 0x5b, 0x31, 0x32, 0x5d, 
0x20, 0x53, 0x59, 0x53, 0x5f, 0x62, 0x72, 0x6b, 0x00, 0x00, 0x00, 0x00, 0x00, 0x00, 0x00, 0x00, 
0x20, 0x20, 0x5b, 0x31, 0x33, 0x5d, 0x20, 0x53, 0x59, 0x53, 0x5f, 0x72, 0x74, 0x5f, 0x73, 0x69, 
0x67, 0x61, 0x63, 0x74, 0x69, 0x6f, 0x6e, 0x20, 0x20, 0x20, 0x20, 0x5b, 0x31, 0x36, 0x5d, 0x20, 
0x53, 0x59, 0x53, 0x5f, 0x69, 0x6f, 0x63, 0x74, 0x6c, 0x20, 0x20, 0x20, 0x20, 0x20, 0x20, 0x20, 
0x20, 0x20, 0x20, 0x20, 0x5b, 0x32, 0x31, 0x5d, 0x20, 0x53, 0x59, 0x53, 0x5f, 0x61, 0x63, 0x63, 
0x65, 0x73, 0x73, 0x00, 0x00, 0x00, 0x00, 0x00, 0x20, 0x20, 0x5b, 0x34, 0x31, 0x5d, 0x20, 0x53, 
0x59, 0x53, 0x5f, 0x73, 0x6f, 0x63, 0x6b, 0x65, 0x74, 0x20, 0x20, 0x20, 0x20, 0x20, 0x20, 0x20, 
0x20, 0x20, 0x20, 0x5b, 0x34, 0x32, 0x5d, 0x20, 0x53, 0x59, 0x53, 0x5f, 0x63, 0x6f, 0x6e, 0x6e, 
0x65, 0x63, 0x74, 0x20, 0x20, 0x20, 0x20, 0x20, 0x20, 0x20, 0x20, 0x20, 0x5b, 0x34, 0x34, 0x5d, 
0x20, 0x53, 0x59, 0x53, 0x5f, 0x73, 0x65, 0x6e, 0x64, 0x74, 0x6f, 0x00, 0x00, 0x00, 0x00, 0x00, 
0x20, 0x20, 0x5b, 0x34, 0x35, 0x5d, 0x20, 0x53, 0x59, 0x53, 0x5f, 0x72, 0x65, 0x63, 0x76, 0x66, 
0x72, 0x6f, 0x6d, 0x20, 0x20, 0x20, 0x20, 0x20, 0x20, 0x20, 0x20, 0x5b, 0x36, 0x33, 0x5d, 0x20, 
0x53, 0x59, 0x53, 0x5f, 0x75, 0x6e, 0x61, 0x6d, 0x65, 0x20, 0x20, 0x20, 0x20, 0x20, 0x20, 0x20, 
0x20, 0x20, 0x20, 0x20, 0x5b, 0x31, 0x35, 0x38, 0x5d, 0x20, 0x53, 0x59, 0x53, 0x5f, 0x61, 0x72, 
0x63, 0x68, 0x5f, 0x70, 0x72, 0x63, 0x74, 0x6c, 0x00, 0x00, 0x00, 0x00, 0x00, 0x00, 0x00, 0x00, 
0x20, 0x20, 0x5b, 0x32, 0x30, 0x32, 0x5d, 0x20, 0x53, 0x59, 0x53, 0x5f, 0x66, 0x75, 0x74, 0x65, 
0x78, 0x20, 0x20, 0x20, 0x20, 0x20, 0x20, 0x20, 0x20, 0x20, 0x20, 0x5b, 0x32, 0x31, 0x37, 0x5d, 
0x20, 0x53, 0x59, 0x53, 0x5f, 0x67, 0x65, 0x74, 0x64, 0x65, 0x6e, 0x74, 0x73, 0x36, 0x34, 0x20, 
0x20, 0x20, 0x20, 0x20, 0x5b, 0x32, 0x32, 0x38, 0x5d, 0x20, 0x53, 0x59, 0x53, 0x5f, 0x63, 0x6c, 
0x6f, 0x63, 0x6b, 0x5f, 0x67, 0x65, 0x74, 0x74, 0x69, 0x6d, 0x65, 0x00, 0x00, 0x00, 0x00, 0x00, 
0x20, 0x20, 0x5b, 0x32, 0x35, 0x37, 0x5d, 0x20, 0x53, 0x59, 0x53, 0x5f, 0x6f, 0x70, 0x65, 0x6e, 
0x61, 0x74, 0x20, 0x20, 0x20, 0x20, 0x20, 0x20, 0x20, 0x20, 0x20, 0x5b, 0x32, 0x36, 0x32, 0x5d, 
0x20, 0x53, 0x59, 0x53, 0x5f, 0x6e, 0x65, 0x77, 0x66, 0x73, 0x74, 0x61, 0x74, 0x61, 0x74, 0x20, 
0x20, 0x20, 0x20, 0x20, 0x5b, 0x33, 0x31, 0x38, 0x5d, 0x20, 0x53, 0x59, 0x53, 0x5f, 0x67, 0x65, 
0x74, 0x72, 0x61, 0x6e, 0x64, 0x6f, 0x6d, 0x00, 0x43, 0x6f, 0x6d, 0x70, 0x61, 0x74, 0x69, 0x62, 
0x69, 0x6c, 0x69, 0x74, 0x79, 0x20, 0x46, 0x69, 0x6c, 0x65, 0x73, 0x79, 0x73, 0x74, 0x65, 0x6d, 
0x20, 0x48, 0x69, 0x65, 0x72, 0x61, 0x72, 0x63, 0x68, 0x79, 0x20, 0x28, 0x2f, 0x63, 0x6f, 0x6d, 
0x70, 0x61, 0x74, 0x2f, 0x6c, 0x69, 0x6e, 0x75, 0x78, 0x29, 0x3a, 0x00, 0x00, 0x00, 0x00, 0x00, 
0x20, 0x20, 0x2f, 0x63, 0x6f, 0x6d, 0x70, 0x61, 0x74, 0x2f, 0x6c, 0x69, 0x6e, 0x75, 0x78, 0x2f, 
0x62, 0x69, 0x6e, 0x20, 0x20, 0x20, 0x20, 0x20, 0x2d, 0x20, 0x4e, 0x61, 0x74, 0x69, 0x76, 0x65, 
0x20, 0x4c, 0x69, 0x6e, 0x75, 0x78, 0x20, 0x45, 0x4c, 0x46, 0x36, 0x34, 0x20, 0x62, 0x69, 0x6e, 
0x61, 0x72, 0x69, 0x65, 0x73, 0x00, 0x00, 0x00, 0x20, 0x20, 0x2f, 0x63, 0x6f, 0x6d, 0x70, 0x61, 
0x74, 0x2f, 0x6c, 0x69, 0x6e, 0x75, 0x78, 0x2f, 0x6c, 0x69, 0x62, 0x36, 0x34, 0x20, 0x20, 0x20, 
0x2d, 0x20, 0x4c, 0x69, 0x6e, 0x75, 0x78, 0x20, 0x78, 0x38, 0x36, 0x5f, 0x36, 0x34, 0x20, 0x73, 
0x68, 0x61, 0x72, 0x65, 0x64, 0x20, 0x6c, 0x69, 0x62, 0x72, 0x61, 0x72, 0x69, 0x65, 0x73, 0x20, 
0x28, 0x67, 0x6c, 0x69, 0x62, 0x63, 0x2f, 0x6d, 0x75, 0x73, 0x6c, 0x29, 0x00, 0x00, 0x00, 0x00, 
0x20, 0x20, 0x2f, 0x63, 0x6f, 0x6d, 0x70, 0x61, 0x74, 0x2f, 0x6c, 0x69, 0x6e, 0x75, 0x78, 0x2f, 
0x65, 0x74, 0x63, 0x20, 0x20, 0x20, 0x20, 0x20, 0x2d, 0x20, 0x4c, 0x69, 0x6e, 0x75, 0x78, 0x20, 
0x6f, 0x73, 0x2d, 0x72, 0x65, 0x6c, 0x65, 0x61, 0x73, 0x65, 0x20, 0x61, 0x6e, 0x64, 0x20, 0x63, 
0x6f, 0x6e, 0x66, 0x69, 0x67, 0x75, 0x72, 0x61, 0x74, 0x69, 0x6f, 0x6e, 0x20, 0x73, 0x68, 0x61, 
0x64, 0x6f, 0x77, 0x00, 0x00, 0x00, 0x00, 0x00, 0x61, 0x62, 0x6f, 0x75, 0x74, 0x3a, 0x64, 0x75, 
0x6e, 0x69, 0x78, 0x20, 0x2d, 0x20, 0x44, 0x55, 0x6e, 0x69, 0x78, 0x20, 0x4f, 0x53, 0x20, 0x4f, 
0x76, 0x65, 0x72, 0x76, 0x69, 0x65, 0x77, 0x00, 0x44, 0x55, 0x6e, 0x69, 0x78, 0x20, 0x36, 0x34, 
0x2d, 0x42, 0x69, 0x74, 0x20, 0x4f, 0x70, 0x65, 0x72, 0x61, 0x74, 0x69, 0x6e, 0x67, 0x20, 0x53, 
0x79, 0x73, 0x74, 0x65, 0x6d, 0x20, 0x41, 0x72, 0x63, 0x68, 0x69, 0x74, 0x65, 0x63, 0x74, 0x75, 
0x72, 0x65, 0x00, 0x00, 0x00, 0x00, 0x00, 0x00, 0x41, 0x64, 0x76, 0x61, 0x6e, 0x63, 0x65, 0x64, 
0x20, 0x55, 0x6e, 0x69, 0x78, 0x20, 0x4f, 0x53, 0x20, 0x65, 0x6e, 0x67, 0x69, 0x6e, 0x65, 0x65, 
0x72, 0x65, 0x64, 0x20, 0x77, 0x69, 0x74, 0x68, 0x20, 0x7a, 0x65, 0x72, 0x6f, 0x20, 0x64, 0x65, 
0x70, 0x65, 0x6e, 0x64, 0x65, 0x6e, 0x63, 0x69, 0x65, 0x73, 0x3a, 0x00, 0x00, 0x00, 0x00, 0x00, 
0x20, 0x20, 0x2d, 0x20, 0x4d, 0x69, 0x63, 0x72, 0x6f, 0x6b, 0x65, 0x72, 0x6e, 0x65, 0x6c, 0x20, 
0x2f, 0x20, 0x48, 0x79, 0x62, 0x72, 0x69, 0x64, 0x20, 0x43, 0x6f, 0x72, 0x65, 0x3a, 0x20, 0x50, 
0x72, 0x65, 0x65, 0x6d, 0x70, 0x74, 0x69, 0x76, 0x65, 0x20, 0x53, 0x63, 0x68, 0x65, 0x64, 0x75, 
0x6c, 0x65, 0x72, 0x2c, 0x20, 0x34, 0x2d, 0x4c, 0x65, 0x76, 0x65, 0x6c, 0x20, 0x50, 0x61, 0x67, 
0x69, 0x6e, 0x67, 0x20, 0x56, 0x4d, 0x4d, 0x00, 0x20, 0x20, 0x2d, 0x20, 0x47, 0x72, 0x61, 0x70, 
0x68, 0x69, 0x63, 0x73, 0x3a, 0x20, 0x44, 0x52, 0x4d, 0x2f, 0x4b, 0x4d, 0x53, 0x20, 0x48, 0x61, 
0x72, 0x64, 0x77, 0x61, 0x72, 0x65, 0x20, 0x41, 0x63, 0x63, 0x65, 0x6c, 0x65, 0x72, 0x61, 0x74, 
0x69, 0x6f, 0x6e, 0x20, 0x26, 0x20, 0x44, 0x57, 0x53, 0x20, 0x57, 0x69, 0x6e, 0x64, 0x6f, 0x77, 
0x20, 0x53, 0x65, 0x72, 0x76, 0x65, 0x72, 0x00, 0x20, 0x20, 0x2d, 0x20, 0x4e, 0x65, 0x74, 0x77, 
0x6f, 0x72, 0x6b, 0x69, 0x6e, 0x67, 0x3a, 0x20, 0x49, 0x6e, 0x74, 0x65, 0x6c, 0x20, 0x45, 0x31, 
0x30, 0x30, 0x30, 0x20, 0x47, 0x69, 0x67, 0x61, 0x62, 0x69, 0x74, 0x20, 0x44, 0x72, 0x69, 0x76, 
0x65, 0x72, 0x20, 0x2b, 0x20, 0x46, 0x75, 0x6c, 0x6c, 0x20, 0x42, 0x53, 0x44, 0x20, 0x53, 0x6f, 
0x63, 0x6b, 0x65, 0x74, 0x73, 0x00, 0x00, 0x00, 0x20, 0x20, 0x2d, 0x20, 0x4c, 0x69, 0x6e, 0x75, 
0x78, 0x75, 0x6c, 0x61, 0x74, 0x6f, 0x72, 0x3a, 0x20, 0x53, 0x79, 0x73, 0x74, 0x65, 0x6d, 0x20, 
0x56, 0x20, 0x41, 0x4d, 0x44, 0x36, 0x34, 0x20, 0x43, 0x6f, 0x6d, 0x70, 0x61, 0x74, 0x69, 0x62, 
0x69, 0x6c, 0x69, 0x74, 0x79, 0x20, 0x4c, 0x61, 0x79, 0x65, 0x72, 0x20, 0x66, 0x6f, 0x72, 0x20, 
0x4c, 0x69, 0x6e, 0x75, 0x78, 0x20, 0x42, 0x69, 0x6e, 0x61, 0x72, 0x69, 0x65, 0x73, 0x00, 0x00, 
0x4c, 0x61, 0x75, 0x6e, 0x63, 0x68, 0x20, 0x33, 0x44, 0x20, 0x4f, 0x70, 0x65, 0x6e, 0x47, 0x4c, 
0x20, 0x48, 0x61, 0x72, 0x64, 0x77, 0x61, 0x72, 0x65, 0x20, 0x41, 0x63, 0x63, 0x65, 0x6c, 0x65, 
0x72, 0x61, 0x74, 0x69, 0x6f, 0x6e, 0x20, 0x44, 0x65, 0x6d, 0x6f, 0x3a, 0x00, 0x00, 0x00, 0x00, 
0x52, 0x75, 0x6e, 0x20, 0x27, 0x67, 0x6c, 0x67, 0x65, 0x61, 0x72, 0x73, 0x27, 0x20, 0x69, 0x6e, 
0x73, 0x69, 0x64, 0x65, 0x20, 0x74, 0x65, 0x72, 0x6d, 0x69, 0x6e, 0x61, 0x6c, 0x20, 0x6f, 0x72, 
0x20, 0x63, 0x6c, 0x69, 0x63, 0x6b, 0x20, 0x27, 0x2b, 0x33, 0x44, 0x27, 0x20, 0x6f, 0x6e, 0x20, 
0x74, 0x6f, 0x70, 0x20, 0x62, 0x61, 0x72, 0x2e, 0x00, 0x00, 0x00, 0x00, 0x00, 0x00, 0x00, 0x00, 
0x4d, 0x6f, 0x7a, 0x69, 0x6c, 0x6c, 0x61, 0x20, 0x46, 0x69, 0x72, 0x65, 0x66, 0x6f, 0x78, 0x20, 
0x31, 0x31, 0x35, 0x2e, 0x30, 0x65, 0x73, 0x72, 0x20, 0x28, 0x4c, 0x69, 0x6e, 0x75, 0x78, 0x20, 
0x78, 0x38, 0x36, 0x5f, 0x36, 0x34, 0x2c, 0x20, 0x44, 0x55, 0x6e, 0x69, 0x78, 0x20, 0x4c, 0x69, 
0x6e, 0x75, 0x78, 0x75, 0x6c, 0x61, 0x74, 0x6f, 0x72, 0x29, 0x0a, 0x00, 0x00, 0x00, 0x00, 0x00, 
0x55, 0x73, 0x61, 0x67, 0x65, 0x3a, 0x20, 0x66, 0x69, 0x72, 0x65, 0x66, 0x6f, 0x78, 0x20, 0x5b, 
0x4f, 0x50, 0x54, 0x49, 0x4f, 0x4e, 0x53, 0x5d, 0x20, 0x5b, 0x55, 0x52, 0x4c, 0x5d, 0x0a, 0x0a, 
0x00, 0x00, 0x00, 0x00, 0x00, 0x00, 0x00, 0x00, 0x20, 0x20, 0x2d, 0x76, 0x2c, 0x20, 0x2d, 0x2d, 
0x76, 0x65, 0x72, 0x73, 0x69, 0x6f, 0x6e, 0x20, 0x20, 0x20, 0x20, 0x20, 0x20, 0x44, 0x69, 0x73, 
0x70, 0x6c, 0x61, 0x79, 0x20, 0x46, 0x69, 0x72, 0x65, 0x66, 0x6f, 0x78, 0x20, 0x61, 0x6e, 0x64, 
0x20, 0x47, 0x65, 0x63, 0x6b, 0x6f, 0x20, 0x76, 0x65, 0x72, 0x73, 0x69, 0x6f, 0x6e, 0x0a, 0x00, 
0x20, 0x20, 0x2d, 0x68, 0x2c, 0x20, 0x2d, 0x2d, 0x68, 0x65, 0x6c, 0x70, 0x20, 0x20, 0x20, 0x20, 
0x20, 0x20, 0x20, 0x20, 0x20, 0x44, 0x69, 0x73, 0x70, 0x6c, 0x61, 0x79, 0x20, 0x74, 0x68, 0x69, 
0x73, 0x20, 0x68, 0x65, 0x6c, 0x70, 0x20, 0x6d, 0x65, 0x73, 0x73, 0x61, 0x67, 0x65, 0x0a, 0x00, 
0x20, 0x20, 0x2d, 0x2d, 0x68, 0x65, 0x61, 0x64, 0x6c, 0x65, 0x73, 0x73, 0x20, 0x20, 0x20, 0x20, 
0x20, 0x20, 0x20, 0x20, 0x20, 0x45, 0x78, 0x65, 0x63, 0x75, 0x74, 0x65, 0x20, 0x77, 0x69, 0x74, 
0x68, 0x6f, 0x75, 0x74, 0x20, 0x64, 0x69, 0x73, 0x70, 0x6c, 0x61, 0x79, 0x20, 0x73, 0x65, 0x72, 
0x76, 0x65, 0x72, 0x0a, 0x00, 0x00, 0x00, 0x00, 0x5b, 0x46, 0x69, 0x72, 0x65, 0x66, 0x6f, 0x78, 
0x5d, 0x20, 0x49, 0x6e, 0x69, 0x74, 0x69, 0x61, 0x6c, 0x69, 0x7a, 0x69, 0x6e, 0x67, 0x20, 0x4d, 
0x6f, 0x7a, 0x69, 0x6c, 0x6c, 0x61, 0x20, 0x46, 0x69, 0x72, 0x65, 0x66, 0x6f, 0x78, 0x20, 0x28, 
0x4c, 0x69, 0x6e, 0x75, 0x78, 0x20, 0x78, 0x38, 0x36, 0x5f, 0x36, 0x34, 0x20, 0x45, 0x4c, 0x46, 
0x20, 0x76, 0x69, 0x61, 0x20, 0x4c, 0x69, 0x6e, 0x75, 0x78, 0x75, 0x6c, 0x61, 0x74, 0x6f, 0x72, 
0x29, 0x2e, 0x2e, 0x2e, 0x0a, 0x00, 0x00, 0x00, 0x5b, 0x46, 0x69, 0x72, 0x65, 0x66, 0x6f, 0x78, 
0x5d, 0x20, 0x54, 0x4c, 0x53, 0x20, 0x69, 0x6e, 0x69, 0x74, 0x69, 0x61, 0x6c, 0x69, 0x7a, 0x65, 
0x64, 0x20, 0x28, 0x25, 0x66, 0x73, 0x5f, 0x62, 0x61, 0x73, 0x65, 0x20, 0x61, 0x72, 0x6d, 0x65, 
0x64, 0x2c, 0x20, 0x50, 0x49, 0x44, 0x3d, 0x00, 0x5b, 0x46, 0x69, 0x72, 0x65, 0x66, 0x6f, 0x78, 
0x5d, 0x20, 0x45, 0x72, 0x72, 0x6f, 0x72, 0x3a, 0x20, 0x46, 0x61, 0x69, 0x6c, 0x65, 0x64, 0x20, 
0x74, 0x6f, 0x20, 0x63, 0x72, 0x65, 0x61, 0x74, 0x65, 0x20, 0x73, 0x6f, 0x63, 0x6b, 0x65, 0x74, 
0x20, 0x66, 0x6f, 0x72, 0x20, 0x44, 0x57, 0x53, 0x0a, 0x00, 0x00, 0x00, 0x00, 0x00, 0x00, 0x00, 
0x5b, 0x46, 0x69, 0x72, 0x65, 0x66, 0x6f, 0x78, 0x5d, 0x20, 0x44, 0x69, 0x73, 0x70, 0x6c, 0x61, 
0x79, 0x20, 0x73, 0x65, 0x72, 0x76, 0x65, 0x72, 0x20, 0x28, 0x44, 0x57, 0x53, 0x29, 0x20, 0x6e, 
0x6f, 0x74, 0x20, 0x64, 0x65, 0x74, 0x65, 0x63, 0x74, 0x65, 0x64, 0x20, 0x6f, 0x6e, 0x20, 0x31, 
0x32, 0x37, 0x2e, 0x30, 0x2e, 0x30, 0x2e, 0x31, 0x3a, 0x37, 0x30, 0x30, 0x30, 0x2e, 0x0a, 0x00, 
0x5b, 0x46, 0x69, 0x72, 0x65, 0x66, 0x6f, 0x78, 0x5d, 0x20, 0x48, 0x65, 0x61, 0x64, 0x6c, 0x65, 
0x73, 0x73, 0x20, 0x6d, 0x6f, 0x64, 0x65, 0x3a, 0x20, 0x4c, 0x6f, 0x61, 0x64, 0x65, 0x64, 0x20, 
0x61, 0x62, 0x6f, 0x75, 0x74, 0x3a, 0x66, 0x69, 0x72, 0x65, 0x66, 0x6f, 0x78, 0x20, 0x73, 0x75, 
0x63, 0x63, 0x65, 0x73, 0x73, 0x66, 0x75, 0x6c, 0x6c, 0x79, 0x2e, 0x0a, 0x00, 0x00, 0x00, 0x00, 
0x5b, 0x46, 0x69, 0x72, 0x65, 0x66, 0x6f, 0x78, 0x5d, 0x20, 0x45, 0x72, 0x72, 0x6f, 0x72, 0x20, 
0x72, 0x65, 0x61, 0x64, 0x69, 0x6e, 0x67, 0x20, 0x68, 0x61, 0x6e, 0x64, 0x73, 0x68, 0x61, 0x6b, 
0x65, 0x20, 0x66, 0x72, 0x6f, 0x6d, 0x20, 0x44, 0x57, 0x53, 0x0a, 0x00, 0x00, 0x00, 0x00, 0x00, 
0x4d, 0x6f, 0x7a, 0x69, 0x6c, 0x6c, 0x61, 0x20, 0x46, 0x69, 0x72, 0x65, 0x66, 0x6f, 0x78, 0x20, 
0x28, 0x4c, 0x69, 0x6e, 0x75, 0x78, 0x75, 0x6c, 0x61, 0x74, 0x6f, 0x72, 0x20, 0x78, 0x38, 0x36, 
0x5f, 0x36, 0x34, 0x29, 0x00, 0x00, 0x00, 0x00, 0x5b, 0x46, 0x69, 0x72, 0x65, 0x66, 0x6f, 0x78, 
0x5d, 0x20, 0x42, 0x72, 0x6f, 0x77, 0x73, 0x65, 0x72, 0x20, 0x77, 0x69, 0x6e, 0x64, 0x6f, 0x77, 
0x20, 0x61, 0x63, 0x74, 0x69, 0x76, 0x65, 0x2e, 0x20, 0x45, 0x76, 0x65, 0x6e, 0x74, 0x20, 0x6c, 
0x6f, 0x6f, 0x70, 0x20, 0x72, 0x75, 0x6e, 0x6e, 0x69, 0x6e, 0x67, 0x2e, 0x0a, 0x00, 0x00, 0x00, 
0x5b, 0x46, 0x69, 0x72, 0x65, 0x66, 0x6f, 0x78, 0x5d, 0x20, 0x52, 0x65, 0x63, 0x65, 0x69, 0x76, 
0x65, 0x64, 0x20, 0x63, 0x6c, 0x6f, 0x73, 0x65, 0x20, 0x65, 0x76, 0x65, 0x6e, 0x74, 0x2e, 0x20, 
0x53, 0x68, 0x75, 0x74, 0x74, 0x69, 0x6e, 0x67, 0x20, 0x64, 0x6f, 0x77, 0x6e, 0x2e, 0x0a, 0x00, 
0x5b, 0x46, 0x69, 0x72, 0x65, 0x66, 0x6f, 0x78, 0x5d, 0x20, 0x50, 0x72, 0x6f, 0x63, 0x65, 0x73, 
0x73, 0x20, 0x65, 0x78, 0x69, 0x74, 0x65, 0x64, 0x20, 0x63, 0x6c, 0x65, 0x61, 0x6e, 0x6c, 0x79, 
0x2e, 0x0a, 0x00, 0x00, 0x00, 0x00, 0x00, 0x00, 0x00, 0x00, 0x00, 0x00, 0x00, 0x00, 0x00, 0x00, 
0x65, 0x72, 0x76, 0x65, 0x72, 0x20, 0x4e, 0x6f, 0x74, 0x20, 0x46, 0x6f, 0x75, 0x6e, 0x64, 0x20, 
0x28, 0x00, 0x00, 0x00, 0x1e, 0x00, 0x00, 0x00, 0xbc, 0x02, 0x00, 0x00, 0xb4, 0x00, 0x00, 0x00, 
0x3c, 0x00, 0x00, 0x00, 0x8c, 0x00, 0x00, 0x00, 0x78, 0x00, 0x00, 0x00, 0x22, 0x00, 0x00, 0x00, 
0xc8, 0x00, 0x00, 0x00, 0x8c, 0x00, 0x00, 0x00, 0xa0, 0x00, 0x00, 0x00, 0x22, 0x00, 0x00, 0x00, 
0x6f, 0x7a, 0x69, 0x6c, 0x6c, 0x61, 0x20, 0x46, 0x69, 0x72, 0x65, 0x66, 0x6f, 0x78, 0x20, 0x2d, 
0x28, 0x00, 0x00, 0x00, 0x14, 0x00, 0x00, 0x00, 0xbc, 0x02, 0x00, 0x00, 0x50, 0x00, 0x00, 0x00, 
0x50, 0x00, 0x00, 0x00, 0x73, 0x00, 0x00, 0x00, 0x6c, 0x02, 0x00, 0x00, 0x2c, 0x00, 0x00, 0x00, 
0x4e, 0x02, 0x00, 0x00, 0x79, 0x00, 0x00, 0x00, 0x5f, 0x00, 0x00, 0x00, 0x20, 0x00, 0x00, 0x00, 
0x50, 0x00, 0x00, 0x00, 0xaf, 0x00, 0x00, 0x00, 0x91, 0x00, 0x00, 0x00, 0x30, 0x00, 0x00, 0x00, 
0xf5, 0x00, 0x00, 0x00, 0xaf, 0x00, 0x00, 0x00, 0x91, 0x00, 0x00, 0x00, 0x30, 0x00, 0x00, 0x00, 
0x9a, 0x01, 0x00, 0x00, 0xaf, 0x00, 0x00, 0x00, 0x91, 0x00, 0x00, 0x00, 0x30, 0x00, 0x00, 0x00, 
0x3f, 0x02, 0x00, 0x00, 0xaf, 0x00, 0x00, 0x00, 0x91, 0x00, 0x00, 0x00, 0x30, 0x00, 0x00, 0x00, 
0x28, 0x00, 0x00, 0x00, 0xf5, 0x00, 0x00, 0x00, 0xbc, 0x02, 0x00, 0x00, 0x96, 0x00, 0x00, 0x00, 
0x3c, 0x00, 0x00, 0x00, 0x19, 0x01, 0x00, 0x00, 0xd0, 0x02, 0x00, 0x00, 0x19, 0x01, 0x00, 0x00, 
0x08, 0x00, 0x00, 0x00, 0x02, 0x00, 0x00, 0x00, 0x0c, 0x01, 0x00, 0x00, 0x02, 0x00, 0x00, 0x00, 
0x00, 0x00, 0x00, 0x00, 0x43, 0x00, 0x00, 0x00, 0x0c, 0x03, 0x00, 0x00, 0x43, 0x00, 0x00, 0x00, 
0x00, 0x00, 0x00, 0x00, 0x5b, 0x00, 0x00, 0x00, 0x0c, 0x03, 0x00, 0x00, 0x5b, 0x00, 0x00, 0x00, 
0x00, 0x00, 0x00, 0x00, 0xf2, 0x01, 0x00, 0x00, 0x0c, 0x03, 0x00, 0x00, 0xf2, 0x01, 0x00, 0x00, 
0x1e, 0x00, 0x00, 0x00, 0x14, 0x00, 0x00, 0x00, 0xd0, 0x02, 0x00, 0x00, 0x2d, 0x00, 0x00, 0x00, 
0x62, 0x6f, 0x75, 0x74, 0x3a, 0x63, 0x6f, 0x6d, 0x70, 0x61, 0x74, 0x20, 0x2d, 0x20, 0x44, 0x55, 
0x6e, 0x69, 0x78, 0x20, 0x4c, 0x69, 0x6e, 0x75, 0x78, 0x75, 0x6c, 0x61, 0x74, 0x6f, 0x72, 0x00, 
0x1e, 0x00, 0x00, 0x00, 0x0f, 0x00, 0x00, 0x00, 0xd0, 0x02, 0x00, 0x00, 0x2d, 0x00, 0x00, 0x00, 
0x1e, 0x00, 0x00, 0x00, 0xe7, 0x00, 0x00, 0x00, 0xd0, 0x02, 0x00, 0x00, 0x55, 0x00, 0x00, 0x00, 
0x62, 0x6f, 0x75, 0x74, 0x3a, 0x64, 0x75, 0x6e, 0x69, 0x78, 0x20, 0x2d, 0x20, 0x44, 0x55, 0x6e, 
0x1e, 0x00, 0x00, 0x00, 0xb3, 0x00, 0x00, 0x00, 0xd0, 0x02, 0x00, 0x00, 0x3c, 0x00, 0x00, 0x00, 
0x0c, 0x03, 0x00, 0x00, 0x08, 0x02, 0x00, 0x00, 0xff, 0xff, 0xff, 0x00, 0x01, 0x00, 0x00, 0x00, 
0x14, 0x00, 0x00, 0x00, 0x00, 0x00, 0x00, 0x00, 0x01, 0x7a, 0x52, 0x00, 0x01, 0x78, 0x10, 0x01, 
0x1b, 0x0c, 0x07, 0x08, 0x90, 0x01, 0x00, 0x00, 0x1c, 0x00, 0x00, 0x00, 0x1c, 0x00, 0x00, 0x00, 
0x10, 0xa2, 0xff, 0xff, 0x82, 0x01, 0x00, 0x00, 0x00, 0x47, 0x0e, 0x98, 0x01, 0x03, 0x54, 0x01, 
0x0a, 0x0e, 0x08, 0x45, 0x0b, 0x00, 0x00, 0x00, 0x10, 0x00, 0x00, 0x00, 0x3c, 0x00, 0x00, 0x00, 
0x80, 0xa3, 0xff, 0xff, 0x12, 0x01, 0x00, 0x00, 0x00, 0x00, 0x00, 0x00, 0x10, 0x00, 0x00, 0x00, 
0x50, 0x00, 0x00, 0x00, 0x8c, 0xa4, 0xff, 0xff, 0x12, 0x01, 0x00, 0x00, 0x00, 0x00, 0x00, 0x00, 
0x10, 0x00, 0x00, 0x00, 0x64, 0x00, 0x00, 0x00, 0x98, 0xa5, 0xff, 0xff, 0x12, 0x01, 0x00, 0x00, 
0x00, 0x00, 0x00, 0x00, 0x10, 0x00, 0x00, 0x00, 0x78, 0x00, 0x00, 0x00, 0xa4, 0xa6, 0xff, 0xff, 
0x12, 0x01, 0x00, 0x00, 0x00, 0x00, 0x00, 0x00, 0x10, 0x00, 0x00, 0x00, 0x8c, 0x00, 0x00, 0x00, 
0xb0, 0xa7, 0xff, 0xff, 0x90, 0x01, 0x00, 0x00, 0x00, 0x00, 0x00, 0x00, 0x10, 0x00, 0x00, 0x00, 
0xa0, 0x00, 0x00, 0x00, 0x2c, 0xa9, 0xff, 0xff, 0x98, 0x03, 0x00, 0x00, 0x00, 0x00, 0x00, 0x00, 
0x3c, 0x00, 0x00, 0x00, 0xb4, 0x00, 0x00, 0x00, 0xb8, 0xac, 0xff, 0xff, 0xe0, 0x10, 0x00, 0x00, 
0x00, 0x42, 0x0e, 0x10, 0x8d, 0x02, 0x46, 0x0e, 0x18, 0x8c, 0x03, 0x45, 0x0e, 0x20, 0x86, 0x04, 
0x41, 0x0e, 0x28, 0x83, 0x05, 0x47, 0x0e, 0xe0, 0x02, 0x03, 0x36, 0x10, 0x0a, 0x0e, 0x28, 0x41, 
0x0e, 0x20, 0x46, 0x0e, 0x18, 0x47, 0x0e, 0x10, 0x42, 0x0e, 0x08, 0x45, 0x0b, 0x00, 0x00, 0x00, 
0x10, 0x00, 0x00, 0x00, 0xf4, 0x00, 0x00, 0x00, 0x58, 0xbd, 0xff, 0xff, 0x24, 0x00, 0x00, 0x00, 
0x00, 0x00, 0x00, 0x00, 0x10, 0x00, 0x00, 0x00, 0x08, 0x01, 0x00, 0x00, 0x74, 0xbd, 0xff, 0xff, 
0xba, 0x00, 0x00, 0x00, 0x00, 0x00, 0x00, 0x00, 0x10, 0x00, 0x00, 0x00, 0x1c, 0x01, 0x00, 0x00, 
0x20, 0xbe, 0xff, 0xff, 0x51, 0x00, 0x00, 0x00, 0x00, 0x00, 0x00, 0x00, 0x10, 0x00, 0x00, 0x00, 
0x30, 0x01, 0x00, 0x00, 0x6c, 0xbe, 0xff, 0xff, 0x2b, 0x00, 0x00, 0x00, 0x00, 0x00, 0x00, 0x00, 
0x10, 0x00, 0x00, 0x00, 0x44, 0x01, 0x00, 0x00, 0x88, 0xbe, 0xff, 0xff, 0x23, 0x00, 0x00, 0x00, 
0x00, 0x00, 0x00, 0x00, 0x10, 0x00, 0x00, 0x00, 0x58, 0x01, 0x00, 0x00, 0xa4, 0xbe, 0xff, 0xff, 
0xd6, 0x00, 0x00, 0x00, 0x00, 0x00, 0x00, 0x00, 0x10, 0x00, 0x00, 0x00, 0x6c, 0x01, 0x00, 0x00, 
0x70, 0xbf, 0xff, 0xff, 0x4f, 0x00, 0x00, 0x00, 0x00, 0x00, 0x00, 0x00, 0x10, 0x00, 0x00, 0x00, 
0x80, 0x01, 0x00, 0x00, 0xac, 0xbf, 0xff, 0xff, 0x2b, 0x00, 0x00, 0x00, 0x00, 0x00, 0x00, 0x00, 
0x10, 0x00, 0x00, 0x00, 0x94, 0x01, 0x00, 0x00, 0xc8, 0xbf, 0xff, 0xff, 0x43, 0x00, 0x00, 0x00, 
0x00, 0x00, 0x00, 0x00, 0x10, 0x00, 0x00, 0x00, 0xa8, 0x01, 0x00, 0x00, 0x04, 0xc0, 0xff, 0xff, 
0x31, 0x00, 0x00, 0x00, 0x00, 0x00, 0x00, 0x00, 0x10, 0x00, 0x00, 0x00, 0xbc, 0x01, 0x00, 0x00, 
0x30, 0xc0, 0xff, 0xff, 0x5e, 0x00, 0x00, 0x00, 0x00, 0x00, 0x00, 0x00, 0x28, 0x00, 0x00, 0x00, 
0xd0, 0x01, 0x00, 0x00, 0x7c, 0xc0, 0xff, 0xff, 0x3a, 0x05, 0x00, 0x00, 0x00, 0x47, 0x0e, 0xa0, 
0x25, 0x03, 0xb1, 0x03, 0x0a, 0x0e, 0x08, 0x48, 0x0b, 0x02, 0xb6, 0x0a, 0x0e, 0x08, 0x4a, 0x0b, 
0x02, 0x5a, 0x0a, 0x0e, 0x08, 0x41, 0x0b, 0x00, 0x38, 0x00, 0x00, 0x00, 0xfc, 0x01, 0x00, 0x00, 
0x90, 0xc5, 0xff, 0xff, 0x1d, 0x0d, 0x00, 0x00, 0x00, 0x47, 0x0e, 0xd0, 0x01, 0x03, 0xce, 0x03, 
0x0a, 0x0e, 0x08, 0x41, 0x0b, 0x47, 0x0a, 0x0e, 0x08, 0x45, 0x0b, 0x03, 0x72, 0x05, 0x0a, 0x0e, 
0x08, 0x45, 0x0b, 0x02, 0x54, 0x0a, 0x0e, 0x08, 0x41, 0x0b, 0x03, 0xf8, 0x02, 0x0a, 0x0e, 0x08, 
0x45, 0x0b, 0x00, 0x00, 0x20, 0x00, 0x00, 0x00, 0x38, 0x02, 0x00, 0x00, 0x74, 0xd2, 0xff, 0xff, 
0x64, 0x0d, 0x00, 0x00, 0x00, 0x47, 0x0e, 0xd0, 0x06, 0x56, 0x83, 0x04, 0x86, 0x03, 0x03, 0xa2, 
0x08, 0x0a, 0x0e, 0x08, 0x41, 0x0b, 0x00, 0x00, 0x04, 0x00, 0x00, 0x00, 0x20, 0x00, 0x00, 0x00, 
0x05, 0x00, 0x00, 0x00, 0x47, 0x4e, 0x55, 0x00, 0x01, 0x00, 0x01, 0xc0, 0x04, 0x00, 0x00, 0x00, 
0x09, 0x00, 0x00, 0x00, 0x00, 0x00, 0x00, 0x00, 0x02, 0x00, 0x01, 0xc0, 0x04, 0x00, 0x00, 0x00, 
0x01, 0x00, 0x00, 0x00, 0x00, 0x00, 0x00, 0x00, 0x00, 0x00, 0x00, 0x00, 0x00, 0x00, 0x00, 0x00, 
0x00, 0x00, 0x00, 0x00, 0x00, 0x00, 0x00, 0x00, 0x00, 0x00, 0x00, 0x00, 0x00, 0x00, 0x00, 0x00, 
0x00, 0x00, 0x00, 0x00, 0x00, 0x00, 0x00, 0x00, 0x00, 0x00, 0x00, 0x00, 0x00, 0x00, 0x00, 0x00, 
0x00, 0x00, 0x00, 0x00, 0x00, 0x00, 0x00, 0x00, 0x00, 0x00, 0x00, 0x00, 0x00, 0x00, 0x00, 0x00, 
0x00, 0x00, 0x00, 0x00, 0x00, 0x00, 0x00, 0x00, 0x00, 0x00, 0x00, 0x00, 0x00, 0x00, 0x00, 0x00, 
0x00, 0x00, 0x00, 0x00, 0x00, 0x00, 0x00, 0x00, 0x00, 0x00, 0x00, 0x00, 0x00, 0x00, 0x00, 0x00, 
0x00, 0x00, 0x00, 0x00, 0x00, 0x00, 0x00, 0x00, 0x00, 0x00, 0x00, 0x00, 0x00, 0x00, 0x00, 0x00, 
0x00, 0x00, 0x00, 0x00, 0x00, 0x00, 0x00, 0x00, 0x00, 0x00, 0x00, 0x00, 0x00, 0x00, 0x00, 0x00, 
0x00, 0x00, 0x00, 0x00, 0x00, 0x00, 0x00, 0x00, 0x00, 0x00, 0x00, 0x00, 0x00, 0x00, 0x00, 0x00, 
0x00, 0x00, 0x00, 0x00, 0x00, 0x00, 0x00, 0x00, 0x00, 0x00, 0x00, 0x00, 0x00, 0x00, 0x00, 0x00, 
0x00, 0x00, 0x00, 0x00, 0x00, 0x00, 0x00, 0x00, 0x00, 0x00, 0x00, 0x00, 0x00, 0x00, 0x00, 0x00, 
0x00, 0x00, 0x00, 0x00, 0x00, 0x00, 0x00, 0x00, 0x00, 0x00, 0x00, 0x00, 0x00, 0x00, 0x00, 0x00, 
0x00, 0x00, 0x00, 0x00, 0x00, 0x00, 0x00, 0x00, 0x00, 0x00, 0x00, 0x00, 0x00, 0x00, 0x00, 0x00, 
0x00, 0x00, 0x00, 0x00, 0x00, 0x00, 0x00, 0x00, 0x00, 0x00, 0x00, 0x00, 0x00, 0x00, 0x00, 0x00, 
0x00, 0x00, 0x00, 0x00, 0x00, 0x00, 0x00, 0x00, 0x00, 0x00, 0x00, 0x00, 0x00, 0x00, 0x00, 0x00, 
0x00, 0x00, 0x00, 0x00, 0x00, 0x00, 0x00, 0x00, 0x00, 0x00, 0x00, 0x00, 0x00, 0x00, 0x00, 0x00, 
0x00, 0x00, 0x00, 0x00, 0x00, 0x00, 0x00, 0x00, 0x00, 0x00, 0x00, 0x00, 0x00, 0x00, 0x00, 0x00, 
0x00, 0x00, 0x00, 0x00, 0x00, 0x00, 0x00, 0x00, 0x00, 0x00, 0x00, 0x00, 0x00, 0x00, 0x00, 0x00, 
0x00, 0x00, 0x00, 0x00, 0x00, 0x00, 0x00, 0x00, 0x00, 0x00, 0x00, 0x00, 0x00, 0x00, 0x00, 0x00, 
0x00, 0x00, 0x00, 0x00, 0x00, 0x00, 0x00, 0x00, 0x00, 0x00, 0x00, 0x00, 0x00, 0x00, 0x00, 0x00, 
0x00, 0x00, 0x00, 0x00, 0x00, 0x00, 0x00, 0x00, 0x00, 0x00, 0x00, 0x00, 0x00, 0x00, 0x00, 0x00, 
0x00, 0x00, 0x00, 0x00, 0x00, 0x00, 0x00, 0x00, 0x00, 0x00, 0x00, 0x00, 0x00, 0x00, 0x00, 0x00, 
0x00, 0x00, 0x00, 0x00, 0x00, 0x00, 0x00, 0x00, 0x00, 0x00, 0x00, 0x00, 0x00, 0x00, 0x00, 0x00, 
0x00, 0x00, 0x00, 0x00, 0x00, 0x00, 0x00, 0x00, 0x00, 0x00, 0x00, 0x00, 0x00, 0x00, 0x00, 0x00, 
0x00, 0x00, 0x00, 0x00, 0x00, 0x00, 0x00, 0x00, 0x00, 0x00, 0x00, 0x00, 0x00, 0x00, 0x00, 0x00, 
0x00, 0x00, 0x00, 0x00, 0x00, 0x00, 0x00, 0x00, 0x00, 0x00, 0x00, 0x00, 0x00, 0x00, 0x00, 0x00, 
0x00, 0x00, 0x00, 0x00, 0x00, 0x00, 0x00, 0x00, 0x00, 0x00, 0x00, 0x00, 0x00, 0x00, 0x00, 0x00, 
0x00, 0x00, 0x00, 0x00, 0x00, 0x00, 0x00, 0x00, 0x00, 0x00, 0x00, 0x00, 0x00, 0x00, 0x00, 0x00, 
0x00, 0x00, 0x00, 0x00, 0x00, 0x00, 0x00, 0x00, 0x00, 0x00, 0x00, 0x00, 0x00, 0x00, 0x00, 0x00, 
0x00, 0x00, 0x00, 0x00, 0x00, 0x00, 0x00, 0x00, 0x00, 0x00, 0x00, 0x00, 0x00, 0x00, 0x00, 0x00, 
0x00, 0x00, 0x00, 0x00, 0x00, 0x00, 0x00, 0x00, 0x00, 0x00, 0x00, 0x00, 0x00, 0x00, 0x00, 0x00, 
0x00, 0x00, 0x00, 0x00, 0x00, 0x00, 0x00, 0x00, 0x00, 0x00, 0x00, 0x00, 0x00, 0x00, 0x00, 0x00, 
0x00, 0x00, 0x00, 0x00, 0x00, 0x00, 0x00, 0x00, 0x00, 0x00, 0x00, 0x00, 0x00, 0x00, 0x00, 0x00, 
0x00, 0x00, 0x00, 0x00, 0x00, 0x00, 0x00, 0x00, 0x00, 0x00, 0x00, 0x00, 0x00, 0x00, 0x00, 0x00, 
0x00, 0x00, 0x00, 0x00, 0x00, 0x00, 0x00, 0x00, 0x00, 0x00, 0x00, 0x00, 0x00, 0x00, 0x00, 0x00, 
0x00, 0x00, 0x00, 0x00, 0x00, 0x00, 0x00, 0x00, 0x00, 0x00, 0x00, 0x00, 0x00, 0x00, 0x00, 0x00, 
0x00, 0x00, 0x00, 0x00, 0x00, 0x00, 0x00, 0x00, 0x00, 0x00, 0x00, 0x00, 0x00, 0x00, 0x00, 0x00, 
0x00, 0x00, 0x00, 0x00, 0x00, 0x00, 0x00, 0x00, 0x00, 0x00, 0x00, 0x00, 0x00, 0x00, 0x00, 0x00, 
0x00, 0x00, 0x00, 0x00, 0x00, 0x00, 0x00, 0x00, 0x00, 0x00, 0x00, 0x00, 0x00, 0x00, 0x00, 0x00, 
0x00, 0x00, 0x00, 0x00, 0x00, 0x00, 0x00, 0x00, 0x00, 0x00, 0x00, 0x00, 0x00, 0x00, 0x00, 0x00, 
0x00, 0x00, 0x00, 0x00, 0x00, 0x00, 0x00, 0x00, 0x00, 0x00, 0x00, 0x00, 0x00, 0x00, 0x00, 0x00, 
0x00, 0x00, 0x00, 0x00, 0x00, 0x00, 0x00, 0x00, 0x00, 0x00, 0x00, 0x00, 0x00, 0x00, 0x00, 0x00, 
0x00, 0x00, 0x00, 0x00, 0x00, 0x00, 0x00, 0x00, 0x00, 0x00, 0x00, 0x00, 0x00, 0x00, 0x00, 0x00, 
0x00, 0x00, 0x00, 0x00, 0x00, 0x00, 0x00, 0x00, 0x00, 0x00, 0x00, 0x00, 0x00, 0x00, 0x00, 0x00, 
0x00, 0x00, 0x00, 0x00, 0x00, 0x00, 0x00, 0x00, 0x00, 0x00, 0x00, 0x00, 0x00, 0x00, 0x00, 0x00, 
0x00, 0x00, 0x00, 0x00, 0x00, 0x00, 0x00, 0x00, 0x00, 0x00, 0x00, 0x00, 0x00, 0x00, 0x00, 0x00, 
0x00, 0x00, 0x00, 0x00, 0x00, 0x00, 0x00, 0x00, 0x00, 0x00, 0x00, 0x00, 0x00, 0x00, 0x00, 0x00, 
0x00, 0x00, 0x00, 0x00, 0x00, 0x00, 0x00, 0x00, 0x00, 0x00, 0x00, 0x00, 0x00, 0x00, 0x00, 0x00, 
0x00, 0x00, 0x00, 0x00, 0x00, 0x00, 0x00, 0x00, 0x00, 0x00, 0x00, 0x00, 0x00, 0x00, 0x00, 0x00, 
0x00, 0x00, 0x00, 0x00, 0x00, 0x00, 0x00, 0x00, 0x00, 0x00, 0x00, 0x00, 0x00, 0x00, 0x00, 0x00, 
0x00, 0x00, 0x00, 0x00, 0x00, 0x00, 0x00, 0x00, 0x00, 0x00, 0x00, 0x00, 0x00, 0x00, 0x00, 0x00, 
0x00, 0x00, 0x00, 0x00, 0x00, 0x00, 0x00, 0x00, 0x00, 0x00, 0x00, 0x00, 0x00, 0x00, 0x00, 0x00, 
0x00, 0x00, 0x00, 0x00, 0x00, 0x00, 0x00, 0x00, 0x00, 0x00, 0x00, 0x00, 0x00, 0x00, 0x00, 0x00, 
0x00, 0x00, 0x00, 0x00, 0x00, 0x00, 0x00, 0x00, 0x00, 0x00, 0x00, 0x00, 0x00, 0x00, 0x00, 0x00, 
0x00, 0x00, 0x00, 0x00, 0x00, 0x00, 0x00, 0x00, 0x00, 0x00, 0x00, 0x00, 0x00, 0x00, 0x00, 0x00, 
0x00, 0x00, 0x00, 0x00, 0x00, 0x00, 0x00, 0x00, 0x00, 0x00, 0x00, 0x00, 0x00, 0x00, 0x00, 0x00, 
0x00, 0x00, 0x00, 0x00, 0x00, 0x00, 0x00, 0x00, 0x00, 0x00, 0x00, 0x00, 0x00, 0x00, 0x00, 0x00, 
0x00, 0x00, 0x00, 0x00, 0x00, 0x00, 0x00, 0x00, 0x00, 0x00, 0x00, 0x00, 0x00, 0x00, 0x00, 0x00, 
0x00, 0x00, 0x00, 0x00, 0x00, 0x00, 0x00, 0x00, 0x00, 0x00, 0x00, 0x00, 0x00, 0x00, 0x00, 0x00, 
0x00, 0x00, 0x00, 0x00, 0x00, 0x00, 0x00, 0x00, 0x00, 0x00, 0x00, 0x00, 0x00, 0x00, 0x00, 0x00, 
0x00, 0x00, 0x00, 0x00, 0x00, 0x00, 0x00, 0x00, 0x00, 0x00, 0x00, 0x00, 0x00, 0x00, 0x00, 0x00, 
0x00, 0x00, 0x00, 0x00, 0x00, 0x00, 0x00, 0x00, 0x00, 0x00, 0x00, 0x00, 0x00, 0x00, 0x00, 0x00, 
0x00, 0x00, 0x00, 0x00, 0x00, 0x00, 0x00, 0x00, 0x00, 0x00, 0x00, 0x00, 0x00, 0x00, 0x00, 0x00, 
0x00, 0x00, 0x00, 0x00, 0x00, 0x00, 0x00, 0x00, 0x00, 0x00, 0x00, 0x00, 0x00, 0x00, 0x00, 0x00, 
0x00, 0x00, 0x00, 0x00, 0x00, 0x00, 0x00, 0x00, 0x00, 0x00, 0x00, 0x00, 0x00, 0x00, 0x00, 0x00, 
0x00, 0x00, 0x00, 0x00, 0x00, 0x00, 0x00, 0x00, 0x00, 0x00, 0x00, 0x00, 0x00, 0x00, 0x00, 0x00, 
0x00, 0x00, 0x00, 0x00, 0x00, 0x00, 0x00, 0x00, 0x00, 0x00, 0x00, 0x00, 0x00, 0x00, 0x00, 0x00, 
0x00, 0x00, 0x00, 0x00, 0x00, 0x00, 0x00, 0x00, 0x00, 0x00, 0x00, 0x00, 0x00, 0x00, 0x00, 0x00, 
0x00, 0x00, 0x00, 0x00, 0x00, 0x00, 0x00, 0x00, 0x00, 0x00, 0x00, 0x00, 0x00, 0x00, 0x00, 0x00, 
0x00, 0x00, 0x00, 0x00, 0x00, 0x00, 0x00, 0x00, 0x00, 0x00, 0x00, 0x00, 0x00, 0x00, 0x00, 0x00, 
0x00, 0x00, 0x00, 0x00, 0x00, 0x00, 0x00, 0x00, 0x00, 0x00, 0x00, 0x00, 0x00, 0x00, 0x00, 0x00, 
0x00, 0x00, 0x00, 0x00, 0x00, 0x00, 0x00, 0x00, 0x00, 0x00, 0x00, 0x00, 0x00, 0x00, 0x00, 0x00, 
0x00, 0x00, 0x00, 0x00, 0x00, 0x00, 0x00, 0x00, 0x00, 0x00, 0x00, 0x00, 0x00, 0x00, 0x00, 0x00, 
0x00, 0x00, 0x00, 0x00, 0x00, 0x00, 0x00, 0x00, 0x00, 0x00, 0x00, 0x00, 0x00, 0x00, 0x00, 0x00, 
0x00, 0x00, 0x00, 0x00, 0x00, 0x00, 0x00, 0x00, 0x00, 0x00, 0x00, 0x00, 0x00, 0x00, 0x00, 0x00, 
0x00, 0x00, 0x00, 0x00, 0x00, 0x00, 0x00, 0x00, 0x00, 0x00, 0x00, 0x00, 0x00, 0x00, 0x00, 0x00, 
0x00, 0x00, 0x00, 0x00, 0x00, 0x00, 0x00, 0x00, 0x00, 0x00, 0x00, 0x00, 0x00, 0x00, 0x00, 0x00, 
0x00, 0x00, 0x00, 0x00, 0x00, 0x00, 0x00, 0x00, 0x00, 0x00, 0x00, 0x00, 0x00, 0x00, 0x00, 0x00, 
0x00, 0x00, 0x00, 0x00, 0x00, 0x00, 0x00, 0x00, 0x00, 0x00, 0x00, 0x00, 0x00, 0x00, 0x00, 0x00, 
0x00, 0x00, 0x00, 0x00, 0x00, 0x00, 0x00, 0x00, 0x00, 0x00, 0x00, 0x00, 0x00, 0x00, 0x00, 0x00, 
0x00, 0x00, 0x00, 0x00, 0x00, 0x00, 0x00, 0x00, 0x00, 0x00, 0x00, 0x00, 0x00, 0x00, 0x00, 0x00, 
0x00, 0x00, 0x00, 0x00, 0x00, 0x00, 0x00, 0x00, 0x00, 0x00, 0x00, 0x00, 0x00, 0x00, 0x00, 0x00, 
0x00, 0x00, 0x00, 0x00, 0x00, 0x00, 0x00, 0x00, 0x00, 0x00, 0x00, 0x00, 0x00, 0x00, 0x00, 0x00, 
0x00, 0x00, 0x00, 0x00, 0x00, 0x00, 0x00, 0x00, 0x00, 0x00, 0x00, 0x00, 0x00, 0x00, 0x00, 0x00, 
0x00, 0x00, 0x00, 0x00, 0x00, 0x00, 0x00, 0x00, 0x00, 0x00, 0x00, 0x00, 0x00, 0x00, 0x00, 0x00, 
0x00, 0x00, 0x00, 0x00, 0x00, 0x00, 0x00, 0x00, 0x00, 0x00, 0x00, 0x00, 0x00, 0x00, 0x00, 0x00, 
0x00, 0x00, 0x00, 0x00, 0x00, 0x00, 0x00, 0x00, 0x00, 0x00, 0x00, 0x00, 0x00, 0x00, 0x00, 0x00, 
0x00, 0x00, 0x00, 0x00, 0x00, 0x00, 0x00, 0x00, 0x00, 0x00, 0x00, 0x00, 0x00, 0x00, 0x00, 0x00, 
0x00, 0x00, 0x00, 0x00, 0x00, 0x00, 0x00, 0x00, 0x00, 0x00, 0x00, 0x00, 0x00, 0x00, 0x00, 0x00, 
0x00, 0x00, 0x00, 0x00, 0x00, 0x00, 0x00, 0x00, 0x00, 0x00, 0x00, 0x00, 0x00, 0x00, 0x00, 0x00, 
0x00, 0x00, 0x00, 0x00, 0x00, 0x00, 0x00, 0x00, 0x00, 0x00, 0x00, 0x00, 0x00, 0x00, 0x00, 0x00, 
0x00, 0x00, 0x00, 0x00, 0x00, 0x00, 0x00, 0x00, 0x00, 0x00, 0x00, 0x00, 0x00, 0x00, 0x00, 0x00, 
0x00, 0x00, 0x00, 0x00, 0x00, 0x00, 0x00, 0x00, 0x00, 0x00, 0x00, 0x00, 0x00, 0x00, 0x00, 0x00, 
0x00, 0x00, 0x00, 0x00, 0x00, 0x00, 0x00, 0x00, 0x00, 0x00, 0x00, 0x00, 0x00, 0x00, 0x00, 0x00, 
0x00, 0x00, 0x00, 0x00, 0x00, 0x00, 0x00, 0x00, 0x00, 0x00, 0x00, 0x00, 0x00, 0x00, 0x00, 0x00, 
0x00, 0x00, 0x00, 0x00, 0x00, 0x00, 0x00, 0x00, 0x00, 0x00, 0x00, 0x00, 0x00, 0x00, 0x00, 0x00, 
0x00, 0x00, 0x00, 0x00, 0x00, 0x00, 0x00, 0x00, 0x00, 0x00, 0x00, 0x00, 0x00, 0x00, 0x00, 0x00, 
0x00, 0x00, 0x00, 0x00, 0x00, 0x00, 0x00, 0x00, 0x00, 0x00, 0x00, 0x00, 0x00, 0x00, 0x00, 0x00, 
0x00, 0x00, 0x00, 0x00, 0x00, 0x00, 0x00, 0x00, 0x00, 0x00, 0x00, 0x00, 0x00, 0x00, 0x00, 0x00, 
0x00, 0x00, 0x00, 0x00, 0x00, 0x00, 0x00, 0x00, 0x00, 0x00, 0x00, 0x00, 0x00, 0x00, 0x00, 0x00, 
0x00, 0x00, 0x00, 0x00, 0x00, 0x00, 0x00, 0x00, 0x00, 0x00, 0x00, 0x00, 0x00, 0x00, 0x00, 0x00, 
0x00, 0x00, 0x00, 0x00, 0x00, 0x00, 0x00, 0x00, 0x00, 0x00, 0x00, 0x00, 0x00, 0x00, 0x00, 0x00, 
0x00, 0x00, 0x00, 0x00, 0x00, 0x00, 0x00, 0x00, 0x00, 0x00, 0x00, 0x00, 0x00, 0x00, 0x00, 0x00, 
0x00, 0x00, 0x00, 0x00, 0x00, 0x00, 0x00, 0x00, 0x00, 0x00, 0x00, 0x00, 0x00, 0x00, 0x00, 0x00, 
0x00, 0x00, 0x00, 0x00, 0x00, 0x00, 0x00, 0x00, 0x00, 0x00, 0x00, 0x00, 0x00, 0x00, 0x00, 0x00, 
0x00, 0x00, 0x00, 0x00, 0x00, 0x00, 0x00, 0x00, 0x00, 0x00, 0x00, 0x00, 0x00, 0x00, 0x00, 0x00, 
0x00, 0x00, 0x00, 0x00, 0x00, 0x00, 0x00, 0x00, 0x00, 0x00, 0x00, 0x00, 0x00, 0x00, 0x00, 0x00, 
0x00, 0x00, 0x00, 0x00, 0x00, 0x00, 0x00, 0x00, 0x00, 0x00, 0x00, 0x00, 0x00, 0x00, 0x00, 0x00, 
0x00, 0x00, 0x00, 0x00, 0x00, 0x00, 0x00, 0x00, 0x00, 0x00, 0x00, 0x00, 0x00, 0x00, 0x00, 0x00, 
0x00, 0x00, 0x00, 0x00, 0x00, 0x00, 0x00, 0x00, 0x00, 0x00, 0x00, 0x00, 0x00, 0x00, 0x00, 0x00, 
0x00, 0x00, 0x00, 0x00, 0x00, 0x00, 0x00, 0x00, 0x00, 0x00, 0x00, 0x00, 0x00, 0x00, 0x00, 0x00, 
0x00, 0x00, 0x00, 0x00, 0x00, 0x00, 0x00, 0x00, 0x00, 0x00, 0x00, 0x00, 0x00, 0x00, 0x00, 0x00, 
0x00, 0x00, 0x00, 0x00, 0x00, 0x00, 0x00, 0x00, 0x00, 0x00, 0x00, 0x00, 0x00, 0x00, 0x00, 0x00, 
0x00, 0x00, 0x00, 0x00, 0x00, 0x00, 0x00, 0x00, 0x00, 0x00, 0x00, 0x00, 0x00, 0x00, 0x00, 0x00, 
0x00, 0x00, 0x00, 0x00, 0x00, 0x00, 0x00, 0x00, 0x00, 0x00, 0x00, 0x00, 0x00, 0x00, 0x00, 0x00, 
0x00, 0x00, 0x00, 0x00, 0x00, 0x00, 0x00, 0x00, 0x00, 0x00, 0x00, 0x00, 0x00, 0x00, 0x00, 0x00, 
0x00, 0x00, 0x00, 0x00, 0x00, 0x00, 0x00, 0x00, 0x00, 0x00, 0x00, 0x00, 0x00, 0x00, 0x00, 0x00, 
0x00, 0x00, 0x00, 0x00, 0x00, 0x00, 0x00, 0x00, 0x00, 0x00, 0x00, 0x00, 0x00, 0x00, 0x00, 0x00, 
0x00, 0x00, 0x00, 0x00, 0x00, 0x00, 0x00, 0x00, 0x00, 0x00, 0x00, 0x00, 0x00, 0x00, 0x00, 0x00, 
0x00, 0x00, 0x00, 0x00, 0x00, 0x00, 0x00, 0x00, 0x00, 0x00, 0x00, 0x00, 0x00, 0x00, 0x00, 0x00, 
0x00, 0x00, 0x00, 0x00, 0x00, 0x00, 0x00, 0x00, 0x00, 0x00, 0x00, 0x00, 0x00, 0x00, 0x00, 0x00, 
0x00, 0x00, 0x00, 0x00, 0x00, 0x00, 0x00, 0x00, 0x00, 0x00, 0x00, 0x00, 0x00, 0x00, 0x00, 0x00, 
0x00, 0x00, 0x00, 0x00, 0x00, 0x00, 0x00, 0x00, 0x00, 0x00, 0x00, 0x00, 0x00, 0x00, 0x00, 0x00, 
0x00, 0x00, 0x00, 0x00, 0x00, 0x00, 0x00, 0x00, 0x00, 0x00, 0x00, 0x00, 0x00, 0x00, 0x00, 0x00, 
0x00, 0x00, 0x00, 0x00, 0x00, 0x00, 0x00, 0x00, 0x00, 0x00, 0x00, 0x00, 0x00, 0x00, 0x00, 0x00, 
0x00, 0x00, 0x00, 0x00, 0x00, 0x00, 0x00, 0x00, 0x00, 0x00, 0x00, 0x00, 0x00, 0x00, 0x00, 0x00, 
0x00, 0x00, 0x00, 0x00, 0x00, 0x00, 0x00, 0x00, 0x00, 0x00, 0x00, 0x00, 0x00, 0x00, 0x00, 0x00, 
0x00, 0x00, 0x00, 0x00, 0x00, 0x00, 0x00, 0x00, 0x00, 0x00, 0x00, 0x00, 0x00, 0x00, 0x00, 0x00, 
0x00, 0x00, 0x00, 0x00, 0x00, 0x00, 0x00, 0x00, 0x00, 0x00, 0x00, 0x00, 0x00, 0x00, 0x00, 0x00, 
0x00, 0x00, 0x00, 0x00, 0x00, 0x00, 0x00, 0x00, 0x00, 0x00, 0x00, 0x00, 0x00, 0x00, 0x00, 0x00, 
0x00, 0x00, 0x00, 0x00, 0x00, 0x00, 0x00, 0x00, 0x00, 0x00, 0x00, 0x00, 0x00, 0x00, 0x00, 0x00, 
0x00, 0x00, 0x00, 0x00, 0x00, 0x00, 0x00, 0x00, 0x00, 0x00, 0x00, 0x00, 0x00, 0x00, 0x00, 0x00, 
0x00, 0x00, 0x00, 0x00, 0x00, 0x00, 0x00, 0x00, 0x00, 0x00, 0x00, 0x00, 0x00, 0x00, 0x00, 0x00, 
0x00, 0x00, 0x00, 0x00, 0x00, 0x00, 0x00, 0x00, 0x00, 0x00, 0x00, 0x00, 0x00, 0x00, 0x00, 0x00, 
0x00, 0x00, 0x00, 0x00, 0x00, 0x00, 0x00, 0x00, 0x00, 0x00, 0x00, 0x00, 0x00, 0x00, 0x00, 0x00, 
0x00, 0x00, 0x00, 0x00, 0x00, 0x00, 0x00, 0x00, 0x00, 0x00, 0x00, 0x00, 0x00, 0x00, 0x00, 0x00, 
0x00, 0x00, 0x00, 0x00, 0x00, 0x00, 0x00, 0x00, 0x00, 0x00, 0x00, 0x00, 0x00, 0x00, 0x00, 0x00, 
0x00, 0x00, 0x00, 0x00, 0x00, 0x00, 0x00, 0x00, 0x00, 0x00, 0x00, 0x00, 0x00, 0x00, 0x00, 0x00, 
0x00, 0x00, 0x00, 0x00, 0x00, 0x00, 0x00, 0x00, 0x00, 0x00, 0x00, 0x00, 0x00, 0x00, 0x00, 0x00, 
0x00, 0x00, 0x00, 0x00, 0x00, 0x00, 0x00, 0x00, 0x00, 0x00, 0x00, 0x00, 0x00, 0x00, 0x00, 0x00, 
0x00, 0x00, 0x00, 0x00, 0x00, 0x00, 0x00, 0x00, 0x00, 0x00, 0x00, 0x00, 0x00, 0x00, 0x00, 0x00, 
0x00, 0x00, 0x00, 0x00, 0x00, 0x00, 0x00, 0x00, 0x00, 0x00, 0x00, 0x00, 0x00, 0x00, 0x00, 0x00, 
0x00, 0x00, 0x00, 0x00, 0x00, 0x00, 0x00, 0x00, 0x00, 0x00, 0x00, 0x00, 0x00, 0x00, 0x00, 0x00, 
0x00, 0x00, 0x00, 0x00, 0x00, 0x00, 0x00, 0x00, 0x00, 0x00, 0x00, 0x00, 0x00, 0x00, 0x00, 0x00, 
0x00, 0x00, 0x00, 0x00, 0x00, 0x00, 0x00, 0x00, 0x00, 0x00, 0x00, 0x00, 0x00, 0x00, 0x00, 0x00, 
0x00, 0x00, 0x00, 0x00, 0x00, 0x00, 0x00, 0x00, 0x00, 0x00, 0x00, 0x00, 0x00, 0x00, 0x00, 0x00, 
0x00, 0x00, 0x00, 0x00, 0x00, 0x00, 0x00, 0x00, 0x00, 0x00, 0x00, 0x00, 0x00, 0x00, 0x00, 0x00, 
0x00, 0x00, 0x00, 0x00, 0x00, 0x00, 0x00, 0x00, 0x00, 0x00, 0x00, 0x00, 0x00, 0x00, 0x00, 0x00, 
0x00, 0x00, 0x00, 0x00, 0x00, 0x00, 0x00, 0x00, 0x00, 0x00, 0x00, 0x00, 0x00, 0x00, 0x00, 0x00, 
0x00, 0x00, 0x00, 0x00, 0x00, 0x00, 0x00, 0x00, 0x00, 0x00, 0x00, 0x00, 0x00, 0x00, 0x00, 0x00, 
0x00, 0x00, 0x00, 0x00, 0x00, 0x00, 0x00, 0x00, 0x00, 0x00, 0x00, 0x00, 0x00, 0x00, 0x00, 0x00, 
0x00, 0x00, 0x00, 0x00, 0x00, 0x00, 0x00, 0x00, 0x00, 0x00, 0x00, 0x00, 0x00, 0x00, 0x00, 0x00, 
0x00, 0x00, 0x00, 0x00, 0x00, 0x00, 0x00, 0x00, 0x00, 0x00, 0x00, 0x00, 0x00, 0x00, 0x00, 0x00, 
0x00, 0x00, 0x00, 0x00, 0x00, 0x00, 0x00, 0x00, 0x00, 0x00, 0x00, 0x00, 0x00, 0x00, 0x00, 0x00, 
0x00, 0x00, 0x00, 0x00, 0x00, 0x00, 0x00, 0x00, 0x00, 0x00, 0x00, 0x00, 0x00, 0x00, 0x00, 0x00, 
0x00, 0x00, 0x00, 0x00, 0x00, 0x00, 0x00, 0x00, 0x00, 0x00, 0x00, 0x00, 0x00, 0x00, 0x00, 0x00, 
0x00, 0x00, 0x00, 0x00, 0x00, 0x00, 0x00, 0x00, 0x00, 0x00, 0x00, 0x00, 0x00, 0x00, 0x00, 0x00, 
0x00, 0x00, 0x00, 0x00, 0x00, 0x00, 0x00, 0x00, 0x00, 0x00, 0x00, 0x00, 0x00, 0x00, 0x00, 0x00, 
0x00, 0x00, 0x00, 0x00, 0x00, 0x00, 0x00, 0x00, 0x00, 0x00, 0x00, 0x00, 0x00, 0x00, 0x00, 0x00, 
0x00, 0x00, 0x00, 0x00, 0x00, 0x00, 0x00, 0x00, 0x00, 0x00, 0x00, 0x00, 0x00, 0x00, 0x00, 0x00, 
0x00, 0x00, 0x00, 0x00, 0x00, 0x00, 0x00, 0x00, 0x00, 0x00, 0x00, 0x00, 0x00, 0x00, 0x00, 0x00, 
0x00, 0x00, 0x00, 0x00, 0x00, 0x00, 0x00, 0x00, 0x00, 0x00, 0x00, 0x00, 0x00, 0x00, 0x00, 0x00, 
0x00, 0x00, 0x00, 0x00, 0x00, 0x00, 0x00, 0x00, 0x00, 0x00, 0x00, 0x00, 0x00, 0x00, 0x00, 0x00, 
0x00, 0x00, 0x00, 0x00, 0x00, 0x00, 0x00, 0x00, 0x00, 0x00, 0x00, 0x00, 0x00, 0x00, 0x00, 0x00, 
0x00, 0x00, 0x00, 0x00, 0x00, 0x00, 0x00, 0x00, 0x00, 0x00, 0x00, 0x00, 0x00, 0x00, 0x00, 0x00, 
0x00, 0x00, 0x00, 0x00, 0x00, 0x00, 0x00, 0x00, 0x00, 0x00, 0x00, 0x00, 0x00, 0x00, 0x00, 0x00, 
0x00, 0x00, 0x00, 0x00, 0x00, 0x00, 0x00, 0x00, 0x00, 0x00, 0x00, 0x00, 0x00, 0x00, 0x00, 0x00, 
0x00, 0x00, 0x00, 0x00, 0x00, 0x00, 0x00, 0x00, 0x00, 0x00, 0x00, 0x00, 0x00, 0x00, 0x00, 0x00, 
0x00, 0x00, 0x00, 0x00, 0x00, 0x00, 0x00, 0x00, 0x00, 0x00, 0x00, 0x00, 0x00, 0x00, 0x00, 0x00, 
0x00, 0x00, 0x00, 0x00, 0x00, 0x00, 0x00, 0x00, 0x00, 0x00, 0x00, 0x00, 0x00, 0x00, 0x00, 0x00, 
0x00, 0x00, 0x00, 0x00, 0x00, 0x00, 0x00, 0x00, 0x00, 0x00, 0x00, 0x00, 0x00, 0x00, 0x00, 0x00, 
0x00, 0x00, 0x00, 0x00, 0x00, 0x00, 0x00, 0x00, 0x00, 0x00, 0x00, 0x00, 0x00, 0x00, 0x00, 0x00, 
0x00, 0x00, 0x00, 0x00, 0x00, 0x00, 0x00, 0x00, 0x00, 0x00, 0x00, 0x00, 0x00, 0x00, 0x00, 0x00, 
0x00, 0x00, 0x00, 0x00, 0x00, 0x00, 0x00, 0x00, 0x00, 0x00, 0x00, 0x00, 0x00, 0x00, 0x00, 0x00, 
0x00, 0x00, 0x00, 0x00, 0x00, 0x00, 0x00, 0x00, 0x00, 0x00, 0x00, 0x00, 0x00, 0x00, 0x00, 0x00, 
0x00, 0x00, 0x00, 0x00, 0x00, 0x00, 0x00, 0x00, 0x00, 0x00, 0x00, 0x00, 0x00, 0x00, 0x00, 0x00, 
0x00, 0x00, 0x00, 0x00, 0x00, 0x00, 0x00, 0x00, 0x00, 0x00, 0x00, 0x00, 0x00, 0x00, 0x00, 0x00, 
0x00, 0x00, 0x00, 0x00, 0x00, 0x00, 0x00, 0x00, 0x00, 0x00, 0x00, 0x00, 0x00, 0x00, 0x00, 0x00, 
0x00, 0x00, 0x00, 0x00, 0x00, 0x00, 0x00, 0x00, 0x00, 0x00, 0x00, 0x00, 0x00, 0x00, 0x00, 0x00, 
0x00, 0x00, 0x00, 0x00, 0x00, 0x00, 0x00, 0x00, 0x00, 0x00, 0x00, 0x00, 0x00, 0x00, 0x00, 0x00, 
0x00, 0x00, 0x00, 0x00, 0x00, 0x00, 0x00, 0x00, 0x00, 0x00, 0x00, 0x00, 0x00, 0x00, 0x00, 0x00, 
0x00, 0x00, 0x00, 0x00, 0x00, 0x00, 0x00, 0x00, 0x00, 0x00, 0x00, 0x00, 0x00, 0x00, 0x00, 0x00, 
0x00, 0x00, 0x00, 0x00, 0x00, 0x00, 0x00, 0x00, 0x00, 0x00, 0x00, 0x00, 0x00, 0x00, 0x00, 0x00, 
0x00, 0x00, 0x00, 0x00, 0x00, 0x00, 0x00, 0x00, 0x00, 0x00, 0x00, 0x00, 0x00, 0x00, 0x00, 0x00, 
0x00, 0x00, 0x00, 0x00, 0x00, 0x00, 0x00, 0x00, 0x00, 0x00, 0x00, 0x00, 0x00, 0x00, 0x00, 0x00, 
0x00, 0x00, 0x00, 0x00, 0x00, 0x00, 0x00, 0x00, 0x00, 0x00, 0x00, 0x00, 0x00, 0x00, 0x00, 0x00, 
0x00, 0x00, 0x00, 0x00, 0x00, 0x00, 0x00, 0x00, 0x00, 0x00, 0x00, 0x00, 0x00, 0x00, 0x00, 0x00, 
0x00, 0x00, 0x00, 0x00, 0x00, 0x00, 0x00, 0x00, 0x00, 0x00, 0x00, 0x00, 0x00, 0x00, 0x00, 0x00, 
0x00, 0x00, 0x00, 0x00, 0x00, 0x00, 0x00, 0x00, 0x00, 0x00, 0x00, 0x00, 0x00, 0x00, 0x00, 0x00, 
0x00, 0x00, 0x00, 0x00, 0x00, 0x00, 0x00, 0x00, 0x00, 0x00, 0x00, 0x00, 0x00, 0x00, 0x00, 0x00, 
0x00, 0x00, 0x00, 0x00, 0x00, 0x00, 0x00, 0x00, 0x00, 0x00, 0x00, 0x00, 0x00, 0x00, 0x00, 0x00, 
0x00, 0x00, 0x00, 0x00, 0x00, 0x00, 0x00, 0x00, 0x00, 0x00, 0x00, 0x00, 0x00, 0x00, 0x00, 0x00, 
0x00, 0x00, 0x00, 0x00, 0x00, 0x00, 0x00, 0x00, 0x00, 0x00, 0x00, 0x00, 0x00, 0x00, 0x00, 0x00, 
0x00, 0x00, 0x00, 0x00, 0x00, 0x00, 0x00, 0x00, 0x00, 0x00, 0x00, 0x00, 0x00, 0x00, 0x00, 0x00, 
0x00, 0x00, 0x00, 0x00, 0x00, 0x00, 0x00, 0x00, 0x00, 0x00, 0x00, 0x00, 0x00, 0x00, 0x00, 0x00, 
0x00, 0x00, 0x00, 0x00, 0x00, 0x00, 0x00, 0x00, 0x00, 0x00, 0x00, 0x00, 0x00, 0x00, 0x00, 0x00, 
0x00, 0x00, 0x00, 0x00, 0x00, 0x00, 0x00, 0x00, 0x00, 0x00, 0x00, 0x00, 0x00, 0x00, 0x00, 0x00, 
0x00, 0x00, 0x00, 0x00, 0x00, 0x00, 0x00, 0x00, 0x00, 0x00, 0x00, 0x00, 0x00, 0x00, 0x00, 0x00, 
0x00, 0x00, 0x00, 0x00, 0x00, 0x00, 0x00, 0x00, 0x00, 0x00, 0x00, 0x00, 0x00, 0x00, 0x00, 0x00, 
0x00, 0x00, 0x00, 0x00, 0x00, 0x00, 0x00, 0x00, 0x00, 0x00, 0x00, 0x00, 0x00, 0x00, 0x00, 0x00, 
0x00, 0x00, 0x00, 0x00, 0x00, 0x00, 0x00, 0x00, 0x00, 0x00, 0x00, 0x00, 0x00, 0x00, 0x00, 0x00, 
0x00, 0x00, 0x00, 0x00, 0x00, 0x00, 0x00, 0x00, 0x00, 0x00, 0x00, 0x00, 0x00, 0x00, 0x00, 0x00, 
0x00, 0x00, 0x00, 0x00, 0x00, 0x00, 0x00, 0x00, 0x00, 0x00, 0x00, 0x00, 0x00, 0x00, 0x00, 0x00, 
0x00, 0x00, 0x00, 0x00, 0x00, 0x00, 0x00, 0x00, 0x00, 0x00, 0x00, 0x00, 0x00, 0x00, 0x00, 0x00, 
0x00, 0x00, 0x00, 0x00, 0x00, 0x00, 0x00, 0x00, 0x00, 0x00, 0x00, 0x00, 0x00, 0x00, 0x00, 0x00, 
0x00, 0x00, 0x00, 0x00, 0x00, 0x00, 0x00, 0x00, 0x00, 0x00, 0x00, 0x00, 0x00, 0x00, 0x00, 0x00, 
0x00, 0x00, 0x00, 0x00, 0x00, 0x00, 0x00, 0x00, 0x00, 0x00, 0x00, 0x00, 0x00, 0x00, 0x00, 0x00, 
0x00, 0x00, 0x00, 0x00, 0x00, 0x00, 0x00, 0x00, 0x00, 0x00, 0x00, 0x00, 0x00, 0x00, 0x00, 0x00, 
0x00, 0x00, 0x00, 0x00, 0x00, 0x00, 0x00, 0x00, 0x00, 0x00, 0x00, 0x00, 0x00, 0x00, 0x00, 0x00, 
0x00, 0x00, 0x00, 0x00, 0x00, 0x00, 0x00, 0x00, 0x00, 0x00, 0x00, 0x00, 0x00, 0x00, 0x00, 0x00, 
0x00, 0x00, 0x00, 0x00, 0x00, 0x00, 0x00, 0x00, 0x00, 0x00, 0x00, 0x00, 0x00, 0x00, 0x00, 0x00, 
0x00, 0x00, 0x00, 0x00, 0x00, 0x00, 0x00, 0x00, 0x00, 0x00, 0x00, 0x00, 0x00, 0x00, 0x00, 0x00, 
0x00, 0x00, 0x00, 0x00, 0x00, 0x00, 0x00, 0x00, 0x00, 0x00, 0x00, 0x00, 0x00, 0x00, 0x00, 0x00, 
0x00, 0x00, 0x00, 0x00, 0x00, 0x00, 0x00, 0x00, 0x00, 0x00, 0x00, 0x00, 0x00, 0x00, 0x00, 0x00, 
0x00, 0x00, 0x00, 0x00, 0x00, 0x00, 0x00, 0x00, 0x00, 0x00, 0x00, 0x00, 0x00, 0x00, 0x00, 0x00, 
0x00, 0x00, 0x00, 0x00, 0x00, 0x00, 0x00, 0x00, 0x00, 0x00, 0x00, 0x00, 0x00, 0x00, 0x00, 0x00, 
0xff, 0xff, 0xff, 0xff, 0x00, 0x00, 0x00, 0x00, 0x00, 0x00, 0x00, 0x00, 0x00, 0x00, 0x00, 0x00, 
0x00, 0x00, 0x00, 0x00, 0x00, 0x00, 0x00, 0x00, 0x00, 0x00, 0x00, 0x00, 0x00, 0x00, 0x00, 0x00, 
0x4d, 0x6f, 0x7a, 0x69, 0x6c, 0x6c, 0x61, 0x20, 0x46, 0x69, 0x72, 0x65, 0x66, 0x6f, 0x78, 0x20, 
0x31, 0x31, 0x35, 0x2e, 0x30, 0x20, 0x45, 0x53, 0x52, 0x20, 0x28, 0x4c, 0x69, 0x6e, 0x75, 0x78, 
0x20, 0x78, 0x38, 0x36, 0x5f, 0x36, 0x34, 0x29, 0x20, 0x7c, 0x20, 0x4c, 0x69, 0x6e, 0x75, 0x78, 
0x75, 0x6c, 0x61, 0x74, 0x6f, 0x72, 0x20, 0x53, 0x79, 0x73, 0x74, 0x65, 0x6d, 0x20, 0x56, 0x20, 
0x41, 0x42, 0x49, 0x00, 0x00, 0x00, 0x00, 0x00, 0x00, 0x00, 0x00, 0x00, 0x00, 0x00, 0x00, 0x00, 
0x00, 0x00, 0x00, 0x00, 0x00, 0x00, 0x00, 0x00, 0x00, 0x00, 0x00, 0x00, 0x00, 0x00, 0x00, 0x00, 
0x00, 0x00, 0x00, 0x00, 0x00, 0x00, 0x00, 0x00, 0x00, 0x00, 0x00, 0x00, 0x00, 0x00, 0x00, 0x00, 
0x00, 0x00, 0x00, 0x00, 0x00, 0x00, 0x00, 0x00, 0x00, 0x00, 0x00, 0x00, 0x00, 0x00, 0x00, 0x00, 
0x4d, 0x6f, 0x7a, 0x69, 0x6c, 0x6c, 0x61, 0x20, 0x46, 0x69, 0x72, 0x65, 0x66, 0x6f, 0x78, 0x20, 
0x2d, 0x20, 0x53, 0x74, 0x61, 0x72, 0x74, 0x20, 0x50, 0x61, 0x67, 0x65, 0x00, 0x00, 0x00, 0x00, 
0x00, 0x00, 0x00, 0x00, 0x00, 0x00, 0x00, 0x00, 0x00, 0x00, 0x00, 0x00, 0x00, 0x00, 0x00, 0x00, 
0x00, 0x00, 0x00, 0x00, 0x00, 0x00, 0x00, 0x00, 0x00, 0x00, 0x00, 0x00, 0x00, 0x00, 0x00, 0x00, 
0x61, 0x62, 0x6f, 0x75, 0x74, 0x3a, 0x66, 0x69, 0x72, 0x65, 0x66, 0x6f, 0x78, 0x00, 0x00, 0x00, 
0x00, 0x00, 0x00, 0x00, 0x00, 0x00, 0x00, 0x00, 0x00, 0x00, 0x00, 0x00, 0x00, 0x00, 0x00, 0x00, 
0x00, 0x00, 0x00, 0x00, 0x00, 0x00, 0x00, 0x00, 0x00, 0x00, 0x00, 0x00, 0x00, 0x00, 0x00, 0x00, 
0x00, 0x00, 0x00, 0x00, 0x00, 0x00, 0x00, 0x00, 0x00, 0x00, 0x00, 0x00, 0x00, 0x00, 0x00, 0x00, 
0x00, 0x00, 0x00, 0x00, 0x00, 0x00, 0x00, 0x00, 0x00, 0x00, 0x00, 0x00, 0x00, 0x00, 0x00, 0x00, 
0x00, 0x00, 0x00, 0x00, 0x00, 0x00, 0x00, 0x00, 0x00, 0x00, 0x00, 0x00, 0x00, 0x00, 0x00, 0x00, 
0x00, 0x00, 0x00, 0x00, 0x00, 0x00, 0x00, 0x00, 0x00, 0x00, 0x00, 0x00, 0x00, 0x00, 0x00, 0x00, 
0x00, 0x00, 0x00, 0x00, 0x00, 0x00, 0x00, 0x00, 0x00, 0x00, 0x00, 0x00, 0x00, 0x00, 0x00, 0x00, 
0x00, 0x00, 0x00, 0x00, 0x00, 0x00, 0x00, 0x00, 0x00, 0x00, 0x00, 0x00, 0x00, 0x00, 0x00, 0x00, 
0x00, 0x00, 0x00, 0x00, 0x00, 0x00, 0x00, 0x00, 0x00, 0x00, 0x00, 0x00, 0x00, 0x00, 0x00, 0x00, 
0x00, 0x00, 0x00, 0x00, 0x00, 0x00, 0x00, 0x00, 0x00, 0x00, 0x00, 0x00, 0x00, 0x00, 0x00, 0x00, 
0x00, 0x00, 0x00, 0x00, 0x00, 0x00, 0x00, 0x00, 0x00, 0x00, 0x00, 0x00, 0x00, 0x00, 0x00, 0x00, 
0x00, 0x00, 0x00, 0x00, 0x00, 0x00, 0x00, 0x00, 0x00, 0x00, 0x00, 0x00, 0x00, 0x00, 0x00, 0x00, 
0x00, 0x00, 0x00, 0x00, 0x00, 0x00, 0x00, 0x00, 0x00, 0x00, 0x00, 0x00, 0x00, 0x00, 0x00, 0x00, 
0x00, 0x00, 0x00, 0x00, 0x00, 0x00, 0x00, 0x00, 0x00, 0x00, 0x00, 0x00, 0x00, 0x00, 0x00, 0x00, 
0x00, 0x00, 0x00, 0x00, 0x00, 0x00, 0x00, 0x00, 0x00, 0x00, 0x00, 0x00, 0x00, 0x00, 0x00, 0x00, 
0x61, 0x62, 0x6f, 0x75, 0x74, 0x3a, 0x66, 0x69, 0x72, 0x65, 0x66, 0x6f, 0x78, 0x00, 0x00, 0x00, 
0x00, 0x00, 0x00, 0x00, 0x00, 0x00, 0x00, 0x00, 0x00, 0x00, 0x00, 0x00, 0x00, 0x00, 0x00, 0x00, 
0x00, 0x00, 0x00, 0x00, 0x00, 0x00, 0x00, 0x00, 0x00, 0x00, 0x00, 0x00, 0x00, 0x00, 0x00, 0x00, 
0x00, 0x00, 0x00, 0x00, 0x00, 0x00, 0x00, 0x00, 0x00, 0x00, 0x00, 0x00, 0x00, 0x00, 0x00, 0x00, 
0x00, 0x00, 0x00, 0x00, 0x00, 0x00, 0x00, 0x00, 0x00, 0x00, 0x00, 0x00, 0x00, 0x00, 0x00, 0x00, 
0x00, 0x00, 0x00, 0x00, 0x00, 0x00, 0x00, 0x00, 0x00, 0x00, 0x00, 0x00, 0x00, 0x00, 0x00, 0x00, 
0x00, 0x00, 0x00, 0x00, 0x00, 0x00, 0x00, 0x00, 0x00, 0x00, 0x00, 0x00, 0x00, 0x00, 0x00, 0x00, 
0x00, 0x00, 0x00, 0x00, 0x00, 0x00, 0x00, 0x00, 0x00, 0x00, 0x00, 0x00, 0x00, 0x00, 0x00, 0x00, 
0x00, 0x00, 0x00, 0x00, 0x00, 0x00, 0x00, 0x00, 0x00, 0x00, 0x00, 0x00, 0x00, 0x00, 0x00, 0x00, 
0x00, 0x00, 0x00, 0x00, 0x00, 0x00, 0x00, 0x00, 0x00, 0x00, 0x00, 0x00, 0x00, 0x00, 0x00, 0x00, 
0x00, 0x00, 0x00, 0x00, 0x00, 0x00, 0x00, 0x00, 0x00, 0x00, 0x00, 0x00, 0x00, 0x00, 0x00, 0x00, 
0x00, 0x00, 0x00, 0x00, 0x00, 0x00, 0x00, 0x00, 0x00, 0x00, 0x00, 0x00, 0x00, 0x00, 0x00, 0x00, 
0x00, 0x00, 0x00, 0x00, 0x00, 0x00, 0x00, 0x00, 0x00, 0x00, 0x00, 0x00, 0x00, 0x00, 0x00, 0x00, 
0x00, 0x00, 0x00, 0x00, 0x00, 0x00, 0x00, 0x00, 0x00, 0x00, 0x00, 0x00, 0x00, 0x00, 0x00, 0x00, 
0x00, 0x00, 0x00, 0x00, 0x00, 0x00, 0x00, 0x00, 0x00, 0x00, 0x00, 0x00, 0x00, 0x00, 0x00, 0x00, 
0x00, 0x00, 0x00, 0x00, 0x00, 0x00, 0x00, 0x00, 0x00, 0x00, 0x00, 0x00, 0x00, 0x00, 0x00, 0x00, 
0xff, 0xff, 0xff, 0xff, 0x47, 0x43, 0x43, 0x3a, 0x20, 0x28, 0x47, 0x4e, 0x55, 0x29, 0x20, 0x31, 
0x36, 0x2e, 0x32, 0x2e, 0x31, 0x20, 0x32, 0x30, 0x32, 0x36, 0x30, 0x38, 0x31, 0x39, 0x20, 0x28, 
0x52, 0x65, 0x64, 0x20, 0x48, 0x61, 0x74, 0x20, 0x31, 0x36, 0x2e, 0x32, 0x2e, 0x31, 0x2d, 0x32, 
0x29, 0x00, 0x00, 0x00, 0x00, 0x00, 0x00, 0x00, 0x00, 0x00, 0x00, 0x00, 0x00, 0x00, 0x00, 0x00, 
0x00, 0x00, 0x00, 0x00, 0x00, 0x00, 0x00, 0x00, 0x00, 0x00, 0x00, 0x00, 0x00, 0x00, 0x00, 0x00, 
0x01, 0x00, 0x00, 0x00, 0x04, 0x00, 0xf1, 0xff, 0x00, 0x00, 0x00, 0x00, 0x00, 0x00, 0x00, 0x00, 
0x00, 0x00, 0x00, 0x00, 0x00, 0x00, 0x00, 0x00, 0x0b, 0x00, 0x00, 0x00, 0x02, 0x00, 0x02, 0x00, 
0x30, 0x02, 0x40, 0x00, 0x00, 0x00, 0x00, 0x00, 0x82, 0x01, 0x00, 0x00, 0x00, 0x00, 0x00, 0x00, 
0x20, 0x00, 0x00, 0x00, 0x01, 0x00, 0x07, 0x00, 0xa0, 0x34, 0x41, 0x00, 0x00, 0x00, 0x00, 0x00, 
0x04, 0x00, 0x00, 0x00, 0x00, 0x00, 0x00, 0x00, 0x26, 0x00, 0x00, 0x00, 0x01, 0x00, 0x06, 0x00, 
0xe0, 0x72, 0x40, 0x00, 0x00, 0x00, 0x00, 0x00, 0x04, 0x00, 0x00, 0x00, 0x00, 0x00, 0x00, 0x00, 
0x2d, 0x00, 0x00, 0x00, 0x02, 0x00, 0x02, 0x00, 0xc0, 0x03, 0x40, 0x00, 0x00, 0x00, 0x00, 0x00, 
0x12, 0x01, 0x00, 0x00, 0x00, 0x00, 0x00, 0x00, 0x3a, 0x00, 0x00, 0x00, 0x01, 0x00, 0x07, 0x00, 
0x24, 0x83, 0x40, 0x00, 0x00, 0x00, 0x00, 0x00, 0x04, 0x00, 0x00, 0x00, 0x00, 0x00, 0x00, 0x00, 
0x47, 0x00, 0x00, 0x00, 0x01, 0x00, 0x07, 0x00, 0x40, 0x83, 0x40, 0x00, 0x00, 0x00, 0x00, 0x00, 
0x00, 0x12, 0x00, 0x00, 0x00, 0x00, 0x00, 0x00, 0x4f, 0x00, 0x00, 0x00, 0x02, 0x00, 0x02, 0x00, 
0xe0, 0x04, 0x40, 0x00, 0x00, 0x00, 0x00, 0x00, 0x12, 0x01, 0x00, 0x00, 0x00, 0x00, 0x00, 0x00, 
0x5c, 0x00, 0x00, 0x00, 0x01, 0x00, 0x07, 0x00, 0x80, 0xa0, 0x40, 0x00, 0x00, 0x00, 0x00, 0x00, 
0x04, 0x00, 0x00, 0x00, 0x00, 0x00, 0x00, 0x00, 0x69, 0x00, 0x00, 0x00, 0x01, 0x00, 0x07, 0x00, 
0xa0, 0xa0, 0x40, 0x00, 0x00, 0x00, 0x00, 0x00, 0x00, 0x94, 0x00, 0x00, 0x00, 0x00, 0x00, 0x00, 
0x71, 0x00, 0x00, 0x00, 0x02, 0x00, 0x02, 0x00, 0x00, 0x06, 0x40, 0x00, 0x00, 0x00, 0x00, 0x00, 
0x12, 0x01, 0x00, 0x00, 0x00, 0x00, 0x00, 0x00, 0x8a, 0x00, 0x00, 0x00, 0x02, 0x00, 0x02, 0x00, 
0x20, 0x07, 0x40, 0x00, 0x00, 0x00, 0x00, 0x00, 0x12, 0x01, 0x00, 0x00, 0x00, 0x00, 0x00, 0x00, 
0xa3, 0x00, 0x00, 0x00, 0x02, 0x00, 0x02, 0x00, 0x40, 0x08, 0x40, 0x00, 0x00, 0x00, 0x00, 0x00, 
0x90, 0x01, 0x00, 0x00, 0x00, 0x00, 0x00, 0x00, 0xb7, 0x00, 0x00, 0x00, 0x01, 0x00, 0x07, 0x00, 
0x40, 0x95, 0x40, 0x00, 0x00, 0x00, 0x00, 0x00, 0x04, 0x00, 0x00, 0x00, 0x00, 0x00, 0x00, 0x00, 
0xc4, 0x00, 0x00, 0x00, 0x01, 0x00, 0x06, 0x00, 0xa0, 0x70, 0x40, 0x00, 0x00, 0x00, 0x00, 0x00, 
0x40, 0x00, 0x00, 0x00, 0x00, 0x00, 0x00, 0x00, 0xd1, 0x00, 0x00, 0x00, 0x01, 0x00, 0x07, 0x00, 
0x80, 0x9a, 0x40, 0x00, 0x00, 0x00, 0x00, 0x00, 0x00, 0x06, 0x00, 0x00, 0x00, 0x00, 0x00, 0x00, 
0xd9, 0x00, 0x00, 0x00, 0x01, 0x00, 0x07, 0x00, 0x60, 0x9a, 0x40, 0x00, 0x00, 0x00, 0x00, 0x00, 
0x04, 0x00, 0x00, 0x00, 0x00, 0x00, 0x00, 0x00, 0xe6, 0x00, 0x00, 0x00, 0x02, 0x00, 0x02, 0x00, 
0xd0, 0x09, 0x40, 0x00, 0x00, 0x00, 0x00, 0x00, 0x98, 0x03, 0x00, 0x00, 0x00, 0x00, 0x00, 0x00, 
0xf8, 0x00, 0x00, 0x00, 0x01, 0x00, 0x07, 0x00, 0x60, 0x95, 0x40, 0x00, 0x00, 0x00, 0x00, 0x00, 
0x00, 0x05, 0x00, 0x00, 0x00, 0x00, 0x00, 0x00, 0x00, 0x01, 0x00, 0x00, 0x02, 0x00, 0x02, 0x00, 
0x70, 0x0d, 0x40, 0x00, 0x00, 0x00, 0x00, 0x00, 0xe0, 0x10, 0x00, 0x00, 0x00, 0x00, 0x00, 0x00, 
0x0f, 0x01, 0x00, 0x00, 0x01, 0x00, 0x06, 0x00, 0x00, 0x70, 0x40, 0x00, 0x00, 0x00, 0x00, 0x00, 
0x04, 0x00, 0x00, 0x00, 0x00, 0x00, 0x00, 0x00, 0x1a, 0x01, 0x00, 0x00, 0x01, 0x00, 0x07, 0x00, 
0x18, 0x73, 0x40, 0x00, 0x00, 0x00, 0x00, 0x00, 0x04, 0x00, 0x00, 0x00, 0x00, 0x00, 0x00, 0x00, 
0x27, 0x01, 0x00, 0x00, 0x01, 0x00, 0x07, 0x00, 0x20, 0x83, 0x40, 0x00, 0x00, 0x00, 0x00, 0x00, 
0x04, 0x00, 0x00, 0x00, 0x00, 0x00, 0x00, 0x00, 0x37, 0x01, 0x00, 0x00, 0x01, 0x00, 0x06, 0x00, 
0xe0, 0x70, 0x40, 0x00, 0x00, 0x00, 0x00, 0x00, 0x00, 0x01, 0x00, 0x00, 0x00, 0x00, 0x00, 0x00, 
0x43, 0x01, 0x00, 0x00, 0x01, 0x00, 0x06, 0x00, 0x20, 0x70, 0x40, 0x00, 0x00, 0x00, 0x00, 0x00, 
0x80, 0x00, 0x00, 0x00, 0x00, 0x00, 0x00, 0x00, 0x50, 0x01, 0x00, 0x00, 0x02, 0x00, 0x02, 0x00, 
0x50, 0x22, 0x40, 0x00, 0x00, 0x00, 0x00, 0x00, 0x3a, 0x05, 0x00, 0x00, 0x00, 0x00, 0x00, 0x00, 
0x6a, 0x01, 0x00, 0x00, 0x02, 0x00, 0x02, 0x00, 0x90, 0x27, 0x40, 0x00, 0x00, 0x00, 0x00, 0x00, 
0x1d, 0x0d, 0x00, 0x00, 0x00, 0x00, 0x00, 0x00, 0x7d, 0x01, 0x00, 0x00, 0x01, 0x00, 0x06, 0x00, 
0xe0, 0x71, 0x40, 0x00, 0x00, 0x00, 0x00, 0x00, 0x00, 0x01, 0x00, 0x00, 0x00, 0x00, 0x00, 0x00, 
0x83, 0x01, 0x00, 0x00, 0x01, 0x00, 0x07, 0x00, 0x20, 0x73, 0x40, 0x00, 0x00, 0x00, 0x00, 0x00, 
0x00, 0x10, 0x00, 0x00, 0x00, 0x00, 0x00, 0x00, 0x8d, 0x01, 0x00, 0x00, 0x01, 0x00, 0x07, 0x00, 
0x00, 0x73, 0x40, 0x00, 0x00, 0x00, 0x00, 0x00, 0x18, 0x00, 0x00, 0x00, 0x00, 0x00, 0x00, 0x00, 
0x93, 0x01, 0x00, 0x00, 0x12, 0x00, 0x02, 0x00, 0xd0, 0x1f, 0x40, 0x00, 0x00, 0x00, 0x00, 0x00, 
0x23, 0x00, 0x00, 0x00, 0x00, 0x00, 0x00, 0x00, 0x9a, 0x01, 0x00, 0x00, 0x12, 0x00, 0x02, 0x00, 
0x40, 0x1f, 0x40, 0x00, 0x00, 0x00, 0x00, 0x00, 0x51, 0x00, 0x00, 0x00, 0x00, 0x00, 0x00, 0x00, 
0xa2, 0x01, 0x00, 0x00, 0x12, 0x00, 0x02, 0x00, 0x50, 0x1e, 0x40, 0x00, 0x00, 0x00, 0x00, 0x00, 
0x24, 0x00, 0x00, 0x00, 0x00, 0x00, 0x00, 0x00, 0xa9, 0x01, 0x00, 0x00, 0x12, 0x00, 0x02, 0x00, 
0xe0, 0x20, 0x40, 0x00, 0x00, 0x00, 0x00, 0x00, 0x4f, 0x00, 0x00, 0x00, 0x00, 0x00, 0x00, 0x00, 
0xcc, 0x01, 0x00, 0x00, 0x10, 0x00, 0x02, 0x00, 0x00, 0x02, 0x40, 0x00, 0x00, 0x00, 0x00, 0x00, 
0x00, 0x00, 0x00, 0x00, 0x00, 0x00, 0x00, 0x00, 0xb0, 0x01, 0x00, 0x00, 0x12, 0x00, 0x02, 0x00, 
0xf0, 0x21, 0x40, 0x00, 0x00, 0x00, 0x00, 0x00, 0x5e, 0x00, 0x00, 0x00, 0x00, 0x00, 0x00, 0x00, 
0xb7, 0x01, 0x00, 0x00, 0x12, 0x00, 0x02, 0x00, 0x60, 0x21, 0x40, 0x00, 0x00, 0x00, 0x00, 0x00, 
0x43, 0x00, 0x00, 0x00, 0x00, 0x00, 0x00, 0x00, 0xbf, 0x01, 0x00, 0x00, 0x12, 0x00, 0x02, 0x00, 
0x00, 0x20, 0x40, 0x00, 0x00, 0x00, 0x00, 0x00, 0xd6, 0x00, 0x00, 0x00, 0x00, 0x00, 0x00, 0x00, 
0xc7, 0x01, 0x00, 0x00, 0x10, 0x00, 0x07, 0x00, 0x00, 0x73, 0x40, 0x00, 0x00, 0x00, 0x00, 0x00, 
0x00, 0x00, 0x00, 0x00, 0x00, 0x00, 0x00, 0x00, 0xd3, 0x01, 0x00, 0x00, 0x12, 0x00, 0x02, 0x00, 
0x80, 0x1e, 0x40, 0x00, 0x00, 0x00, 0x00, 0x00, 0xba, 0x00, 0x00, 0x00, 0x00, 0x00, 0x00, 0x00, 
0xda, 0x01, 0x00, 0x00, 0x12, 0x00, 0x02, 0x00, 0x30, 0x21, 0x40, 0x00, 0x00, 0x00, 0x00, 0x00, 
0x2b, 0x00, 0x00, 0x00, 0x00, 0x00, 0x00, 0x00, 0xe1, 0x01, 0x00, 0x00, 0x10, 0x00, 0x06, 0x00, 
0xe4, 0x72, 0x40, 0x00, 0x00, 0x00, 0x00, 0x00, 0x00, 0x00, 0x00, 0x00, 0x00, 0x00, 0x00, 0x00, 
0xe8, 0x01, 0x00, 0x00, 0x10, 0x00, 0x07, 0x00, 0xa8, 0x34, 0x41, 0x00, 0x00, 0x00, 0x00, 0x00, 
0x00, 0x00, 0x00, 0x00, 0x00, 0x00, 0x00, 0x00, 0xed, 0x01, 0x00, 0x00, 0x12, 0x00, 0x02, 0x00, 
0xb0, 0x34, 0x40, 0x00, 0x00, 0x00, 0x00, 0x00, 0x64, 0x0d, 0x00, 0x00, 0x00, 0x00, 0x00, 0x00, 
0xfa, 0x01, 0x00, 0x00, 0x12, 0x00, 0x02, 0x00, 0xa0, 0x1f, 0x40, 0x00, 0x00, 0x00, 0x00, 0x00, 
0x2b, 0x00, 0x00, 0x00, 0x00, 0x00, 0x00, 0x00, 0x01, 0x02, 0x00, 0x00, 0x12, 0x00, 0x02, 0x00, 
0xb0, 0x21, 0x40, 0x00, 0x00, 0x00, 0x00, 0x00, 0x31, 0x00, 0x00, 0x00, 0x00, 0x00, 0x00, 0x00, 
0x00, 0x66, 0x69, 0x72, 0x65, 0x66, 0x6f, 0x78, 0x2e, 0x63, 0x00, 0x64, 0x77, 0x73, 0x5f, 0x64, 
0x72, 0x61, 0x77, 0x5f, 0x74, 0x65, 0x78, 0x74, 0x2e, 0x70, 0x61, 0x72, 0x74, 0x2e, 0x30, 0x00, 
0x67, 0x5f, 0x77, 0x69, 0x64, 0x00, 0x64, 0x77, 0x73, 0x5f, 0x66, 0x64, 0x00, 0x64, 0x6f, 0x6d, 
0x5f, 0x61, 0x64, 0x64, 0x5f, 0x6c, 0x69, 0x6e, 0x6b, 0x00, 0x67, 0x5f, 0x6c, 0x69, 0x6e, 0x6b, 
0x5f, 0x63, 0x6f, 0x75, 0x6e, 0x74, 0x00, 0x67, 0x5f, 0x6c, 0x69, 0x6e, 0x6b, 0x73, 0x00, 0x64, 
0x6f, 0x6d, 0x5f, 0x61, 0x64, 0x64, 0x5f, 0x74, 0x65, 0x78, 0x74, 0x00, 0x67, 0x5f, 0x74, 0x65, 
0x78, 0x74, 0x5f, 0x63, 0x6f, 0x75, 0x6e, 0x74, 0x00, 0x67, 0x5f, 0x74, 0x65, 0x78, 0x74, 0x73, 
0x00, 0x64, 0x6f, 0x6d, 0x5f, 0x61, 0x64, 0x64, 0x5f, 0x74, 0x65, 0x78, 0x74, 0x2e, 0x63, 0x6f, 
0x6e, 0x73, 0x74, 0x70, 0x72, 0x6f, 0x70, 0x2e, 0x30, 0x00, 0x64, 0x6f, 0x6d, 0x5f, 0x61, 0x64, 
0x64, 0x5f, 0x74, 0x65, 0x78, 0x74, 0x2e, 0x63, 0x6f, 0x6e, 0x73, 0x74, 0x70, 0x72, 0x6f, 0x70, 
0x2e, 0x31, 0x00, 0x6c, 0x6f, 0x61, 0x64, 0x5f, 0x70, 0x61, 0x67, 0x65, 0x5f, 0x6e, 0x6f, 0x74, 
0x5f, 0x66, 0x6f, 0x75, 0x6e, 0x64, 0x00, 0x67, 0x5f, 0x6c, 0x69, 0x6e, 0x65, 0x5f, 0x63, 0x6f, 
0x75, 0x6e, 0x74, 0x00, 0x67, 0x5f, 0x70, 0x61, 0x67, 0x65, 0x5f, 0x74, 0x69, 0x74, 0x6c, 0x65, 
0x00, 0x67, 0x5f, 0x72, 0x65, 0x63, 0x74, 0x73, 0x00, 0x67, 0x5f, 0x72, 0x65, 0x63, 0x74, 0x5f, 
0x63, 0x6f, 0x75, 0x6e, 0x74, 0x00, 0x6c, 0x6f, 0x61, 0x64, 0x5f, 0x70, 0x61, 0x67, 0x65, 0x5f, 
0x66, 0x69, 0x72, 0x65, 0x66, 0x6f, 0x78, 0x00, 0x67, 0x5f, 0x6c, 0x69, 0x6e, 0x65, 0x73, 0x00, 
0x72, 0x65, 0x6e, 0x64, 0x65, 0x72, 0x5f, 0x66, 0x69, 0x72, 0x65, 0x66, 0x6f, 0x78, 0x00, 0x67, 
0x5f, 0x68, 0x69, 0x73, 0x74, 0x5f, 0x70, 0x6f, 0x73, 0x00, 0x67, 0x5f, 0x68, 0x69, 0x73, 0x74, 
0x5f, 0x63, 0x6f, 0x75, 0x6e, 0x74, 0x00, 0x67, 0x5f, 0x69, 0x6e, 0x70, 0x75, 0x74, 0x5f, 0x66, 
0x6f, 0x63, 0x75, 0x73, 0x65, 0x64, 0x00, 0x67, 0x5f, 0x69, 0x6e, 0x70, 0x75, 0x74, 0x5f, 0x75, 
0x72, 0x6c, 0x00, 0x67, 0x5f, 0x73, 0x74, 0x61, 0x74, 0x75, 0x73, 0x5f, 0x6d, 0x73, 0x67, 0x00, 
0x6c, 0x6f, 0x61, 0x64, 0x5f, 0x68, 0x74, 0x74, 0x70, 0x5f, 0x75, 0x72, 0x6c, 0x2e, 0x63, 0x6f, 
0x6e, 0x73, 0x74, 0x70, 0x72, 0x6f, 0x70, 0x2e, 0x30, 0x00, 0x6e, 0x61, 0x76, 0x69, 0x67, 0x61, 
0x74, 0x65, 0x5f, 0x74, 0x6f, 0x2e, 0x70, 0x61, 0x72, 0x74, 0x2e, 0x30, 0x00, 0x67, 0x5f, 0x75, 
0x72, 0x6c, 0x00, 0x67, 0x5f, 0x68, 0x69, 0x73, 0x74, 0x6f, 0x72, 0x79, 0x00, 0x74, 0x63, 0x62, 
0x2e, 0x30, 0x00, 0x73, 0x74, 0x72, 0x63, 0x70, 0x79, 0x00, 0x6d, 0x65, 0x6d, 0x6d, 0x6f, 0x76, 
0x65, 0x00, 0x6d, 0x65, 0x6d, 0x63, 0x70, 0x79, 0x00, 0x73, 0x74, 0x72, 0x63, 0x61, 0x74, 0x00, 
0x73, 0x74, 0x72, 0x73, 0x74, 0x72, 0x00, 0x73, 0x74, 0x72, 0x6e, 0x63, 0x6d, 0x70, 0x00, 0x73, 
0x74, 0x72, 0x6e, 0x63, 0x70, 0x79, 0x00, 0x5f, 0x5f, 0x62, 0x73, 0x73, 0x5f, 0x73, 0x74, 0x61, 
0x72, 0x74, 0x00, 0x6d, 0x65, 0x6d, 0x73, 0x65, 0x74, 0x00, 0x73, 0x74, 0x72, 0x63, 0x6d, 0x70, 
0x00, 0x5f, 0x65, 0x64, 0x61, 0x74, 0x61, 0x00, 0x5f, 0x65, 0x6e, 0x64, 0x00, 0x66, 0x69, 0x72, 
0x65, 0x66, 0x6f, 0x78, 0x5f, 0x6d, 0x61, 0x69, 0x6e, 0x00, 0x73, 0x74, 0x72, 0x6c, 0x65, 0x6e, 
0x00, 0x73, 0x74, 0x72, 0x63, 0x68, 0x72, 0x00, 0x00, 0x2e, 0x73, 0x79, 0x6d, 0x74, 0x61, 0x62, 
0x00, 0x2e, 0x73, 0x74, 0x72, 0x74, 0x61, 0x62, 0x00, 0x2e, 0x73, 0x68, 0x73, 0x74, 0x72, 0x74, 
0x61, 0x62, 0x00, 0x2e, 0x6e, 0x6f, 0x74, 0x65, 0x2e, 0x67, 0x6e, 0x75, 0x2e, 0x62, 0x75, 0x69, 
0x6c, 0x64, 0x2d, 0x69, 0x64, 0x00, 0x2e, 0x74, 0x65, 0x78, 0x74, 0x00, 0x2e, 0x72, 0x6f, 0x64, 
0x61, 0x74, 0x61, 0x00, 0x2e, 0x65, 0x68, 0x5f, 0x66, 0x72, 0x61, 0x6d, 0x65, 0x00, 0x2e, 0x6e, 
0x6f, 0x74, 0x65, 0x2e, 0x67, 0x6e, 0x75, 0x2e, 0x70, 0x72, 0x6f, 0x70, 0x65, 0x72, 0x74, 0x79, 
0x00, 0x2e, 0x64, 0x61, 0x74, 0x61, 0x00, 0x2e, 0x62, 0x73, 0x73, 0x00, 0x2e, 0x63, 0x6f, 0x6d, 
0x6d, 0x65, 0x6e, 0x74, 0x00, 0x00, 0x00, 0x00, 0x00, 0x00, 0x00, 0x00, 0x00, 0x00, 0x00, 0x00, 
0x00, 0x00, 0x00, 0x00, 0x00, 0x00, 0x00, 0x00, 0x00, 0x00, 0x00, 0x00, 0x00, 0x00, 0x00, 0x00, 
0x00, 0x00, 0x00, 0x00, 0x00, 0x00, 0x00, 0x00, 0x00, 0x00, 0x00, 0x00, 0x00, 0x00, 0x00, 0x00, 
0x00, 0x00, 0x00, 0x00, 0x00, 0x00, 0x00, 0x00, 0x00, 0x00, 0x00, 0x00, 0x00, 0x00, 0x00, 0x00, 
0x00, 0x00, 0x00, 0x00, 0x00, 0x00, 0x00, 0x00, 0x1b, 0x00, 0x00, 0x00, 0x07, 0x00, 0x00, 0x00, 
0x02, 0x00, 0x00, 0x00, 0x00, 0x00, 0x00, 0x00, 0xc8, 0x01, 0x40, 0x00, 0x00, 0x00, 0x00, 0x00, 
0xc8, 0x01, 0x00, 0x00, 0x00, 0x00, 0x00, 0x00, 0x24, 0x00, 0x00, 0x00, 0x00, 0x00, 0x00, 0x00, 
0x00, 0x00, 0x00, 0x00, 0x00, 0x00, 0x00, 0x00, 0x04, 0x00, 0x00, 0x00, 0x00, 0x00, 0x00, 0x00, 
0x00, 0x00, 0x00, 0x00, 0x00, 0x00, 0x00, 0x00, 0x2e, 0x00, 0x00, 0x00, 0x01, 0x00, 0x00, 0x00, 
0x06, 0x00, 0x00, 0x00, 0x00, 0x00, 0x00, 0x00, 0x00, 0x02, 0x40, 0x00, 0x00, 0x00, 0x00, 0x00, 
0x00, 0x02, 0x00, 0x00, 0x00, 0x00, 0x00, 0x00, 0x14, 0x40, 0x00, 0x00, 0x00, 0x00, 0x00, 0x00, 
0x00, 0x00, 0x00, 0x00, 0x00, 0x00, 0x00, 0x00, 0x40, 0x00, 0x00, 0x00, 0x00, 0x00, 0x00, 0x00, 
0x00, 0x00, 0x00, 0x00, 0x00, 0x00, 0x00, 0x00, 0x34, 0x00, 0x00, 0x00, 0x01, 0x00, 0x00, 0x00, 
0x02, 0x00, 0x00, 0x00, 0x00, 0x00, 0x00, 0x00, 0x00, 0x50, 0x40, 0x00, 0x00, 0x00, 0x00, 0x00, 
0x00, 0x50, 0x00, 0x00, 0x00, 0x00, 0x00, 0x00, 0x00, 0x10, 0x00, 0x00, 0x00, 0x00, 0x00, 0x00, 
0x00, 0x00, 0x00, 0x00, 0x00, 0x00, 0x00, 0x00, 0x10, 0x00, 0x00, 0x00, 0x00, 0x00, 0x00, 0x00, 
0x00, 0x00, 0x00, 0x00, 0x00, 0x00, 0x00, 0x00, 0x3c, 0x00, 0x00, 0x00, 0x01, 0x00, 0x00, 0x00, 
0x02, 0x00, 0x00, 0x00, 0x00, 0x00, 0x00, 0x00, 0x00, 0x60, 0x40, 0x00, 0x00, 0x00, 0x00, 0x00, 
0x00, 0x60, 0x00, 0x00, 0x00, 0x00, 0x00, 0x00, 0x58, 0x02, 0x00, 0x00, 0x00, 0x00, 0x00, 0x00, 
0x00, 0x00, 0x00, 0x00, 0x00, 0x00, 0x00, 0x00, 0x08, 0x00, 0x00, 0x00, 0x00, 0x00, 0x00, 0x00, 
0x00, 0x00, 0x00, 0x00, 0x00, 0x00, 0x00, 0x00, 0x46, 0x00, 0x00, 0x00, 0x07, 0x00, 0x00, 0x00, 
0x02, 0x00, 0x00, 0x00, 0x00, 0x00, 0x00, 0x00, 0x58, 0x62, 0x40, 0x00, 0x00, 0x00, 0x00, 0x00, 
0x58, 0x62, 0x00, 0x00, 0x00, 0x00, 0x00, 0x00, 0x30, 0x00, 0x00, 0x00, 0x00, 0x00, 0x00, 0x00, 
0x00, 0x00, 0x00, 0x00, 0x00, 0x00, 0x00, 0x00, 0x08, 0x00, 0x00, 0x00, 0x00, 0x00, 0x00, 0x00, 
0x00, 0x00, 0x00, 0x00, 0x00, 0x00, 0x00, 0x00, 0x59, 0x00, 0x00, 0x00, 0x01, 0x00, 0x00, 0x00, 
0x03, 0x00, 0x00, 0x00, 0x00, 0x00, 0x00, 0x00, 0x00, 0x70, 0x40, 0x00, 0x00, 0x00, 0x00, 0x00, 
0x00, 0x70, 0x00, 0x00, 0x00, 0x00, 0x00, 0x00, 0xe4, 0x02, 0x00, 0x00, 0x00, 0x00, 0x00, 0x00, 
0x00, 0x00, 0x00, 0x00, 0x00, 0x00, 0x00, 0x00, 0x20, 0x00, 0x00, 0x00, 0x00, 0x00, 0x00, 0x00, 
0x00, 0x00, 0x00, 0x00, 0x00, 0x00, 0x00, 0x00, 0x5f, 0x00, 0x00, 0x00, 0x08, 0x00, 0x00, 0x00, 
0x03, 0x00, 0x00, 0x00, 0x00, 0x00, 0x00, 0x00, 0x00, 0x73, 0x40, 0x00, 0x00, 0x00, 0x00, 0x00, 
0xe4, 0x72, 0x00, 0x00, 0x00, 0x00, 0x00, 0x00, 0xa8, 0xc1, 0x00, 0x00, 0x00, 0x00, 0x00, 0x00, 
0x00, 0x00, 0x00, 0x00, 0x00, 0x00, 0x00, 0x00, 0x20, 0x00, 0x00, 0x00, 0x00, 0x00, 0x00, 0x00, 
0x00, 0x00, 0x00, 0x00, 0x00, 0x00, 0x00, 0x00, 0x64, 0x00, 0x00, 0x00, 0x01, 0x00, 0x00, 0x00, 
0x30, 0x00, 0x00, 0x00, 0x00, 0x00, 0x00, 0x00, 0x00, 0x00, 0x00, 0x00, 0x00, 0x00, 0x00, 0x00, 
0xe4, 0x72, 0x00, 0x00, 0x00, 0x00, 0x00, 0x00, 0x2e, 0x00, 0x00, 0x00, 0x00, 0x00, 0x00, 0x00, 
0x00, 0x00, 0x00, 0x00, 0x00, 0x00, 0x00, 0x00, 0x01, 0x00, 0x00, 0x00, 0x00, 0x00, 0x00, 0x00, 
0x01, 0x00, 0x00, 0x00, 0x00, 0x00, 0x00, 0x00, 0x01, 0x00, 0x00, 0x00, 0x02, 0x00, 0x00, 0x00, 
0x00, 0x00, 0x00, 0x00, 0x00, 0x00, 0x00, 0x00, 0x00, 0x00, 0x00, 0x00, 0x00, 0x00, 0x00, 0x00, 
0x18, 0x73, 0x00, 0x00, 0x00, 0x00, 0x00, 0x00, 0x68, 0x04, 0x00, 0x00, 0x00, 0x00, 0x00, 0x00, 
0x0a, 0x00, 0x00, 0x00, 0x1f, 0x00, 0x00, 0x00, 0x08, 0x00, 0x00, 0x00, 0x00, 0x00, 0x00, 0x00, 
0x18, 0x00, 0x00, 0x00, 0x00, 0x00, 0x00, 0x00, 0x09, 0x00, 0x00, 0x00, 0x03, 0x00, 0x00, 0x00, 
0x00, 0x00, 0x00, 0x00, 0x00, 0x00, 0x00, 0x00, 0x00, 0x00, 0x00, 0x00, 0x00, 0x00, 0x00, 0x00, 
0x80, 0x77, 0x00, 0x00, 0x00, 0x00, 0x00, 0x00, 0x08, 0x02, 0x00, 0x00, 0x00, 0x00, 0x00, 0x00, 
0x00, 0x00, 0x00, 0x00, 0x00, 0x00, 0x00, 0x00, 0x01, 0x00, 0x00, 0x00, 0x00, 0x00, 0x00, 0x00, 
0x00, 0x00, 0x00, 0x00, 0x00, 0x00, 0x00, 0x00, 0x11, 0x00, 0x00, 0x00, 0x03, 0x00, 0x00, 0x00, 
0x00, 0x00, 0x00, 0x00, 0x00, 0x00, 0x00, 0x00, 0x00, 0x00, 0x00, 0x00, 0x00, 0x00, 0x00, 0x00, 
0x88, 0x79, 0x00, 0x00, 0x00, 0x00, 0x00, 0x00, 0x6d, 0x00, 0x00, 0x00, 0x00, 0x00, 0x00, 0x00, 
0x00, 0x00, 0x00, 0x00, 0x00, 0x00, 0x00, 0x00, 0x01, 0x00, 0x00, 0x00, 0x00, 0x00, 0x00, 0x00, 
0x00, 0x00, 0x00, 0x00, 0x00, 0x00, 0x00, 0x00, 
};

const size_t bin_firefox_data_len = 31992;
